,subject,congruency,rt,acc,task
0,1,congruent,0.6016571820000001,1,flanker
1,1,congruent,0.451429318,1,flanker
2,1,congruent,0.41809706599999996,1,flanker
3,1,incongruent,0.451436473,1,flanker
4,1,congruent,0.401312413,1,flanker
5,1,incongruent,0.434748879,1,flanker
6,1,incongruent,0.468159853,1,flanker
7,1,congruent,0.468054933,1,flanker
8,1,congruent,0.434717557,1,flanker
9,1,incongruent,0.468138368,1,flanker
10,1,incongruent,0.401420386,0,flanker
11,1,congruent,0.501502385,1,flanker
12,1,incongruent,0.48480167,1,flanker
13,1,incongruent,0.40127140000000006,1,flanker
14,1,incongruent,0.401348827,1,flanker
15,1,congruent,0.368009617,1,flanker
16,1,congruent,0.384618948,1,flanker
17,1,incongruent,0.434765664,1,flanker
18,1,incongruent,0.434797407,1,flanker
19,1,incongruent,0.45147105499999995,1,flanker
20,1,congruent,0.634901288,1,flanker
21,1,congruent,0.551524988,1,flanker
22,1,congruent,0.434764515,1,flanker
23,1,incongruent,0.401427847,1,flanker
24,1,incongruent,0.451482596,1,flanker
25,1,incongruent,0.451454197,1,flanker
26,1,congruent,0.41809673199999997,1,flanker
27,1,congruent,0.43478627599999997,1,flanker
28,1,incongruent,0.518179269,1,flanker
29,1,incongruent,0.534772773,1,flanker
30,1,congruent,0.384663452,1,flanker
31,1,congruent,0.518139295,1,flanker
32,1,congruent,0.38438835699999996,1,flanker
33,1,incongruent,0.434728884,1,flanker
34,1,congruent,0.43476241800000004,1,flanker
35,1,incongruent,0.484856766,1,flanker
36,1,congruent,0.38475615399999996,1,flanker
37,1,incongruent,0.368044894,1,flanker
38,1,incongruent,0.48483421299999996,1,flanker
39,1,congruent,0.401446324,1,flanker
40,1,congruent,0.401292396,1,flanker
41,1,incongruent,0.36805852099999997,1,flanker
42,1,incongruent,0.418076029,1,flanker
43,1,congruent,0.434829022,1,flanker
44,1,incongruent,0.501486927,1,flanker
45,1,incongruent,0.468111695,1,flanker
46,1,congruent,0.384623084,1,flanker
47,1,congruent,0.384755575,1,flanker
48,1,incongruent,0.43484495199999995,1,flanker
49,1,incongruent,0.518190457,1,flanker
50,1,congruent,0.451403485,1,flanker
51,1,incongruent,0.41803578399999997,1,flanker
52,1,congruent,0.484764278,1,flanker
53,1,congruent,0.46815114599999996,1,flanker
54,1,congruent,0.451504961,1,flanker
55,1,incongruent,0.518219917,1,flanker
56,1,congruent,1.068847949,1,flanker
57,1,congruent,0.351293628,1,flanker
58,1,incongruent,0.384773254,1,flanker
59,1,congruent,0.468133776,0,flanker
60,1,congruent,0.451471951,1,flanker
61,1,congruent,0.434748685,1,flanker
62,1,congruent,0.35137072999999996,1,flanker
63,1,congruent,0.334648459,1,flanker
64,1,incongruent,0.518082765,1,flanker
65,1,incongruent,0.401349963,1,flanker
66,1,incongruent,0.434807642,1,flanker
67,1,congruent,0.401045074,1,flanker
68,1,incongruent,0.468137258,1,flanker
69,1,congruent,0.484807741,1,flanker
70,1,incongruent,0.41806924700000003,1,flanker
71,1,incongruent,0.451382255,1,flanker
72,1,incongruent,0.451469793,0,flanker
73,1,congruent,0.501418948,1,flanker
74,1,incongruent,0.401411123,1,flanker
75,1,incongruent,0.484587289,1,flanker
76,1,congruent,0.334656902,1,flanker
77,1,congruent,0.45133425899999996,1,flanker
78,1,incongruent,0.451463351,1,flanker
79,1,incongruent,0.40145376299999996,1,flanker
80,1,incongruent,0.785052375,1,flanker
81,1,incongruent,0.401439349,1,flanker
82,1,incongruent,0.618376038,1,flanker
83,1,incongruent,0.367933358,1,flanker
84,1,congruent,0.384714349,1,flanker
85,1,incongruent,0.401421201,1,flanker
86,1,congruent,0.501371597,1,flanker
87,1,incongruent,0.317981919,1,flanker
88,1,incongruent,0.434750471,1,flanker
89,1,congruent,0.468100028,1,flanker
90,1,incongruent,0.418056492,1,flanker
91,1,incongruent,0.434819131,1,flanker
92,1,incongruent,0.38474295799999997,1,flanker
93,1,incongruent,0.36799121300000004,1,flanker
94,1,incongruent,0.384768595,1,flanker
95,1,congruent,0.317990245,1,flanker
96,1,congruent,0.318032131,1,flanker
97,1,congruent,0.351305045,1,flanker
98,1,congruent,0.31789507,1,flanker
99,1,congruent,0.401367605,1,flanker
100,1,congruent,0.301296206,1,flanker
101,1,congruent,0.267978084,1,flanker
102,1,congruent,0.40135664600000004,1,flanker
103,1,incongruent,0.368006549,0,flanker
104,1,congruent,0.351274347,1,flanker
105,1,incongruent,0.384751287,0,flanker
106,1,incongruent,0.468077558,1,flanker
107,1,congruent,0.45151637899999997,1,flanker
108,1,congruent,0.368040418,1,flanker
109,1,incongruent,0.418106649,1,flanker
110,1,congruent,0.334637983,1,flanker
111,1,congruent,0.334647211,1,flanker
112,1,congruent,0.518266228,1,flanker
113,1,incongruent,0.468122295,1,flanker
114,1,incongruent,0.384570576,1,flanker
115,1,congruent,0.434750121,1,flanker
116,1,incongruent,0.368047647,0,flanker
117,1,congruent,0.401424616,1,flanker
118,1,congruent,0.451490414,1,flanker
119,1,congruent,0.45146405,1,flanker
120,1,incongruent,0.484859353,1,flanker
121,1,congruent,0.46819467600000003,1,flanker
122,1,incongruent,0.384746462,1,flanker
123,1,incongruent,0.5516846900000001,1,flanker
124,1,incongruent,0.5349030229999999,1,flanker
125,1,incongruent,0.518168546,1,flanker
126,1,congruent,0.50157323,1,flanker
127,1,congruent,0.401415633,1,flanker
128,1,congruent,0.418086229,1,flanker
129,1,incongruent,0.501472517,1,flanker
130,1,incongruent,0.45148507,1,flanker
131,1,incongruent,0.40144571,1,flanker
132,1,congruent,0.46815889299999996,1,flanker
133,1,incongruent,0.45144885,1,flanker
134,1,incongruent,0.45142062,1,flanker
135,1,incongruent,0.46819719800000004,1,flanker
136,1,congruent,0.33455195800000004,1,flanker
137,1,congruent,0.26795487300000004,1,flanker
138,1,incongruent,0.41802952299999996,1,flanker
139,1,incongruent,0.401348279,1,flanker
140,1,congruent,0.6517136410000001,1,flanker
141,1,congruent,0.401401832,1,flanker
142,1,congruent,0.334652004,1,flanker
143,1,congruent,0.401410726,1,flanker
144,1,incongruent,0.468166805,1,flanker
145,1,congruent,0.368040573,1,flanker
146,1,incongruent,0.46808926100000003,1,flanker
147,1,incongruent,0.418075922,1,flanker
148,1,congruent,0.38472693500000005,1,flanker
149,1,incongruent,0.384598544,1,flanker
150,1,incongruent,0.434824321,1,flanker
151,1,incongruent,0.434795205,1,flanker
152,1,incongruent,0.66822789,1,flanker
153,1,incongruent,0.384672136,1,flanker
154,1,congruent,0.401377954,1,flanker
155,1,congruent,0.384713773,1,flanker
156,1,congruent,0.4014142,1,flanker
157,1,incongruent,0.401410617,1,flanker
158,1,congruent,0.401436609,1,flanker
159,1,congruent,0.401463544,1,flanker
160,1,congruent,0.40126419199999996,1,flanker
161,1,congruent,0.351347445,1,flanker
162,1,incongruent,0.401409167,1,flanker
163,1,incongruent,0.367973121,1,flanker
164,1,congruent,0.368067561,1,flanker
165,1,congruent,0.401355069,1,flanker
166,1,incongruent,0.401408188,1,flanker
167,1,congruent,0.38465627799999996,1,flanker
168,1,congruent,0.3680168,1,flanker
169,1,congruent,0.33468058500000003,1,flanker
170,1,incongruent,0.40141203999999997,1,flanker
171,1,incongruent,0.468104799,1,flanker
172,1,congruent,0.367995087,1,flanker
173,1,congruent,0.367908581,1,flanker
174,1,incongruent,0.35132629600000004,0,flanker
175,1,congruent,0.501565753,1,flanker
176,1,congruent,0.384706082,1,flanker
177,1,congruent,0.401438695,1,flanker
178,1,congruent,0.418101069,1,flanker
179,1,incongruent,0.651684367,1,flanker
180,1,congruent,0.48481735099999995,1,flanker
181,1,congruent,0.451502608,1,flanker
182,1,congruent,0.43482387,1,flanker
183,1,congruent,0.418142506,1,flanker
184,1,congruent,0.418081846,1,flanker
185,1,incongruent,0.367914645,1,flanker
186,1,incongruent,0.451516587,1,flanker
187,1,congruent,0.46821754099999996,1,flanker
188,1,congruent,0.41796970499999997,1,flanker
189,1,incongruent,0.434747032,1,flanker
190,1,incongruent,0.451397372,1,flanker
191,1,incongruent,0.434829576,1,flanker
192,1,congruent,0.384616674,1,flanker
193,1,incongruent,0.50154427,1,flanker
194,1,incongruent,0.48486803500000003,1,flanker
195,1,incongruent,0.401382185,1,flanker
196,1,incongruent,0.45135239,1,flanker
197,1,incongruent,0.41805580200000003,1,flanker
198,1,incongruent,0.568308675,0,flanker
199,1,congruent,0.518194106,1,flanker
200,1,congruent,0.401445875,1,flanker
201,1,congruent,0.36802547700000005,1,flanker
202,1,incongruent,0.43479145,1,flanker
203,1,congruent,0.40136033099999996,1,flanker
204,1,incongruent,0.401365581,1,flanker
205,1,incongruent,0.48485221100000003,1,flanker
206,1,congruent,0.401432994,1,flanker
207,1,congruent,0.401470788,1,flanker
208,1,congruent,0.33465212,1,flanker
209,1,congruent,0.418106134,1,flanker
210,1,congruent,0.368020274,1,flanker
211,1,congruent,0.33435612600000003,1,flanker
212,1,congruent,0.368050463,1,flanker
213,1,incongruent,0.534921662,1,flanker
214,1,incongruent,0.501482572,1,flanker
215,1,congruent,0.618323764,1,flanker
216,1,incongruent,0.451398093,1,flanker
217,1,incongruent,0.41810207200000005,1,flanker
218,1,incongruent,0.484850351,1,flanker
219,1,incongruent,0.785095226,1,flanker
220,1,incongruent,0.46816956699999995,1,flanker
221,1,incongruent,0.367968305,1,flanker
222,1,incongruent,0.434858641,1,flanker
223,1,incongruent,0.501522921,1,flanker
224,1,incongruent,0.451427868,1,flanker
225,1,congruent,0.484772372,1,flanker
226,1,congruent,0.451443729,1,flanker
227,1,incongruent,0.451475862,1,flanker
228,1,incongruent,0.368056308,1,flanker
229,1,incongruent,0.5348245819999999,1,flanker
230,1,congruent,0.401265982,1,flanker
231,1,incongruent,0.46806016,1,flanker
232,1,congruent,0.38467717399999996,1,flanker
233,1,congruent,0.46808648199999997,1,flanker
234,1,incongruent,0.368046995,1,flanker
235,1,congruent,0.35135352599999997,1,flanker
236,1,congruent,0.334630612,1,flanker
237,1,incongruent,0.45150077299999997,1,flanker
238,1,incongruent,0.48484504700000003,1,flanker
239,1,incongruent,0.46809551499999996,1,flanker
240,1,congruent,0.45160733,1,flanker
241,1,incongruent,0.6183686300000001,1,flanker
242,1,incongruent,0.40145669500000003,1,flanker
243,1,incongruent,0.418053432,1,flanker
244,1,congruent,0.451465619,1,flanker
245,1,incongruent,0.451420443,1,flanker
246,1,congruent,0.468125805,1,flanker
247,1,incongruent,0.484825354,1,flanker
248,1,congruent,0.351261738,1,flanker
249,1,congruent,0.38469982900000005,1,flanker
250,1,congruent,0.45143776100000005,1,flanker
251,1,incongruent,0.417991246,1,flanker
252,1,congruent,0.434743571,1,flanker
253,1,congruent,0.35131140699999996,1,flanker
254,1,incongruent,0.467892881,1,flanker
255,1,incongruent,0.518208214,1,flanker
256,1,incongruent,0.468155492,1,flanker
257,1,congruent,0.418067215,1,flanker
258,1,congruent,0.401183591,1,flanker
259,1,congruent,0.41803801900000004,1,flanker
260,1,incongruent,0.434741899,1,flanker
261,1,congruent,0.401106091,1,flanker
262,1,congruent,0.468046586,0,flanker
263,1,congruent,0.551546293,1,flanker
264,1,congruent,0.401362108,1,flanker
265,1,incongruent,0.36773070999999996,1,flanker
266,1,incongruent,0.384715279,1,flanker
267,1,congruent,0.41807133599999996,1,flanker
268,1,incongruent,0.468162969,1,flanker
269,1,incongruent,0.468105644,1,flanker
270,1,congruent,0.685099812,1,flanker
271,1,congruent,0.384553302,1,flanker
272,1,incongruent,0.451441355,1,flanker
273,1,incongruent,0.368023956,1,flanker
274,1,congruent,0.38472211900000003,1,flanker
275,1,incongruent,0.35139551399999996,1,flanker
276,1,congruent,0.384749773,1,flanker
277,1,incongruent,0.334652591,1,flanker
278,1,congruent,0.55149008,1,flanker
279,1,incongruent,0.45148586999999996,1,flanker
280,1,incongruent,0.501515276,1,flanker
281,1,incongruent,0.368017576,1,flanker
282,1,incongruent,0.384801158,1,flanker
283,1,congruent,0.33467304200000003,1,flanker
284,1,congruent,0.384686423,1,flanker
285,1,incongruent,0.36796562899999996,1,flanker
286,1,incongruent,0.434860234,1,flanker
287,1,incongruent,0.468109441,1,flanker
288,1,congruent,0.451420481,1,flanker
289,1,congruent,0.384730197,1,flanker
290,1,incongruent,0.38465191800000004,1,flanker
291,1,incongruent,0.368063778,1,flanker
292,1,congruent,0.41807295699999997,1,flanker
293,1,incongruent,0.40115992699999997,1,flanker
294,1,congruent,0.368035708,1,flanker
295,1,incongruent,0.384728639,1,flanker
296,1,congruent,0.384678061,1,flanker
297,1,incongruent,0.434798363,1,flanker
298,1,congruent,0.434784309,1,flanker
299,1,incongruent,0.45146052600000003,1,flanker
300,1,congruent,0.36806606399999997,1,flanker
301,1,congruent,0.368005302,1,flanker
302,1,congruent,0.317946141,1,flanker
303,1,incongruent,0.418036433,1,flanker
304,1,congruent,0.33463744700000003,1,flanker
305,1,incongruent,0.451454475,1,flanker
306,1,congruent,0.33461014,0,flanker
307,1,congruent,0.384727882,1,flanker
308,1,incongruent,0.46818718000000004,1,flanker
309,1,incongruent,0.367988769,1,flanker
310,1,congruent,0.368077365,1,flanker
311,1,congruent,0.518226142,1,flanker
312,1,incongruent,0.38436618,1,flanker
313,1,congruent,0.368084946,1,flanker
314,1,incongruent,0.41810094400000003,1,flanker
315,1,incongruent,0.401468755,1,flanker
316,1,congruent,0.38475506200000004,1,flanker
317,1,incongruent,0.401461484,1,flanker
318,1,incongruent,0.38473773699999997,1,flanker
319,1,incongruent,0.384652291,1,flanker
320,1,incongruent,0.351338417,1,flanker
321,1,congruent,0.48481896799999996,1,flanker
322,1,congruent,0.384605232,1,flanker
323,1,incongruent,0.317863041,1,flanker
324,1,incongruent,0.36797008,1,flanker
325,1,incongruent,0.401293731,1,flanker
326,1,congruent,0.451500473,1,flanker
327,1,incongruent,0.468109964,1,flanker
328,1,congruent,0.368034994,1,flanker
329,1,congruent,0.45146430400000004,1,flanker
330,1,congruent,0.384654532,1,flanker
331,1,congruent,0.40145824900000004,1,flanker
332,1,congruent,0.33471981,1,flanker
333,1,congruent,0.384640814,1,flanker
334,1,incongruent,0.384673655,1,flanker
335,1,congruent,0.30131291499999996,1,flanker
336,10,congruent,0.584975186,1,flanker
337,10,incongruent,0.468086384,1,flanker
338,10,incongruent,0.451492171,1,flanker
339,10,incongruent,0.36803662600000003,1,flanker
340,10,congruent,0.40138080400000004,1,flanker
341,10,incongruent,0.367989941,0,flanker
342,10,congruent,0.451430363,1,flanker
343,10,incongruent,0.468048271,1,flanker
344,10,incongruent,0.384770318,1,flanker
345,10,congruent,0.401475409,1,flanker
346,10,congruent,0.48479268400000003,1,flanker
347,10,congruent,0.401395015,1,flanker
348,10,congruent,0.384748168,1,flanker
349,10,congruent,0.418121148,1,flanker
350,10,incongruent,0.401342415,1,flanker
351,10,incongruent,0.501480978,1,flanker
352,10,incongruent,0.534849351,1,flanker
353,10,congruent,0.367976697,1,flanker
354,10,incongruent,0.418005649,1,flanker
355,10,congruent,0.384745391,1,flanker
356,10,congruent,0.351350211,1,flanker
357,10,congruent,0.33467933299999997,1,flanker
358,10,congruent,0.33470646,1,flanker
359,10,incongruent,0.418036721,1,flanker
360,10,congruent,0.401400824,1,flanker
361,10,congruent,0.534937429,1,flanker
362,10,incongruent,0.351158065,0,flanker
363,10,congruent,0.434748762,1,flanker
364,10,incongruent,0.484835348,1,flanker
365,10,incongruent,0.45140377,1,flanker
366,10,incongruent,0.434816896,1,flanker
367,10,congruent,0.40135196,1,flanker
368,10,incongruent,0.451187225,1,flanker
369,10,incongruent,0.46814289800000003,1,flanker
370,10,congruent,0.36803552,1,flanker
371,10,congruent,0.351392043,1,flanker
372,10,incongruent,0.35129083000000005,0,flanker
373,10,incongruent,0.368006467,1,flanker
374,10,congruent,0.334680613,1,flanker
375,10,incongruent,0.36802071999999997,1,flanker
376,10,incongruent,0.351394363,0,flanker
377,10,congruent,0.401445718,1,flanker
378,10,incongruent,0.501520364,1,flanker
379,10,incongruent,0.501493627,1,flanker
380,10,incongruent,0.484763928,1,flanker
381,10,congruent,0.401390272,1,flanker
382,10,congruent,0.401429021,1,flanker
383,10,congruent,0.434809073,1,flanker
384,10,congruent,0.40130905,1,flanker
385,10,incongruent,0.351369772,0,flanker
386,10,incongruent,0.43478473,1,flanker
387,10,incongruent,0.484868941,1,flanker
388,10,congruent,0.40138653599999996,1,flanker
389,10,congruent,0.43481169199999997,0,flanker
390,10,incongruent,0.568208072,1,flanker
391,10,congruent,0.40134468700000003,1,flanker
392,10,incongruent,0.5014708370000001,0,flanker
393,10,incongruent,0.484822813,1,flanker
394,10,incongruent,0.35126275700000004,1,flanker
395,10,incongruent,0.484866698,1,flanker
396,10,congruent,0.418048739,1,flanker
397,10,incongruent,0.368039877,1,flanker
398,10,congruent,0.40134574900000003,1,flanker
399,10,incongruent,0.384592815,1,flanker
400,10,incongruent,0.35136233099999997,0,flanker
401,10,congruent,0.451425928,1,flanker
402,10,incongruent,0.418042909,1,flanker
403,10,congruent,0.401425104,1,flanker
404,10,congruent,0.317958731,1,flanker
405,10,incongruent,0.418033186,1,flanker
406,10,incongruent,0.518142726,1,flanker
407,10,incongruent,0.5849929700000001,1,flanker
408,10,congruent,0.368010371,1,flanker
409,10,congruent,0.368052289,1,flanker
410,10,congruent,0.384747385,1,flanker
411,10,congruent,0.384689934,1,flanker
412,10,congruent,0.334626628,1,flanker
413,10,congruent,0.401467909,1,flanker
414,10,incongruent,0.48481680899999996,1,flanker
415,10,congruent,0.351295548,1,flanker
416,10,incongruent,0.384747727,1,flanker
417,10,incongruent,0.451355096,1,flanker
418,10,incongruent,0.568298765,1,flanker
419,10,incongruent,0.5682993470000001,1,flanker
420,10,incongruent,0.38477698099999996,1,flanker
421,10,incongruent,0.368055013,1,flanker
422,10,congruent,0.418063218,1,flanker
423,10,incongruent,0.484814591,1,flanker
424,10,congruent,0.351382419,1,flanker
425,10,congruent,0.35128617300000003,1,flanker
426,10,incongruent,0.418134601,1,flanker
427,10,congruent,0.334661876,1,flanker
428,10,incongruent,0.368003327,1,flanker
429,10,incongruent,0.35139717000000004,0,flanker
430,10,incongruent,0.418088879,1,flanker
431,10,congruent,0.43473393499999996,1,flanker
432,10,incongruent,0.4514409,1,flanker
433,10,congruent,0.43482783999999997,1,flanker
434,10,incongruent,0.351283107,0,flanker
435,10,incongruent,0.801893454,0,flanker
436,10,congruent,0.46808724,1,flanker
437,10,incongruent,0.40137321600000003,1,flanker
438,10,congruent,0.418041741,1,flanker
439,10,congruent,0.401360423,1,flanker
440,10,congruent,0.6516822250000001,1,flanker
441,10,congruent,0.418061956,1,flanker
442,10,congruent,0.401403772,1,flanker
443,10,congruent,0.36804774300000004,1,flanker
444,10,incongruent,0.41800441,1,flanker
445,10,congruent,0.384722179,1,flanker
446,10,congruent,0.384705401,1,flanker
447,10,congruent,0.401280009,1,flanker
448,10,congruent,0.534885662,1,flanker
449,10,incongruent,0.418199986,1,flanker
450,10,congruent,0.35137328500000004,1,flanker
451,10,incongruent,0.501554388,1,flanker
452,10,incongruent,0.40141803,1,flanker
453,10,incongruent,0.501498586,1,flanker
454,10,congruent,0.418139522,1,flanker
455,10,congruent,0.35136148500000003,1,flanker
456,10,incongruent,0.36800279999999996,1,flanker
457,10,incongruent,0.434774407,0,flanker
458,10,incongruent,0.434810252,1,flanker
459,10,congruent,0.434715873,1,flanker
460,10,incongruent,0.484759046,1,flanker
461,10,congruent,0.48489555100000004,1,flanker
462,10,congruent,0.401378169,1,flanker
463,10,congruent,0.33465932600000003,1,flanker
464,10,congruent,0.40135793599999997,1,flanker
465,10,congruent,0.38481155899999997,1,flanker
466,10,congruent,0.36792508900000004,1,flanker
467,10,congruent,0.384656571,1,flanker
468,10,incongruent,0.368045726,1,flanker
469,10,congruent,0.35097347100000004,1,flanker
470,10,incongruent,0.451517565,1,flanker
471,10,incongruent,0.43471825799999997,1,flanker
472,10,congruent,0.584803235,1,flanker
473,10,incongruent,0.417772823,1,flanker
474,10,incongruent,0.40144342499999996,1,flanker
475,10,incongruent,0.368077484,0,flanker
476,10,incongruent,0.518229609,0,flanker
477,10,incongruent,0.41805464999999997,1,flanker
478,10,incongruent,0.518237283,1,flanker
479,10,congruent,0.384701319,1,flanker
480,10,incongruent,0.468094811,1,flanker
481,10,incongruent,0.384706718,1,flanker
482,10,incongruent,0.501560773,1,flanker
483,10,congruent,0.401434438,1,flanker
484,10,congruent,0.418128708,1,flanker
485,10,incongruent,0.38470218,1,flanker
486,10,congruent,0.401417058,1,flanker
487,10,incongruent,0.384697277,1,flanker
488,10,congruent,0.367998374,1,flanker
489,10,incongruent,0.501573233,1,flanker
490,10,congruent,0.35134809300000003,1,flanker
491,10,congruent,0.38471560699999996,1,flanker
492,10,incongruent,0.384668831,0,flanker
493,10,incongruent,0.351338187,1,flanker
494,10,incongruent,0.7016533110000001,1,flanker
495,10,congruent,0.384611936,1,flanker
496,10,congruent,0.351374549,1,flanker
497,10,congruent,0.418065635,1,flanker
498,10,congruent,0.368040618,1,flanker
499,10,incongruent,0.534900836,1,flanker
500,10,congruent,0.43472907600000005,1,flanker
501,10,incongruent,0.484765949,1,flanker
502,10,congruent,0.351254408,1,flanker
503,10,congruent,0.35139210200000004,1,flanker
504,10,incongruent,0.401420349,1,flanker
505,10,incongruent,0.468205886,1,flanker
506,10,incongruent,0.484865488,1,flanker
507,10,congruent,0.33464000800000004,1,flanker
508,10,incongruent,0.468126594,1,flanker
509,10,incongruent,0.418074787,1,flanker
510,10,incongruent,0.367970459,0,flanker
511,10,incongruent,0.568218619,1,flanker
512,10,congruent,0.368019517,1,flanker
513,10,incongruent,0.384746597,1,flanker
514,10,incongruent,0.484761701,1,flanker
515,10,congruent,0.351364379,1,flanker
516,10,congruent,0.367987078,1,flanker
517,10,incongruent,0.451147542,1,flanker
518,10,congruent,0.45146097300000004,1,flanker
519,10,incongruent,0.351050959,1,flanker
520,10,incongruent,0.5682981579999999,1,flanker
521,10,congruent,0.484878784,1,flanker
522,10,congruent,0.48486817200000004,1,flanker
523,10,congruent,0.401445213,1,flanker
524,10,incongruent,0.45122668099999996,1,flanker
525,10,congruent,0.46812005799999995,1,flanker
526,10,congruent,0.367961498,1,flanker
527,10,congruent,0.33463835999999997,1,flanker
528,10,congruent,0.418053077,1,flanker
529,10,incongruent,0.368051026,0,flanker
530,10,congruent,0.40140154899999997,1,flanker
531,10,incongruent,0.367966709,0,flanker
532,10,congruent,0.5015128680000001,1,flanker
533,10,congruent,0.43478963299999995,1,flanker
534,10,incongruent,0.434827023,1,flanker
535,10,congruent,0.5682567199999999,0,flanker
536,10,incongruent,0.384764976,1,flanker
537,10,congruent,0.418065835,1,flanker
538,10,incongruent,0.43475622199999997,1,flanker
539,10,incongruent,0.518217634,1,flanker
540,10,incongruent,0.434806916,1,flanker
541,10,incongruent,0.384705414,1,flanker
542,10,incongruent,0.468166231,1,flanker
543,10,congruent,0.434764611,1,flanker
544,10,congruent,0.518219628,1,flanker
545,10,incongruent,0.6015759319999999,1,flanker
546,10,congruent,0.434755884,1,flanker
547,10,congruent,0.518238628,1,flanker
548,10,congruent,0.351288306,1,flanker
549,10,congruent,0.534781189,1,flanker
550,10,congruent,0.334596787,1,flanker
551,10,congruent,0.384752441,1,flanker
552,10,incongruent,0.434810341,1,flanker
553,10,incongruent,0.36793723,1,flanker
554,10,congruent,0.33467831000000003,1,flanker
555,10,incongruent,0.368129877,1,flanker
556,10,congruent,0.301270449,1,flanker
557,10,incongruent,0.45144264900000003,1,flanker
558,10,congruent,0.334606539,1,flanker
559,10,incongruent,0.434832968,1,flanker
560,10,incongruent,0.418146515,1,flanker
561,10,congruent,0.33475794200000003,1,flanker
562,10,incongruent,0.351319708,0,flanker
563,10,incongruent,0.40149338999999995,1,flanker
564,10,incongruent,0.48485602,1,flanker
565,10,incongruent,0.368088126,1,flanker
566,10,incongruent,0.40114501,1,flanker
567,10,congruent,0.368002331,1,flanker
568,10,congruent,0.40145952999999995,1,flanker
569,10,congruent,0.36796725300000005,1,flanker
570,10,incongruent,0.401344438,1,flanker
571,10,congruent,0.384676366,1,flanker
572,10,congruent,0.401415731,1,flanker
573,10,congruent,0.334612957,1,flanker
574,10,congruent,0.40140664,1,flanker
575,10,incongruent,0.418068239,1,flanker
576,10,incongruent,0.568143582,1,flanker
577,10,incongruent,0.40132790999999995,1,flanker
578,10,incongruent,0.36807539100000003,1,flanker
579,10,incongruent,0.484776882,1,flanker
580,10,incongruent,0.301240564,0,flanker
581,10,incongruent,0.418070824,1,flanker
582,10,incongruent,0.401330562,1,flanker
583,10,congruent,0.351351225,1,flanker
584,10,incongruent,0.351380135,1,flanker
585,10,incongruent,0.40136373,1,flanker
586,10,congruent,0.401355456,1,flanker
587,10,congruent,0.434847493,1,flanker
588,10,congruent,0.334666756,1,flanker
589,10,incongruent,0.685087227,1,flanker
590,10,incongruent,0.451392316,1,flanker
591,10,congruent,0.384414201,1,flanker
592,10,congruent,0.434693622,1,flanker
593,10,congruent,0.351356,1,flanker
594,10,incongruent,0.501515842,1,flanker
595,10,congruent,0.367973363,1,flanker
596,10,congruent,0.368034212,1,flanker
597,10,congruent,0.368040415,1,flanker
598,10,congruent,0.4013653,1,flanker
599,10,incongruent,0.41800282,1,flanker
600,10,incongruent,0.36802303599999997,1,flanker
601,10,congruent,0.418108115,1,flanker
602,10,incongruent,0.534791381,1,flanker
603,10,congruent,0.38467608799999997,1,flanker
604,10,congruent,0.36798031,1,flanker
605,10,incongruent,0.367994267,0,flanker
606,10,congruent,0.401525513,1,flanker
607,10,congruent,0.36800268599999997,1,flanker
608,10,incongruent,0.384776075,1,flanker
609,10,incongruent,0.518244619,1,flanker
610,10,congruent,0.401467732,1,flanker
611,10,incongruent,0.468157018,1,flanker
612,10,congruent,0.35136433699999997,1,flanker
613,10,incongruent,0.30126986,1,flanker
614,10,congruent,0.334633279,1,flanker
615,10,congruent,0.317959965,1,flanker
616,10,incongruent,0.41807948,0,flanker
617,10,incongruent,0.384752457,1,flanker
618,10,congruent,0.418163056,1,flanker
619,10,congruent,0.368067138,1,flanker
620,10,incongruent,0.334636798,1,flanker
621,10,congruent,0.368091447,1,flanker
622,10,congruent,0.351312479,1,flanker
623,10,incongruent,0.5349269090000001,1,flanker
624,10,incongruent,0.45143889200000004,1,flanker
625,10,congruent,0.40140792,1,flanker
626,10,incongruent,0.41807862999999995,1,flanker
627,10,congruent,0.40138434,1,flanker
628,10,incongruent,0.5348906170000001,1,flanker
629,10,congruent,0.40144421,1,flanker
630,10,congruent,0.384744273,1,flanker
631,10,congruent,0.351379537,1,flanker
632,10,incongruent,0.36804959200000004,1,flanker
633,10,incongruent,0.534939056,1,flanker
634,10,incongruent,0.451357451,1,flanker
635,10,incongruent,0.334622244,1,flanker
636,10,congruent,0.31800007599999996,1,flanker
637,10,congruent,0.36798916800000003,1,flanker
638,10,incongruent,0.384784138,0,flanker
639,10,congruent,0.401425433,1,flanker
640,10,congruent,0.401433584,1,flanker
641,10,incongruent,0.468066916,1,flanker
642,10,congruent,0.351319909,1,flanker
643,10,congruent,0.318021464,1,flanker
644,10,incongruent,0.384696866,1,flanker
645,10,congruent,0.351318476,1,flanker
646,10,incongruent,0.35136141099999996,1,flanker
647,10,incongruent,0.368102114,0,flanker
648,10,incongruent,0.418134273,1,flanker
649,10,incongruent,0.384726679,1,flanker
650,10,incongruent,0.951991757,1,flanker
651,10,incongruent,0.534856482,1,flanker
652,10,incongruent,0.468235379,1,flanker
653,10,congruent,0.45113962500000004,1,flanker
654,10,incongruent,0.33432480299999995,1,flanker
655,10,congruent,0.418040213,1,flanker
656,10,incongruent,0.368060852,1,flanker
657,10,congruent,0.368010671,1,flanker
658,10,congruent,0.384765698,1,flanker
659,10,congruent,0.334637097,1,flanker
660,10,incongruent,0.384745684,1,flanker
661,10,congruent,0.351320029,1,flanker
662,10,congruent,0.401428532,1,flanker
663,10,congruent,0.351290487,1,flanker
664,10,incongruent,0.5015073800000001,1,flanker
665,10,congruent,0.351371887,1,flanker
666,10,congruent,0.368027214,1,flanker
667,10,incongruent,0.351391768,1,flanker
668,10,congruent,0.351346877,1,flanker
669,10,incongruent,0.484897169,1,flanker
670,10,incongruent,0.468123864,1,flanker
671,10,congruent,0.384765406,1,flanker
672,11,incongruent,0.45140011700000005,1,flanker
673,11,congruent,0.334617232,1,flanker
674,11,incongruent,0.451411177,1,flanker
675,11,incongruent,0.45145452799999997,1,flanker
676,11,incongruent,0.41806611099999996,0,flanker
677,11,incongruent,0.36799225,1,flanker
678,11,incongruent,0.48477093000000004,1,flanker
679,11,congruent,0.351251346,1,flanker
680,11,congruent,0.318025828,1,flanker
681,11,congruent,0.434757574,1,flanker
682,11,congruent,0.534894588,1,flanker
683,11,congruent,0.46818940400000003,1,flanker
684,11,congruent,0.368027531,1,flanker
685,11,congruent,0.334609848,1,flanker
686,11,incongruent,0.284624555,1,flanker
687,11,congruent,0.401040079,1,flanker
688,11,incongruent,0.468178926,1,flanker
689,11,incongruent,0.5015249509999999,1,flanker
690,11,incongruent,0.401457176,1,flanker
691,11,congruent,0.40138878,0,flanker
692,11,incongruent,0.501515246,1,flanker
693,11,congruent,0.434784207,1,flanker
694,11,congruent,0.46808236,1,flanker
695,11,incongruent,0.56822785,1,flanker
696,11,congruent,0.38477481999999996,1,flanker
697,11,incongruent,0.317643168,1,flanker
698,11,congruent,0.48488422800000003,1,flanker
699,11,congruent,0.40144597,1,flanker
700,11,incongruent,0.33473636599999995,1,flanker
701,11,congruent,0.368039367,1,flanker
702,11,incongruent,0.38483225099999996,1,flanker
703,11,incongruent,0.434832712,1,flanker
704,11,congruent,0.36807803899999997,1,flanker
705,11,incongruent,0.367980258,1,flanker
706,11,incongruent,0.368072909,0,flanker
707,11,congruent,0.41812279799999996,1,flanker
708,11,incongruent,0.551535453,1,flanker
709,11,incongruent,0.367956077,1,flanker
710,11,congruent,0.484820669,1,flanker
711,11,incongruent,0.43480453399999996,1,flanker
712,11,congruent,0.367973585,1,flanker
713,11,congruent,0.651621035,1,flanker
714,11,incongruent,0.451469048,1,flanker
715,11,incongruent,0.36802018,1,flanker
716,11,congruent,0.35135297400000004,1,flanker
717,11,congruent,0.33460334199999997,1,flanker
718,11,incongruent,0.43472675600000005,0,flanker
719,11,congruent,0.43472042800000005,1,flanker
720,11,incongruent,0.468105758,1,flanker
721,11,incongruent,0.334671151,1,flanker
722,11,congruent,0.468058819,1,flanker
723,11,congruent,0.368061376,1,flanker
724,11,congruent,0.284602656,1,flanker
725,11,incongruent,0.317948167,1,flanker
726,11,congruent,0.301368236,0,flanker
727,11,incongruent,0.401347699,1,flanker
728,11,incongruent,0.468132284,1,flanker
729,11,incongruent,0.33456468300000003,1,flanker
730,11,congruent,0.301331435,1,flanker
731,11,incongruent,0.334677,1,flanker
732,11,congruent,0.434726019,1,flanker
733,11,incongruent,0.451470692,1,flanker
734,11,congruent,0.5681909930000001,1,flanker
735,11,incongruent,0.568352491,1,flanker
736,11,incongruent,0.35133479,0,flanker
737,11,congruent,0.43476277199999996,1,flanker
738,11,incongruent,0.351470683,1,flanker
739,11,congruent,0.384731973,0,flanker
740,11,incongruent,0.384799394,1,flanker
741,11,incongruent,0.368002624,1,flanker
742,11,congruent,0.468168278,1,flanker
743,11,incongruent,0.351343062,1,flanker
744,11,incongruent,0.551613789,1,flanker
745,11,congruent,0.351332823,1,flanker
746,11,incongruent,0.38476673899999997,1,flanker
747,11,incongruent,0.384676098,1,flanker
748,11,incongruent,0.35127029299999996,1,flanker
749,11,incongruent,0.334672533,1,flanker
750,11,congruent,0.35133142900000003,1,flanker
751,11,congruent,0.251285428,0,flanker
752,11,congruent,0.451504961,1,flanker
753,11,congruent,0.334629817,1,flanker
754,11,congruent,0.267820181,1,flanker
755,11,congruent,0.36796560899999997,1,flanker
756,11,incongruent,0.45150029,1,flanker
757,11,congruent,0.46803204699999995,1,flanker
758,11,congruent,0.418052755,1,flanker
759,11,congruent,0.351404707,1,flanker
760,11,incongruent,0.351281401,1,flanker
761,11,incongruent,0.284605867,0,flanker
762,11,incongruent,0.701737162,1,flanker
763,11,congruent,0.368015563,1,flanker
764,11,congruent,0.284545477,1,flanker
765,11,congruent,0.368035168,1,flanker
766,11,incongruent,0.351389573,1,flanker
767,11,congruent,0.367903833,1,flanker
768,11,congruent,0.401406587,1,flanker
769,11,congruent,0.418070382,1,flanker
770,11,congruent,0.3346896,1,flanker
771,11,congruent,0.351385642,1,flanker
772,11,incongruent,0.501534725,1,flanker
773,11,congruent,0.551562799,1,flanker
774,11,incongruent,0.317950307,0,flanker
775,11,incongruent,0.368044889,0,flanker
776,11,incongruent,0.351351081,1,flanker
777,11,incongruent,0.48487083200000003,1,flanker
778,11,congruent,0.30130470600000003,1,flanker
779,11,incongruent,0.334710538,0,flanker
780,11,incongruent,0.53491767,1,flanker
781,11,incongruent,0.284655287,1,flanker
782,11,congruent,0.384746408,1,flanker
783,11,congruent,0.434707744,1,flanker
784,11,incongruent,0.751742387,1,flanker
785,11,congruent,0.401344287,1,flanker
786,11,congruent,0.36800559800000004,1,flanker
787,11,incongruent,0.451494237,1,flanker
788,11,congruent,0.351372797,1,flanker
789,11,congruent,0.351333439,1,flanker
790,11,incongruent,0.41803790500000004,1,flanker
791,11,incongruent,0.384670868,1,flanker
792,11,incongruent,0.36802064100000004,1,flanker
793,11,incongruent,0.318021729,1,flanker
794,11,congruent,0.401404115,1,flanker
795,11,incongruent,0.568312723,1,flanker
796,11,congruent,0.384660658,1,flanker
797,11,congruent,0.367953245,1,flanker
798,11,incongruent,0.451429566,1,flanker
799,11,incongruent,0.518194184,1,flanker
800,11,incongruent,0.551458435,1,flanker
801,11,congruent,0.401436222,1,flanker
802,11,congruent,0.384705133,1,flanker
803,11,congruent,0.6683476020000001,1,flanker
804,11,incongruent,0.451486967,0,flanker
805,11,congruent,0.46819099599999997,1,flanker
806,11,incongruent,0.28462982,0,flanker
807,11,congruent,0.835227425,1,flanker
808,11,congruent,0.41812272899999997,1,flanker
809,11,incongruent,0.384654583,1,flanker
810,11,congruent,0.401389875,0,flanker
811,11,congruent,0.501567206,1,flanker
812,11,incongruent,0.434728108,1,flanker
813,11,incongruent,0.451310143,1,flanker
814,11,congruent,0.3680082,1,flanker
815,11,congruent,0.501480127,1,flanker
816,11,congruent,0.41786246499999996,1,flanker
817,11,congruent,0.36799442499999996,1,flanker
818,11,incongruent,0.434755963,1,flanker
819,11,incongruent,0.468103,1,flanker
820,11,incongruent,0.501533369,1,flanker
821,11,incongruent,0.601577636,1,flanker
822,11,incongruent,0.38450885599999995,1,flanker
823,11,incongruent,0.384621445,1,flanker
824,11,incongruent,0.351309151,0,flanker
825,11,congruent,0.518261598,1,flanker
826,11,incongruent,0.45145444700000004,1,flanker
827,11,incongruent,0.434726996,1,flanker
828,11,incongruent,0.501568343,1,flanker
829,11,congruent,0.468199773,1,flanker
830,11,congruent,0.33439495399999997,1,flanker
831,11,incongruent,0.35130073,0,flanker
832,11,congruent,0.518189396,1,flanker
833,11,congruent,0.384625723,1,flanker
834,11,congruent,0.31796909900000003,1,flanker
835,11,incongruent,0.36805681,1,flanker
836,11,congruent,0.501549284,1,flanker
837,11,congruent,0.384756664,1,flanker
838,11,congruent,0.35143163299999997,1,flanker
839,11,incongruent,0.468044958,1,flanker
840,11,congruent,0.518148914,1,flanker
841,11,congruent,0.401392493,1,flanker
842,11,incongruent,0.301335622,1,flanker
843,11,congruent,0.334666144,1,flanker
844,11,incongruent,0.41801588500000003,1,flanker
845,11,incongruent,0.384707164,1,flanker
846,11,congruent,0.468087553,1,flanker
847,11,congruent,0.36808264300000004,1,flanker
848,11,incongruent,0.33465447,1,flanker
849,11,congruent,0.317973889,1,flanker
850,11,incongruent,0.35123107,1,flanker
851,11,incongruent,0.45147975500000004,1,flanker
852,11,congruent,0.41818178699999997,1,flanker
853,11,incongruent,0.33471457800000004,0,flanker
854,11,congruent,0.751804575,1,flanker
855,11,incongruent,0.368065169,1,flanker
856,11,congruent,0.35137214,0,flanker
857,11,congruent,0.334697809,1,flanker
858,11,congruent,0.384694579,1,flanker
859,11,congruent,0.28459585,1,flanker
860,11,congruent,0.43478526,1,flanker
861,11,incongruent,0.46811594300000003,1,flanker
862,11,congruent,0.418028944,1,flanker
863,11,congruent,0.434820231,1,flanker
864,11,incongruent,0.451494134,1,flanker
865,11,incongruent,0.41811118399999997,1,flanker
866,11,incongruent,0.334622506,1,flanker
867,11,congruent,0.484765979,1,flanker
868,11,incongruent,0.38475991699999995,1,flanker
869,11,incongruent,0.36802687500000003,1,flanker
870,11,congruent,0.367999692,1,flanker
871,11,incongruent,0.401376565,1,flanker
872,11,incongruent,0.351394539,1,flanker
873,11,incongruent,0.317922463,1,flanker
874,11,congruent,0.31795610399999996,1,flanker
875,11,congruent,0.317943193,1,flanker
876,11,congruent,0.351325652,1,flanker
877,11,incongruent,0.36790264100000003,1,flanker
878,11,incongruent,0.451509,1,flanker
879,11,incongruent,0.468141226,1,flanker
880,11,incongruent,0.301317334,1,flanker
881,11,congruent,0.301264809,1,flanker
882,11,incongruent,0.384801466,1,flanker
883,11,incongruent,0.468115295,1,flanker
884,11,incongruent,0.317956482,1,flanker
885,11,congruent,0.301292197,1,flanker
886,11,incongruent,0.451470704,1,flanker
887,11,congruent,0.601564499,1,flanker
888,11,incongruent,0.36808191,1,flanker
889,11,incongruent,0.351304753,1,flanker
890,11,incongruent,0.368015988,1,flanker
891,11,congruent,0.36804897,1,flanker
892,11,congruent,0.41814797600000003,1,flanker
893,11,congruent,0.351403901,1,flanker
894,11,congruent,0.36810896400000004,1,flanker
895,11,congruent,0.334679983,0,flanker
896,11,incongruent,0.434897353,1,flanker
897,11,congruent,0.434761154,1,flanker
898,11,congruent,0.33457036900000003,1,flanker
899,11,incongruent,0.267953982,0,flanker
900,11,incongruent,0.351434818,1,flanker
901,11,congruent,0.351463185,1,flanker
902,11,congruent,0.518166325,1,flanker
903,11,congruent,0.334610469,1,flanker
904,11,incongruent,0.368012223,1,flanker
905,11,congruent,0.334657148,1,flanker
906,11,incongruent,0.301299323,0,flanker
907,11,congruent,0.36808648099999997,1,flanker
908,11,incongruent,0.418152115,1,flanker
909,11,incongruent,0.501512234,1,flanker
910,11,congruent,0.434707301,1,flanker
911,11,congruent,0.334688677,1,flanker
912,11,incongruent,0.28463495,0,flanker
913,11,congruent,0.368069216,1,flanker
914,11,congruent,0.317950541,1,flanker
915,11,incongruent,0.38475132300000003,0,flanker
916,11,incongruent,0.46809045400000004,1,flanker
917,11,congruent,0.38471723100000005,1,flanker
918,11,incongruent,0.334781666,0,flanker
919,11,congruent,0.368070675,1,flanker
920,11,congruent,0.334720646,1,flanker
921,11,incongruent,0.518252786,1,flanker
922,11,incongruent,0.41806430699999997,1,flanker
923,11,incongruent,0.33463312,1,flanker
924,11,incongruent,0.351272845,1,flanker
925,11,congruent,0.48488898399999997,1,flanker
926,11,congruent,0.401423026,1,flanker
927,11,incongruent,0.35128590600000004,1,flanker
928,11,congruent,0.618352658,1,flanker
929,11,congruent,0.351318232,0,flanker
930,11,incongruent,0.468099041,1,flanker
931,11,incongruent,0.334641588,1,flanker
932,11,incongruent,0.418161638,1,flanker
933,11,congruent,0.31795711,1,flanker
934,11,congruent,0.368042302,1,flanker
935,11,incongruent,0.36791503799999997,1,flanker
936,11,congruent,0.318059534,1,flanker
937,11,incongruent,0.334623813,0,flanker
938,11,incongruent,0.28454702800000004,0,flanker
939,11,incongruent,0.501570904,1,flanker
940,11,incongruent,0.367984148,1,flanker
941,11,congruent,0.451471179,1,flanker
942,11,congruent,0.334625306,1,flanker
943,11,congruent,0.384598741,1,flanker
944,11,congruent,0.468065945,1,flanker
945,11,congruent,0.384744794,1,flanker
946,11,incongruent,0.334577836,1,flanker
947,11,congruent,0.317994119,1,flanker
948,11,incongruent,0.418136611,1,flanker
949,11,congruent,0.351356022,1,flanker
950,11,incongruent,0.40134308900000004,1,flanker
951,11,incongruent,0.401515214,1,flanker
952,11,incongruent,0.43478671300000005,1,flanker
953,11,congruent,0.401345034,1,flanker
954,11,incongruent,0.30124627600000004,1,flanker
955,11,incongruent,0.418160192,1,flanker
956,11,incongruent,0.451415603,1,flanker
957,11,congruent,0.33470372200000004,1,flanker
958,11,incongruent,0.351313748,0,flanker
959,11,congruent,0.384813364,1,flanker
960,11,congruent,0.41811408499999997,1,flanker
961,11,incongruent,0.351329256,1,flanker
962,11,congruent,0.367996013,1,flanker
963,11,congruent,0.501523658,1,flanker
964,11,congruent,0.368092307,1,flanker
965,11,congruent,0.367706277,1,flanker
966,11,congruent,0.367916775,0,flanker
967,11,incongruent,0.451370326,1,flanker
968,11,congruent,0.36803349300000004,1,flanker
969,11,incongruent,0.401433109,1,flanker
970,11,congruent,0.401446034,1,flanker
971,11,congruent,0.468129168,1,flanker
972,11,incongruent,0.334651922,0,flanker
973,11,incongruent,0.334667821,1,flanker
974,11,incongruent,0.301268174,0,flanker
975,11,incongruent,0.367936182,0,flanker
976,11,congruent,0.518098125,1,flanker
977,11,congruent,0.38470502,1,flanker
978,11,incongruent,0.384718377,1,flanker
979,11,incongruent,0.434782751,1,flanker
980,11,congruent,0.45133307300000003,1,flanker
981,11,congruent,0.50153225,1,flanker
982,11,congruent,0.685088731,1,flanker
983,11,incongruent,0.418096175,1,flanker
984,11,incongruent,0.468264184,1,flanker
985,11,incongruent,0.601655036,0,flanker
986,11,congruent,0.5349277939999999,1,flanker
987,11,incongruent,0.40145206899999997,1,flanker
988,11,congruent,0.40129727600000004,1,flanker
989,11,incongruent,0.351272448,1,flanker
990,11,incongruent,0.48477355499999997,1,flanker
991,11,congruent,0.735116782,1,flanker
992,11,congruent,0.484807141,1,flanker
993,11,congruent,0.418097785,1,flanker
994,11,incongruent,0.33460106500000003,0,flanker
995,11,congruent,0.501540829,1,flanker
996,11,incongruent,0.351358048,1,flanker
997,11,congruent,0.368007675,1,flanker
998,11,congruent,0.518197901,1,flanker
999,11,incongruent,0.5015477779999999,1,flanker
1000,11,incongruent,0.35143775699999996,1,flanker
1001,11,incongruent,0.43482218899999997,1,flanker
1002,11,congruent,0.351294964,1,flanker
1003,11,congruent,0.418061265,1,flanker
1004,11,incongruent,0.368087489,1,flanker
1005,11,incongruent,0.451513777,1,flanker
1006,11,incongruent,0.434788374,1,flanker
1007,11,congruent,0.38472613699999997,1,flanker
1008,12,congruent,0.568266359,1,flanker
1009,12,congruent,0.468053498,1,flanker
1010,12,congruent,0.35135504500000003,1,flanker
1011,12,congruent,0.384698471,1,flanker
1012,12,incongruent,0.434765446,1,flanker
1013,12,incongruent,0.551494872,1,flanker
1014,12,congruent,0.451460631,1,flanker
1015,12,incongruent,0.7685151,1,flanker
1016,12,incongruent,0.351337349,1,flanker
1017,12,congruent,0.401438892,1,flanker
1018,12,incongruent,0.401374715,1,flanker
1019,12,incongruent,0.46816310499999997,1,flanker
1020,12,congruent,0.401441192,1,flanker
1021,12,congruent,0.484847121,1,flanker
1022,12,congruent,0.484801305,1,flanker
1023,12,incongruent,0.434725598,0,flanker
1024,12,incongruent,0.7351008910000001,1,flanker
1025,12,incongruent,0.568229718,1,flanker
1026,12,congruent,0.334612853,1,flanker
1027,12,congruent,0.45147492699999997,1,flanker
1028,12,incongruent,0.468137175,1,flanker
1029,12,incongruent,0.468264389,1,flanker
1030,12,congruent,0.451411101,0,flanker
1031,12,congruent,0.384732416,1,flanker
1032,12,congruent,0.43477053,1,flanker
1033,12,incongruent,0.668305206,1,flanker
1034,12,incongruent,0.367944097,1,flanker
1035,12,congruent,0.484887993,1,flanker
1036,12,incongruent,0.6016877439999999,1,flanker
1037,12,incongruent,0.7684310809999999,1,flanker
1038,12,incongruent,0.46813667600000003,1,flanker
1039,12,congruent,0.451399516,1,flanker
1040,12,incongruent,0.48484635400000003,1,flanker
1041,12,incongruent,0.518180794,1,flanker
1042,12,incongruent,0.5015288090000001,1,flanker
1043,12,incongruent,0.5682797030000001,1,flanker
1044,12,incongruent,0.618389622,1,flanker
1045,12,congruent,0.434734219,1,flanker
1046,12,incongruent,0.418052543,1,flanker
1047,12,incongruent,0.451495588,1,flanker
1048,12,congruent,0.5015257470000001,1,flanker
1049,12,incongruent,0.5182034280000001,1,flanker
1050,12,incongruent,0.518254597,1,flanker
1051,12,congruent,0.434734947,1,flanker
1052,12,congruent,0.434824295,1,flanker
1053,12,congruent,0.434775138,1,flanker
1054,12,congruent,0.43478236299999995,1,flanker
1055,12,congruent,0.451499497,1,flanker
1056,12,congruent,0.401458452,1,flanker
1057,12,congruent,0.418037762,1,flanker
1058,12,incongruent,0.468096005,1,flanker
1059,12,incongruent,0.5182197159999999,1,flanker
1060,12,incongruent,0.5182131759999999,1,flanker
1061,12,congruent,0.5682281530000001,1,flanker
1062,12,congruent,0.484800391,1,flanker
1063,12,congruent,0.46816108900000003,1,flanker
1064,12,incongruent,0.6016802800000001,1,flanker
1065,12,incongruent,0.384726971,1,flanker
1066,12,congruent,0.518152448,1,flanker
1067,12,incongruent,0.5015676419999999,1,flanker
1068,12,incongruent,0.434720504,1,flanker
1069,12,congruent,0.484795196,1,flanker
1070,12,incongruent,0.4847869,1,flanker
1071,12,congruent,0.484787673,1,flanker
1072,12,incongruent,0.584947116,1,flanker
1073,12,incongruent,0.418078712,1,flanker
1074,12,incongruent,0.484802959,1,flanker
1075,12,incongruent,0.46807335899999997,1,flanker
1076,12,incongruent,0.5181465409999999,1,flanker
1077,12,congruent,0.568271713,1,flanker
1078,12,congruent,0.418091365,1,flanker
1079,12,congruent,0.45142586999999995,1,flanker
1080,12,incongruent,0.451330914,1,flanker
1081,12,congruent,0.634970086,1,flanker
1082,12,congruent,0.6349739759999999,1,flanker
1083,12,congruent,0.5348776319999999,1,flanker
1084,12,congruent,0.46816944899999996,1,flanker
1085,12,congruent,0.40140410200000004,1,flanker
1086,12,incongruent,0.568078616,1,flanker
1087,12,incongruent,0.65163438,1,flanker
1088,12,incongruent,0.46801525600000005,1,flanker
1089,12,incongruent,0.6016077679999999,1,flanker
1090,12,congruent,0.484874006,1,flanker
1091,12,congruent,0.534900097,1,flanker
1092,12,congruent,0.351328969,1,flanker
1093,12,congruent,0.3845977,1,flanker
1094,12,incongruent,0.401501119,1,flanker
1095,12,incongruent,0.518245646,1,flanker
1096,12,incongruent,0.568233539,1,flanker
1097,12,incongruent,0.568282135,1,flanker
1098,12,incongruent,0.5180592709999999,1,flanker
1099,12,congruent,0.534948666,1,flanker
1100,12,congruent,0.518103884,1,flanker
1101,12,congruent,0.9019370139999999,1,flanker
1102,12,congruent,0.568279667,1,flanker
1103,12,congruent,0.484855218,1,flanker
1104,12,congruent,0.501471007,1,flanker
1105,12,incongruent,0.484774663,1,flanker
1106,12,congruent,0.518159295,1,flanker
1107,12,incongruent,0.75172689,1,flanker
1108,12,congruent,0.534839709,1,flanker
1109,12,incongruent,0.584885557,1,flanker
1110,12,incongruent,0.468110621,1,flanker
1111,12,congruent,0.451450711,1,flanker
1112,12,incongruent,0.468138194,1,flanker
1113,12,congruent,0.48486443700000004,1,flanker
1114,12,incongruent,0.718409962,1,flanker
1115,12,congruent,0.818542807,1,flanker
1116,12,congruent,0.468094274,1,flanker
1117,12,congruent,0.40140163100000004,1,flanker
1118,12,incongruent,0.501474968,1,flanker
1119,12,incongruent,0.5348995179999999,1,flanker
1120,12,incongruent,0.601692001,1,flanker
1121,12,incongruent,0.401476853,1,flanker
1122,12,congruent,0.38469419499999996,1,flanker
1123,12,congruent,0.33456797699999996,1,flanker
1124,12,congruent,0.368076527,1,flanker
1125,12,incongruent,0.384688202,1,flanker
1126,12,incongruent,0.351331548,1,flanker
1127,12,incongruent,0.48471880700000003,1,flanker
1128,12,incongruent,0.38472927399999995,1,flanker
1129,12,congruent,0.368094509,1,flanker
1130,12,incongruent,0.484893727,1,flanker
1131,12,congruent,0.451351648,1,flanker
1132,12,incongruent,0.317951892,1,flanker
1133,12,incongruent,0.40137733600000003,1,flanker
1134,12,incongruent,0.551592226,1,flanker
1135,12,congruent,0.36798253799999997,1,flanker
1136,12,incongruent,0.417836999,1,flanker
1137,12,incongruent,0.33469862899999997,0,flanker
1138,12,congruent,0.384687546,1,flanker
1139,12,congruent,0.518223463,1,flanker
1140,12,congruent,0.43482636,1,flanker
1141,12,congruent,0.40138921699999996,1,flanker
1142,12,incongruent,0.401399418,1,flanker
1143,12,incongruent,0.384723326,1,flanker
1144,12,congruent,0.635020896,1,flanker
1145,12,congruent,0.635057747,1,flanker
1146,12,incongruent,0.468113147,1,flanker
1147,12,incongruent,0.55166673,1,flanker
1148,12,congruent,0.43473555199999997,1,flanker
1149,12,incongruent,0.7017785740000001,1,flanker
1150,12,incongruent,0.584845069,1,flanker
1151,12,congruent,0.38460225400000003,1,flanker
1152,12,congruent,0.501504257,1,flanker
1153,12,incongruent,0.434748013,1,flanker
1154,12,congruent,0.418099852,1,flanker
1155,12,congruent,0.5681861699999999,1,flanker
1156,12,incongruent,0.33460454399999995,1,flanker
1157,12,congruent,0.41804670499999996,1,flanker
1158,12,congruent,1.0855332780000002,1,flanker
1159,12,congruent,0.434840046,1,flanker
1160,12,congruent,0.351368635,1,flanker
1161,12,incongruent,0.38464508399999997,1,flanker
1162,12,incongruent,0.36803910300000003,1,flanker
1163,12,incongruent,0.368054063,1,flanker
1164,12,congruent,0.5514255480000001,1,flanker
1165,12,incongruent,0.534999191,1,flanker
1166,12,incongruent,0.484869859,1,flanker
1167,12,congruent,0.368007059,1,flanker
1168,12,incongruent,0.401381733,1,flanker
1169,12,congruent,0.43483122300000004,1,flanker
1170,12,congruent,0.53483207,0,flanker
1171,12,incongruent,0.568209698,1,flanker
1172,12,incongruent,0.601665829,1,flanker
1173,12,congruent,0.451485358,1,flanker
1174,12,congruent,0.401448708,1,flanker
1175,12,incongruent,0.518176477,1,flanker
1176,12,congruent,0.451445334,1,flanker
1177,12,congruent,0.434816269,1,flanker
1178,12,incongruent,0.434818993,1,flanker
1179,12,congruent,0.418128885,1,flanker
1180,12,incongruent,0.601571911,1,flanker
1181,12,incongruent,0.501552604,1,flanker
1182,12,congruent,0.48481967800000003,0,flanker
1183,12,incongruent,0.501572008,1,flanker
1184,12,incongruent,0.36804290500000003,1,flanker
1185,12,congruent,0.468020727,1,flanker
1186,12,incongruent,0.41803703200000003,1,flanker
1187,12,incongruent,0.41803526599999996,1,flanker
1188,12,congruent,0.451475564,1,flanker
1189,12,congruent,0.40145039400000004,1,flanker
1190,12,congruent,0.317979241,1,flanker
1191,12,incongruent,0.468179012,0,flanker
1192,12,congruent,0.368026268,1,flanker
1193,12,incongruent,0.63502548,1,flanker
1194,12,incongruent,0.501480417,1,flanker
1195,12,incongruent,0.48476495599999997,1,flanker
1196,12,congruent,0.40145066,1,flanker
1197,12,congruent,0.401417653,1,flanker
1198,12,congruent,0.434700539,1,flanker
1199,12,incongruent,0.451417534,1,flanker
1200,12,incongruent,0.568296098,1,flanker
1201,12,incongruent,0.5515718399999999,1,flanker
1202,12,congruent,0.46801219200000005,1,flanker
1203,12,congruent,0.351358379,1,flanker
1204,12,congruent,0.468160199,1,flanker
1205,12,congruent,0.53482736,1,flanker
1206,12,congruent,0.45142887200000004,1,flanker
1207,12,incongruent,0.501392757,1,flanker
1208,12,congruent,0.484804416,1,flanker
1209,12,congruent,0.451472451,1,flanker
1210,12,incongruent,0.484789238,1,flanker
1211,12,congruent,0.468025169,1,flanker
1212,12,congruent,0.518258235,1,flanker
1213,12,congruent,0.5182175250000001,1,flanker
1214,12,congruent,0.46814524,1,flanker
1215,12,incongruent,0.935295062,1,flanker
1216,12,congruent,0.334600773,1,flanker
1217,12,incongruent,0.551593025,1,flanker
1218,12,incongruent,0.384788194,1,flanker
1219,12,incongruent,0.518213081,1,flanker
1220,12,congruent,0.534925502,1,flanker
1221,12,congruent,0.518214479,1,flanker
1222,12,incongruent,0.434715915,0,flanker
1223,12,congruent,0.6183428480000001,1,flanker
1224,12,incongruent,0.5348578740000001,1,flanker
1225,12,incongruent,0.518237897,1,flanker
1226,12,incongruent,0.518171139,1,flanker
1227,12,congruent,0.418009942,1,flanker
1228,12,incongruent,0.7685112199999999,1,flanker
1229,12,incongruent,0.434473111,1,flanker
1230,12,incongruent,0.735135354,1,flanker
1231,12,congruent,0.368019159,1,flanker
1232,12,congruent,0.384703746,1,flanker
1233,12,incongruent,0.484879709,1,flanker
1234,12,congruent,0.334664113,1,flanker
1235,12,incongruent,0.384724266,1,flanker
1236,12,congruent,0.584998151,1,flanker
1237,12,congruent,0.36801021700000003,1,flanker
1238,12,congruent,0.451337625,1,flanker
1239,12,congruent,0.6850320480000001,1,flanker
1240,12,incongruent,0.384598149,1,flanker
1241,12,incongruent,0.46816594,1,flanker
1242,12,incongruent,0.618349203,1,flanker
1243,12,incongruent,0.40139374,0,flanker
1244,12,incongruent,0.484813136,1,flanker
1245,12,congruent,0.401355376,1,flanker
1246,12,congruent,0.401388524,0,flanker
1247,12,incongruent,0.5015307210000001,1,flanker
1248,12,congruent,0.952059607,1,flanker
1249,12,congruent,1.1856649849999998,1,flanker
1250,12,incongruent,0.5181968610000001,1,flanker
1251,12,congruent,0.8018981079999999,0,flanker
1252,12,incongruent,0.451454265,1,flanker
1253,12,congruent,0.40138821,1,flanker
1254,12,incongruent,0.40126969100000004,1,flanker
1255,12,congruent,0.334702203,1,flanker
1256,12,incongruent,0.60168724,1,flanker
1257,12,incongruent,0.401440435,1,flanker
1258,12,incongruent,0.418040988,1,flanker
1259,12,incongruent,0.88523233,1,flanker
1260,12,congruent,0.584931693,1,flanker
1261,12,congruent,0.40135429699999997,1,flanker
1262,12,congruent,0.568213669,1,flanker
1263,12,congruent,0.5182278499999999,1,flanker
1264,12,incongruent,0.935295615,1,flanker
1265,12,congruent,0.417790509,0,flanker
1266,12,incongruent,0.434725438,1,flanker
1267,12,incongruent,0.501545342,1,flanker
1268,12,congruent,0.48457081,1,flanker
1269,12,congruent,0.6348659790000001,1,flanker
1270,12,incongruent,0.501414042,1,flanker
1271,12,congruent,1.202315051,1,flanker
1272,12,incongruent,0.684946857,1,flanker
1273,12,incongruent,0.36790835600000005,0,flanker
1274,12,incongruent,0.468073982,1,flanker
1275,12,incongruent,0.434768409,1,flanker
1276,12,incongruent,0.468121062,1,flanker
1277,12,congruent,0.384775832,1,flanker
1278,12,congruent,0.451384835,1,flanker
1279,12,incongruent,0.45139181500000003,1,flanker
1280,12,incongruent,0.401451318,1,flanker
1281,12,congruent,0.484843887,1,flanker
1282,12,congruent,0.468068238,1,flanker
1283,12,incongruent,0.401428674,1,flanker
1284,12,congruent,0.484807263,1,flanker
1285,12,congruent,0.6015877799999999,1,flanker
1286,12,incongruent,0.501507058,1,flanker
1287,12,congruent,0.5181633130000001,1,flanker
1288,12,congruent,0.401358967,1,flanker
1289,12,incongruent,0.451393451,1,flanker
1290,12,incongruent,0.351324777,1,flanker
1291,12,incongruent,0.434819748,1,flanker
1292,12,congruent,0.41802669200000003,1,flanker
1293,12,incongruent,0.40142281,1,flanker
1294,12,congruent,0.418102443,1,flanker
1295,12,congruent,0.468119595,1,flanker
1296,12,incongruent,0.434681665,1,flanker
1297,12,congruent,0.451424545,1,flanker
1298,12,congruent,0.418071837,1,flanker
1299,12,congruent,0.418098383,1,flanker
1300,12,incongruent,0.501464544,1,flanker
1301,12,congruent,0.53482107,1,flanker
1302,12,incongruent,0.501485444,1,flanker
1303,12,incongruent,0.401405707,1,flanker
1304,12,incongruent,0.434674461,1,flanker
1305,12,congruent,0.451460314,1,flanker
1306,12,congruent,0.434821491,1,flanker
1307,12,incongruent,0.585004923,1,flanker
1308,12,incongruent,0.584891759,1,flanker
1309,12,congruent,0.418160908,1,flanker
1310,12,congruent,0.8019066370000001,1,flanker
1311,12,incongruent,0.651604403,1,flanker
1312,12,incongruent,0.818483428,1,flanker
1313,12,congruent,0.484781831,1,flanker
1314,12,congruent,0.584888579,1,flanker
1315,12,incongruent,0.6014817389999999,1,flanker
1316,12,incongruent,0.50150134,1,flanker
1317,12,congruent,0.5515683309999999,1,flanker
1318,12,congruent,0.518225954,1,flanker
1319,12,congruent,0.5516220399999999,1,flanker
1320,12,incongruent,0.468145804,0,flanker
1321,12,incongruent,0.451400651,1,flanker
1322,12,incongruent,0.451503578,1,flanker
1323,12,incongruent,0.46806333899999997,1,flanker
1324,12,congruent,0.5349289340000001,1,flanker
1325,12,incongruent,0.43484821,1,flanker
1326,12,congruent,0.434757025,1,flanker
1327,12,incongruent,0.50149389,1,flanker
1328,12,incongruent,0.51819097,1,flanker
1329,12,incongruent,0.468086918,1,flanker
1330,12,congruent,0.401451467,1,flanker
1331,12,congruent,0.43475209000000004,1,flanker
1332,12,incongruent,0.351248789,0,flanker
1333,12,incongruent,0.468046393,1,flanker
1334,12,congruent,0.434774279,1,flanker
1335,12,incongruent,0.418105466,0,flanker
1336,12,congruent,0.434736554,1,flanker
1337,12,congruent,1.202247832,1,flanker
1338,12,congruent,0.367995325,1,flanker
1339,12,incongruent,0.368084928,1,flanker
1340,12,congruent,0.6016298880000001,1,flanker
1341,12,incongruent,0.401397075,1,flanker
1342,13,congruent,0.434798599,1,flanker
1343,13,incongruent,0.367937124,1,flanker
1344,13,congruent,0.31791991799999997,1,flanker
1345,13,congruent,0.23457073399999998,1,flanker
1346,13,congruent,0.351384724,1,flanker
1347,13,incongruent,0.418040615,1,flanker
1348,13,incongruent,0.35128476000000003,0,flanker
1349,13,congruent,0.451435038,1,flanker
1350,13,congruent,0.33464549899999996,1,flanker
1351,13,congruent,0.43482237199999996,1,flanker
1352,13,congruent,0.318041295,1,flanker
1353,13,incongruent,0.318027782,1,flanker
1354,13,congruent,0.35120746,0,flanker
1355,13,congruent,0.568220513,1,flanker
1356,13,incongruent,0.368000524,1,flanker
1357,13,incongruent,0.384786605,1,flanker
1358,13,incongruent,0.334624084,1,flanker
1359,13,congruent,0.484878515,1,flanker
1360,13,congruent,0.43483467000000003,1,flanker
1361,13,congruent,0.41814645899999997,1,flanker
1362,13,congruent,0.434828779,1,flanker
1363,13,incongruent,0.334623758,1,flanker
1364,13,congruent,0.401365708,1,flanker
1365,13,congruent,0.36798569099999995,1,flanker
1366,13,congruent,0.418146859,1,flanker
1367,13,congruent,0.401355587,1,flanker
1368,13,incongruent,0.418011401,1,flanker
1369,13,congruent,0.36800597599999996,1,flanker
1370,13,incongruent,0.368048229,1,flanker
1371,13,incongruent,0.58495849,1,flanker
1372,13,incongruent,0.418079708,1,flanker
1373,13,incongruent,0.318031752,1,flanker
1374,13,incongruent,0.334603786,1,flanker
1375,13,congruent,0.30122769299999996,1,flanker
1376,13,incongruent,0.33473784,0,flanker
1377,13,incongruent,0.534871438,1,flanker
1378,13,congruent,0.534945726,0,flanker
1379,13,incongruent,0.551562218,1,flanker
1380,13,incongruent,0.368035182,1,flanker
1381,13,congruent,0.484808846,1,flanker
1382,13,incongruent,0.585037839,1,flanker
1383,13,incongruent,0.401413262,1,flanker
1384,13,incongruent,0.384717221,1,flanker
1385,13,incongruent,0.334713576,1,flanker
1386,13,incongruent,0.334710426,1,flanker
1387,13,congruent,0.284563768,1,flanker
1388,13,congruent,0.301354305,1,flanker
1389,13,incongruent,0.568256951,1,flanker
1390,13,congruent,0.367935118,1,flanker
1391,13,congruent,0.40136776500000004,1,flanker
1392,13,congruent,0.6183431789999999,1,flanker
1393,13,congruent,0.401343466,1,flanker
1394,13,incongruent,0.46800766800000004,0,flanker
1395,13,incongruent,0.601649748,1,flanker
1396,13,incongruent,0.651720018,1,flanker
1397,13,incongruent,0.36806118099999996,1,flanker
1398,13,congruent,0.7183660159999999,1,flanker
1399,13,congruent,0.301257573,0,flanker
1400,13,incongruent,0.634966991,1,flanker
1401,13,incongruent,0.418039058,1,flanker
1402,13,incongruent,0.35134684499999996,1,flanker
1403,13,incongruent,0.46809978999999996,1,flanker
1404,13,congruent,0.33460810199999996,1,flanker
1405,13,incongruent,0.368008198,1,flanker
1406,13,congruent,0.384685314,1,flanker
1407,13,congruent,0.417980994,1,flanker
1408,13,incongruent,0.451556189,1,flanker
1409,13,incongruent,0.368031053,1,flanker
1410,13,incongruent,0.401450963,1,flanker
1411,13,congruent,0.41811661400000005,1,flanker
1412,13,congruent,0.451268857,1,flanker
1413,13,incongruent,0.635058428,1,flanker
1414,13,incongruent,0.36809391199999997,1,flanker
1415,13,congruent,0.334558291,1,flanker
1416,13,congruent,0.36801478,1,flanker
1417,13,congruent,0.384661801,1,flanker
1418,13,congruent,0.368072473,1,flanker
1419,13,incongruent,0.367981992,1,flanker
1420,13,congruent,0.33469481100000004,1,flanker
1421,13,congruent,0.434821466,1,flanker
1422,13,congruent,0.351366951,1,flanker
1423,13,incongruent,0.418026366,1,flanker
1424,13,congruent,0.317930557,1,flanker
1425,13,incongruent,0.434764138,1,flanker
1426,13,incongruent,0.401349711,1,flanker
1427,13,incongruent,0.401425843,1,flanker
1428,13,incongruent,0.46818174599999995,1,flanker
1429,13,incongruent,0.35137732899999996,1,flanker
1430,13,incongruent,0.33462413199999996,0,flanker
1431,13,congruent,0.484831766,1,flanker
1432,13,congruent,0.41802095300000003,1,flanker
1433,13,congruent,0.334597613,1,flanker
1434,13,incongruent,0.368063554,1,flanker
1435,13,congruent,0.384793965,1,flanker
1436,13,incongruent,0.367981992,1,flanker
1437,13,congruent,0.351216566,1,flanker
1438,13,incongruent,0.451453712,1,flanker
1439,13,incongruent,0.401299315,1,flanker
1440,13,congruent,0.35133013399999996,1,flanker
1441,13,congruent,0.43476804199999997,1,flanker
1442,13,congruent,0.368012522,1,flanker
1443,13,congruent,0.384716355,1,flanker
1444,13,incongruent,0.351283888,1,flanker
1445,13,incongruent,0.33468149199999997,1,flanker
1446,13,incongruent,0.35138337799999997,1,flanker
1447,13,congruent,0.384695689,1,flanker
1448,13,incongruent,0.301259705,1,flanker
1449,13,congruent,0.38469380799999997,1,flanker
1450,13,congruent,0.40135515600000005,1,flanker
1451,13,incongruent,0.418030486,0,flanker
1452,13,congruent,0.384745299,1,flanker
1453,13,incongruent,0.31795111400000003,0,flanker
1454,13,incongruent,0.384777947,1,flanker
1455,13,incongruent,0.401341058,1,flanker
1456,13,congruent,0.317676222,1,flanker
1457,13,incongruent,0.31785175400000004,1,flanker
1458,13,congruent,0.334577829,1,flanker
1459,13,incongruent,0.401349559,1,flanker
1460,13,incongruent,0.317928114,1,flanker
1461,13,congruent,0.41810098599999995,1,flanker
1462,13,incongruent,0.384700966,1,flanker
1463,13,incongruent,0.45143300399999997,1,flanker
1464,13,congruent,0.351348003,1,flanker
1465,13,congruent,0.351318139,1,flanker
1466,13,congruent,0.33445972999999996,1,flanker
1467,13,congruent,0.318004236,1,flanker
1468,13,congruent,0.434742963,1,flanker
1469,13,incongruent,0.584901617,1,flanker
1470,13,incongruent,0.45142620299999997,1,flanker
1471,13,incongruent,0.451443482,1,flanker
1472,13,congruent,0.468181533,1,flanker
1473,13,incongruent,0.384761385,1,flanker
1474,13,incongruent,0.4514694,1,flanker
1475,13,incongruent,0.418062085,1,flanker
1476,13,congruent,0.41807811500000003,1,flanker
1477,13,incongruent,0.334624843,1,flanker
1478,13,incongruent,0.301348693,1,flanker
1479,13,incongruent,0.284572351,0,flanker
1480,13,congruent,0.43478128299999996,1,flanker
1481,13,congruent,0.46809558900000003,1,flanker
1482,13,incongruent,0.5182519529999999,1,flanker
1483,13,incongruent,0.36789663699999997,1,flanker
1484,13,congruent,0.38472527100000004,1,flanker
1485,13,congruent,0.38478648,1,flanker
1486,13,congruent,0.31803306800000003,1,flanker
1487,13,incongruent,0.401386687,1,flanker
1488,13,congruent,0.401423245,1,flanker
1489,13,congruent,0.317935929,0,flanker
1490,13,congruent,0.501301969,1,flanker
1491,13,incongruent,0.368017381,1,flanker
1492,13,congruent,0.5682062069999999,1,flanker
1493,13,incongruent,0.384591334,1,flanker
1494,13,incongruent,0.451452766,1,flanker
1495,13,congruent,0.467828496,1,flanker
1496,13,incongruent,0.484780997,1,flanker
1497,13,congruent,0.401459061,1,flanker
1498,13,congruent,0.33434674799999997,1,flanker
1499,13,congruent,0.35134993800000003,1,flanker
1500,13,congruent,0.418134251,1,flanker
1501,13,incongruent,0.351397314,1,flanker
1502,13,incongruent,0.45148214799999997,1,flanker
1503,13,congruent,0.334668572,1,flanker
1504,13,congruent,0.31793296400000004,1,flanker
1505,13,incongruent,0.31793036999999996,1,flanker
1506,13,incongruent,0.317963637,0,flanker
1507,13,congruent,0.45142926499999997,1,flanker
1508,13,congruent,0.384742882,1,flanker
1509,13,incongruent,0.401363164,0,flanker
1510,13,incongruent,0.518232086,1,flanker
1511,13,incongruent,0.384452099,1,flanker
1512,13,congruent,0.384716719,1,flanker
1513,13,congruent,0.30128053499999996,1,flanker
1514,13,incongruent,0.26793602,1,flanker
1515,13,congruent,0.38468225,1,flanker
1516,13,incongruent,0.301311112,0,flanker
1517,13,congruent,0.568194105,1,flanker
1518,13,incongruent,0.351296652,1,flanker
1519,13,congruent,0.36794320900000005,1,flanker
1520,13,congruent,0.451352153,1,flanker
1521,13,congruent,0.284627469,0,flanker
1522,13,incongruent,0.534875446,0,flanker
1523,13,congruent,0.48475806899999996,1,flanker
1524,13,incongruent,0.518202826,1,flanker
1525,13,congruent,0.41803922699999996,1,flanker
1526,13,congruent,0.434713927,1,flanker
1527,13,congruent,0.38474833999999997,1,flanker
1528,13,incongruent,0.401411099,1,flanker
1529,13,congruent,0.40143235600000005,1,flanker
1530,13,congruent,0.48479779,1,flanker
1531,13,congruent,0.401481229,1,flanker
1532,13,incongruent,0.351220097,1,flanker
1533,13,incongruent,0.418009195,1,flanker
1534,13,incongruent,0.5515440149999999,1,flanker
1535,13,incongruent,0.35134016300000004,1,flanker
1536,13,congruent,0.38474143600000005,1,flanker
1537,13,incongruent,0.351403547,1,flanker
1538,13,incongruent,0.384663164,1,flanker
1539,13,incongruent,0.40141898400000003,1,flanker
1540,13,incongruent,0.38471596399999997,1,flanker
1541,13,congruent,0.418100007,1,flanker
1542,13,congruent,0.484886678,1,flanker
1543,13,congruent,0.367980621,1,flanker
1544,13,incongruent,0.451335525,0,flanker
1545,13,congruent,0.451479022,1,flanker
1546,13,congruent,0.40137780199999995,1,flanker
1547,13,incongruent,0.35131726500000005,1,flanker
1548,13,congruent,0.401458754,1,flanker
1549,13,incongruent,0.351271045,1,flanker
1550,13,incongruent,0.384660016,1,flanker
1551,13,incongruent,0.46817859700000003,1,flanker
1552,13,congruent,0.45141337600000003,1,flanker
1553,13,incongruent,0.31798197699999997,1,flanker
1554,13,incongruent,0.384691397,1,flanker
1555,13,congruent,0.351008899,1,flanker
1556,13,incongruent,0.30126684,1,flanker
1557,13,congruent,0.301235613,1,flanker
1558,13,congruent,0.317974938,1,flanker
1559,13,incongruent,0.367972741,0,flanker
1560,13,congruent,0.518163762,1,flanker
1561,13,incongruent,0.35124024400000003,1,flanker
1562,13,congruent,0.384770844,1,flanker
1563,13,congruent,0.31794164,1,flanker
1564,13,incongruent,0.334619775,1,flanker
1565,13,incongruent,0.28454447299999996,1,flanker
1566,13,congruent,0.401393586,1,flanker
1567,13,incongruent,0.33477173,0,flanker
1568,13,congruent,0.584852844,1,flanker
1569,13,incongruent,0.401367497,1,flanker
1570,13,incongruent,0.46808467400000003,1,flanker
1571,13,congruent,0.351329452,1,flanker
1572,13,incongruent,0.267949638,0,flanker
1573,13,incongruent,0.401347305,1,flanker
1574,13,congruent,0.36805775599999996,1,flanker
1575,13,congruent,0.368027419,1,flanker
1576,13,congruent,0.334583175,1,flanker
1577,13,incongruent,0.484836444,1,flanker
1578,13,congruent,0.368038571,1,flanker
1579,13,incongruent,0.317946974,1,flanker
1580,13,incongruent,0.384684492,1,flanker
1581,13,congruent,0.367981708,0,flanker
1582,13,congruent,0.35136517700000003,1,flanker
1583,13,congruent,0.4014004,1,flanker
1584,13,congruent,0.33461215600000005,1,flanker
1585,13,incongruent,0.5849230240000001,1,flanker
1586,13,congruent,0.317848919,1,flanker
1587,13,congruent,0.351337039,1,flanker
1588,13,incongruent,0.317982675,0,flanker
1589,13,congruent,0.401421946,1,flanker
1590,13,incongruent,0.43479282999999996,1,flanker
1591,13,congruent,0.384690538,1,flanker
1592,13,congruent,0.434768545,1,flanker
1593,13,incongruent,0.40139646900000003,1,flanker
1594,13,congruent,0.38470783399999997,1,flanker
1595,13,incongruent,0.351290589,1,flanker
1596,13,incongruent,0.468173125,1,flanker
1597,13,incongruent,0.885217183,1,flanker
1598,13,congruent,0.484762249,1,flanker
1599,13,congruent,0.41804187000000004,1,flanker
1600,13,incongruent,0.48482968899999995,1,flanker
1601,13,congruent,0.367992855,1,flanker
1602,13,congruent,0.434490958,1,flanker
1603,13,congruent,0.351311142,1,flanker
1604,13,incongruent,0.484791399,1,flanker
1605,13,incongruent,0.38459008899999997,1,flanker
1606,13,congruent,0.418121212,1,flanker
1607,13,incongruent,0.418084465,1,flanker
1608,13,congruent,0.367908996,1,flanker
1609,13,incongruent,0.351319111,1,flanker
1610,13,incongruent,0.418102344,1,flanker
1611,13,incongruent,0.38469754,1,flanker
1612,13,incongruent,0.451509537,1,flanker
1613,13,incongruent,0.451437291,1,flanker
1614,13,incongruent,0.418090696,1,flanker
1615,13,congruent,0.501446706,1,flanker
1616,13,incongruent,0.41804163699999997,1,flanker
1617,13,incongruent,0.317913065,1,flanker
1618,13,congruent,0.368051288,1,flanker
1619,13,incongruent,0.36808291600000004,1,flanker
1620,13,congruent,0.30126093200000004,1,flanker
1621,13,congruent,0.46816963500000003,1,flanker
1622,13,congruent,0.41814464500000004,1,flanker
1623,13,incongruent,0.434857907,1,flanker
1624,13,incongruent,0.368003833,1,flanker
1625,13,incongruent,0.41813121599999997,1,flanker
1626,13,incongruent,0.384715623,1,flanker
1627,13,congruent,0.33449867899999997,1,flanker
1628,13,incongruent,0.401373782,1,flanker
1629,13,congruent,0.368033973,1,flanker
1630,13,incongruent,0.284554171,1,flanker
1631,13,congruent,0.551551465,1,flanker
1632,13,congruent,0.36802538700000004,1,flanker
1633,13,congruent,0.384696359,1,flanker
1634,13,congruent,0.38471603499999996,1,flanker
1635,13,incongruent,0.367972688,1,flanker
1636,13,incongruent,0.351280557,1,flanker
1637,13,incongruent,0.334624037,1,flanker
1638,13,incongruent,0.367906691,1,flanker
1639,13,congruent,0.384704949,1,flanker
1640,13,congruent,0.351320877,1,flanker
1641,13,congruent,0.384615391,1,flanker
1642,13,congruent,0.334606796,1,flanker
1643,13,congruent,0.351342718,1,flanker
1644,13,incongruent,0.551564613,1,flanker
1645,13,congruent,0.368061979,1,flanker
1646,13,congruent,0.351364219,1,flanker
1647,13,incongruent,0.5515150489999999,1,flanker
1648,13,congruent,0.418074511,1,flanker
1649,13,congruent,0.351339,1,flanker
1650,13,congruent,0.451516308,1,flanker
1651,13,congruent,0.401311054,1,flanker
1652,13,congruent,0.384699403,1,flanker
1653,13,congruent,0.31798508,1,flanker
1654,13,incongruent,0.38466094500000003,1,flanker
1655,13,congruent,0.3180283,1,flanker
1656,13,incongruent,0.351353383,1,flanker
1657,13,incongruent,0.451455938,1,flanker
1658,13,incongruent,0.41811821099999996,1,flanker
1659,13,incongruent,0.451476692,1,flanker
1660,13,incongruent,0.368005741,1,flanker
1661,13,congruent,0.367990259,1,flanker
1662,13,incongruent,0.35129505299999997,1,flanker
1663,13,incongruent,0.35136058000000003,1,flanker
1664,13,incongruent,0.41807806399999997,1,flanker
1665,13,congruent,0.434734174,1,flanker
1666,13,incongruent,0.48485256299999996,1,flanker
1667,13,congruent,0.301288924,1,flanker
1668,13,incongruent,0.5181813049999999,1,flanker
1669,13,incongruent,0.368016645,1,flanker
1670,13,incongruent,0.43479821500000004,1,flanker
1671,13,incongruent,0.434792246,1,flanker
1672,13,congruent,0.434795166,1,flanker
1673,13,congruent,0.36805575399999996,1,flanker
1674,13,congruent,0.38469570399999997,1,flanker
1675,13,incongruent,0.5349355480000001,1,flanker
1676,13,incongruent,0.31795855,1,flanker
1677,13,congruent,0.551532875,1,flanker
1678,14,congruent,0.384761396,1,flanker
1679,14,congruent,0.35131921499999996,1,flanker
1680,14,congruent,0.5181048039999999,1,flanker
1681,14,incongruent,0.434712832,1,flanker
1682,14,congruent,0.451433514,1,flanker
1683,14,incongruent,0.451478041,1,flanker
1684,14,incongruent,0.48479502,1,flanker
1685,14,incongruent,0.38460684700000003,1,flanker
1686,14,incongruent,0.31801661999999997,1,flanker
1687,14,incongruent,0.451412229,1,flanker
1688,14,incongruent,0.31790669200000005,1,flanker
1689,14,incongruent,0.401308175,1,flanker
1690,14,congruent,0.33469712500000004,1,flanker
1691,14,incongruent,0.334734064,1,flanker
1692,14,incongruent,0.584915018,1,flanker
1693,14,incongruent,0.401385981,1,flanker
1694,14,congruent,0.334636545,1,flanker
1695,14,congruent,0.21789603600000002,1,flanker
1696,14,congruent,0.45131968299999997,1,flanker
1697,14,congruent,0.30125536399999997,1,flanker
1698,14,congruent,0.33436419,0,flanker
1699,14,congruent,0.317914039,1,flanker
1700,14,congruent,0.434728576,1,flanker
1701,14,congruent,0.35132318900000004,1,flanker
1702,14,congruent,0.484861806,1,flanker
1703,14,incongruent,0.368089612,1,flanker
1704,14,congruent,0.368036229,1,flanker
1705,14,incongruent,0.468078868,1,flanker
1706,14,congruent,0.40141129999999997,1,flanker
1707,14,congruent,0.30129703799999996,1,flanker
1708,14,incongruent,0.401359653,1,flanker
1709,14,congruent,0.301272041,0,flanker
1710,14,congruent,0.568224099,1,flanker
1711,14,incongruent,0.40145196499999997,1,flanker
1712,14,incongruent,0.40131282,1,flanker
1713,14,congruent,0.48475748199999996,1,flanker
1714,14,incongruent,0.5682260179999999,1,flanker
1715,14,incongruent,0.43466373700000005,0,flanker
1716,14,incongruent,0.518270389,1,flanker
1717,14,congruent,0.38463078100000003,1,flanker
1718,14,incongruent,0.41804843399999997,1,flanker
1719,14,incongruent,0.401392853,0,flanker
1720,14,incongruent,0.534871734,1,flanker
1721,14,incongruent,0.551577868,1,flanker
1722,14,incongruent,0.451399291,1,flanker
1723,14,incongruent,0.351306938,1,flanker
1724,14,incongruent,0.33469300199999996,1,flanker
1725,14,congruent,0.351332566,1,flanker
1726,14,congruent,0.36807370300000003,1,flanker
1727,14,congruent,0.334604101,1,flanker
1728,14,congruent,0.63492264,1,flanker
1729,14,incongruent,0.484812505,1,flanker
1730,14,congruent,0.40139843999999997,1,flanker
1731,14,congruent,0.4848971,1,flanker
1732,14,congruent,0.334667811,1,flanker
1733,14,incongruent,0.501522594,1,flanker
1734,14,congruent,0.418083107,1,flanker
1735,14,incongruent,0.28465169700000004,0,flanker
1736,14,incongruent,0.5848033229999999,1,flanker
1737,14,congruent,0.45137776300000004,1,flanker
1738,14,congruent,0.384654994,1,flanker
1739,14,incongruent,0.384690921,1,flanker
1740,14,incongruent,0.501404585,1,flanker
1741,14,incongruent,0.351281151,1,flanker
1742,14,congruent,0.36802511099999996,1,flanker
1743,14,congruent,0.334659238,1,flanker
1744,14,congruent,0.334665909,1,flanker
1745,14,congruent,0.334724973,1,flanker
1746,14,congruent,0.31788062,1,flanker
1747,14,congruent,0.30125070699999995,1,flanker
1748,14,incongruent,0.367956518,1,flanker
1749,14,incongruent,0.334609656,1,flanker
1750,14,incongruent,0.334705998,1,flanker
1751,14,congruent,0.30134099200000003,1,flanker
1752,14,congruent,0.401457915,1,flanker
1753,14,congruent,0.40141533500000004,1,flanker
1754,14,incongruent,0.368061109,0,flanker
1755,14,congruent,0.38474059,1,flanker
1756,14,congruent,0.434777511,1,flanker
1757,14,incongruent,0.384710363,1,flanker
1758,14,incongruent,0.31795645899999997,1,flanker
1759,14,incongruent,0.284629208,0,flanker
1760,14,incongruent,0.318012263,1,flanker
1761,14,incongruent,0.284474803,1,flanker
1762,14,incongruent,0.401414582,1,flanker
1763,14,congruent,0.35130443100000003,1,flanker
1764,14,congruent,0.367986755,1,flanker
1765,14,congruent,0.367974961,1,flanker
1766,14,incongruent,0.384712135,0,flanker
1767,14,congruent,0.434701163,1,flanker
1768,14,congruent,0.368065999,1,flanker
1769,14,congruent,0.301034927,1,flanker
1770,14,incongruent,0.401422904,1,flanker
1771,14,incongruent,0.317931967,1,flanker
1772,14,incongruent,0.334621583,1,flanker
1773,14,incongruent,0.367998013,1,flanker
1774,14,congruent,0.351324824,1,flanker
1775,14,incongruent,0.35141236099999995,1,flanker
1776,14,incongruent,0.418088757,1,flanker
1777,14,congruent,0.301329968,1,flanker
1778,14,congruent,0.36793584399999996,1,flanker
1779,14,congruent,0.30126923299999997,1,flanker
1780,14,congruent,0.301293672,0,flanker
1781,14,congruent,0.468048851,1,flanker
1782,14,incongruent,0.31795432599999995,1,flanker
1783,14,incongruent,0.301340209,1,flanker
1784,14,congruent,0.284618876,1,flanker
1785,14,incongruent,0.284575958,1,flanker
1786,14,congruent,0.251160376,1,flanker
1787,14,incongruent,0.351302371,1,flanker
1788,14,incongruent,0.36814784700000003,1,flanker
1789,14,incongruent,0.401401957,1,flanker
1790,14,incongruent,0.368095683,1,flanker
1791,14,congruent,0.33462668100000004,1,flanker
1792,14,congruent,0.401440091,1,flanker
1793,14,congruent,0.367999854,1,flanker
1794,14,congruent,0.36796755999999997,1,flanker
1795,14,congruent,0.28455711300000003,1,flanker
1796,14,incongruent,0.418084273,1,flanker
1797,14,congruent,0.30118467600000004,1,flanker
1798,14,incongruent,1.202300722,1,flanker
1799,14,congruent,0.40138036,1,flanker
1800,14,congruent,0.35130346500000004,1,flanker
1801,14,congruent,0.351424456,1,flanker
1802,14,incongruent,0.33463244,1,flanker
1803,14,incongruent,0.418086679,1,flanker
1804,14,incongruent,0.334536414,1,flanker
1805,14,congruent,0.317946462,1,flanker
1806,14,incongruent,0.301292921,1,flanker
1807,14,congruent,0.284613752,1,flanker
1808,14,congruent,0.201240816,0,flanker
1809,14,incongruent,0.38462001500000004,1,flanker
1810,14,incongruent,0.284630184,1,flanker
1811,14,congruent,0.351326857,1,flanker
1812,14,congruent,0.351358518,1,flanker
1813,14,congruent,0.401456033,1,flanker
1814,14,congruent,0.317903347,1,flanker
1815,14,congruent,0.33472195699999996,1,flanker
1816,14,incongruent,0.368066018,1,flanker
1817,14,congruent,0.36799364500000004,1,flanker
1818,14,incongruent,0.28454486500000004,0,flanker
1819,14,congruent,0.451415449,1,flanker
1820,14,incongruent,0.317956862,1,flanker
1821,14,incongruent,0.36803548,1,flanker
1822,14,incongruent,0.368010642,1,flanker
1823,14,incongruent,0.36801749300000003,1,flanker
1824,14,congruent,0.317941853,1,flanker
1825,14,congruent,0.301311131,0,flanker
1826,14,congruent,0.61827916,1,flanker
1827,14,incongruent,0.317929195,1,flanker
1828,14,incongruent,0.351050215,1,flanker
1829,14,congruent,0.284643896,1,flanker
1830,14,congruent,0.384710029,1,flanker
1831,14,incongruent,0.317983087,1,flanker
1832,14,congruent,0.35133385500000003,1,flanker
1833,14,incongruent,0.30126265799999996,0,flanker
1834,14,incongruent,0.334624682,1,flanker
1835,14,incongruent,0.41803805299999997,1,flanker
1836,14,congruent,0.30130026600000004,1,flanker
1837,14,incongruent,0.251204165,1,flanker
1838,14,incongruent,0.334668405,1,flanker
1839,14,incongruent,0.40136425400000003,1,flanker
1840,14,congruent,0.301413564,1,flanker
1841,14,congruent,0.33460240599999996,1,flanker
1842,14,incongruent,0.301297173,1,flanker
1843,14,incongruent,0.40135345699999997,1,flanker
1844,14,incongruent,0.468179309,1,flanker
1845,14,incongruent,0.334632316,1,flanker
1846,14,congruent,0.43465720700000005,1,flanker
1847,14,incongruent,0.43480548199999997,1,flanker
1848,14,congruent,0.317967492,1,flanker
1849,14,incongruent,0.28458842900000003,1,flanker
1850,14,congruent,0.418128469,1,flanker
1851,14,incongruent,0.434811074,1,flanker
1852,14,congruent,0.30125861600000003,1,flanker
1853,14,incongruent,0.31795163200000004,1,flanker
1854,14,incongruent,0.46808758899999997,1,flanker
1855,14,congruent,0.301241393,0,flanker
1856,14,congruent,0.368028851,1,flanker
1857,14,congruent,0.401335676,1,flanker
1858,14,incongruent,0.301350771,1,flanker
1859,14,incongruent,0.40138715,0,flanker
1860,14,incongruent,0.334684379,1,flanker
1861,14,congruent,0.351290055,1,flanker
1862,14,incongruent,0.31792554,1,flanker
1863,14,incongruent,0.368074222,1,flanker
1864,14,incongruent,0.35139536600000004,1,flanker
1865,14,congruent,0.368068571,1,flanker
1866,14,congruent,0.351340312,1,flanker
1867,14,congruent,0.284507767,1,flanker
1868,14,congruent,0.301225197,1,flanker
1869,14,congruent,0.468029543,1,flanker
1870,14,incongruent,0.401447293,1,flanker
1871,14,congruent,0.301245525,1,flanker
1872,14,congruent,0.284554395,1,flanker
1873,14,congruent,0.284540571,1,flanker
1874,14,incongruent,0.367971402,1,flanker
1875,14,congruent,0.267861819,1,flanker
1876,14,incongruent,0.36808503400000003,1,flanker
1877,14,incongruent,0.318003789,1,flanker
1878,14,incongruent,0.3179586,0,flanker
1879,14,incongruent,0.41813888400000004,1,flanker
1880,14,incongruent,0.267953417,1,flanker
1881,14,incongruent,0.33461107,1,flanker
1882,14,incongruent,0.284621752,0,flanker
1883,14,congruent,0.30120989400000003,1,flanker
1884,14,congruent,0.317982243,1,flanker
1885,14,incongruent,0.334662079,0,flanker
1886,14,incongruent,0.367963496,1,flanker
1887,14,congruent,0.30132501100000003,0,flanker
1888,14,congruent,0.301276889,1,flanker
1889,14,incongruent,0.401404478,1,flanker
1890,14,incongruent,0.33465295500000003,1,flanker
1891,14,congruent,0.284606403,1,flanker
1892,14,congruent,0.30123675,1,flanker
1893,14,congruent,0.451148601,1,flanker
1894,14,congruent,0.351323043,1,flanker
1895,14,incongruent,0.284502836,0,flanker
1896,14,incongruent,0.5015727289999999,1,flanker
1897,14,incongruent,0.368082851,1,flanker
1898,14,congruent,0.284585518,1,flanker
1899,14,incongruent,0.551616074,1,flanker
1900,14,congruent,0.351309517,1,flanker
1901,14,congruent,0.301238159,1,flanker
1902,14,congruent,0.284655459,1,flanker
1903,14,incongruent,0.267934665,0,flanker
1904,14,incongruent,0.31792011000000003,1,flanker
1905,14,incongruent,0.418115652,1,flanker
1906,14,congruent,0.31797733899999997,1,flanker
1907,14,congruent,0.301264031,1,flanker
1908,14,incongruent,0.301327224,1,flanker
1909,14,congruent,0.351292377,1,flanker
1910,14,congruent,0.317737575,1,flanker
1911,14,congruent,0.334662116,1,flanker
1912,14,congruent,0.43482055000000003,1,flanker
1913,14,incongruent,0.30124313599999997,1,flanker
1914,14,incongruent,0.384675682,1,flanker
1915,14,congruent,0.31795838,1,flanker
1916,14,incongruent,0.33467005699999997,1,flanker
1917,14,congruent,0.28454972700000003,1,flanker
1918,14,congruent,0.284610525,1,flanker
1919,14,congruent,0.334679567,1,flanker
1920,14,incongruent,0.351288855,1,flanker
1921,14,incongruent,0.334699998,0,flanker
1922,14,congruent,0.384720911,1,flanker
1923,14,congruent,0.33465117099999997,1,flanker
1924,14,incongruent,0.36798421200000003,1,flanker
1925,14,congruent,0.418149847,1,flanker
1926,14,incongruent,0.334676216,1,flanker
1927,14,congruent,0.317981033,1,flanker
1928,14,incongruent,0.317955226,1,flanker
1929,14,congruent,0.301244368,1,flanker
1930,14,incongruent,0.301240377,0,flanker
1931,14,incongruent,0.284584101,0,flanker
1932,14,congruent,0.367986105,1,flanker
1933,14,congruent,0.334597727,1,flanker
1934,14,congruent,0.351295467,1,flanker
1935,14,incongruent,0.40138856700000003,1,flanker
1936,14,congruent,0.334719946,1,flanker
1937,14,incongruent,0.301336051,0,flanker
1938,14,congruent,0.351218704,1,flanker
1939,14,incongruent,0.434761954,1,flanker
1940,14,congruent,0.334654962,1,flanker
1941,14,congruent,0.284535505,1,flanker
1942,14,incongruent,0.301262255,0,flanker
1943,14,incongruent,0.468189965,1,flanker
1944,14,congruent,0.317923555,1,flanker
1945,14,incongruent,0.334663658,0,flanker
1946,14,incongruent,0.401456909,0,flanker
1947,14,incongruent,0.384664174,1,flanker
1948,14,incongruent,0.384746451,1,flanker
1949,14,incongruent,0.434766924,1,flanker
1950,14,congruent,0.3679746,1,flanker
1951,14,congruent,0.33470545199999996,1,flanker
1952,14,congruent,0.31795316100000004,1,flanker
1953,14,incongruent,0.351366217,1,flanker
1954,14,incongruent,0.418115707,1,flanker
1955,14,congruent,0.33451805,1,flanker
1956,14,incongruent,0.418007248,1,flanker
1957,14,incongruent,0.48486942699999996,1,flanker
1958,14,incongruent,0.601659547,1,flanker
1959,14,incongruent,0.26798010099999997,0,flanker
1960,14,congruent,0.384748434,1,flanker
1961,14,incongruent,0.8685708879999999,1,flanker
1962,14,congruent,0.368007269,1,flanker
1963,14,congruent,0.31799271700000004,1,flanker
1964,14,congruent,0.301236053,1,flanker
1965,14,congruent,0.318025538,1,flanker
1966,14,incongruent,0.351212819,1,flanker
1967,14,congruent,0.368041579,1,flanker
1968,14,congruent,0.401107776,1,flanker
1969,14,congruent,0.26793303300000004,1,flanker
1970,14,incongruent,0.46815736199999997,1,flanker
1971,14,incongruent,0.351341564,1,flanker
1972,14,congruent,0.284556427,1,flanker
1973,14,incongruent,0.31796491,0,flanker
1974,14,incongruent,0.36799206700000003,1,flanker
1975,14,incongruent,0.334646143,1,flanker
1976,14,incongruent,0.534833644,1,flanker
1977,14,congruent,0.401392066,1,flanker
1978,14,incongruent,0.318055849,1,flanker
1979,14,incongruent,0.351299772,1,flanker
1980,14,incongruent,0.417754169,0,flanker
1981,14,incongruent,0.6183285620000001,1,flanker
1982,14,incongruent,0.368022038,1,flanker
1983,14,incongruent,0.40137906500000003,1,flanker
1984,14,congruent,0.317659368,1,flanker
1985,14,incongruent,0.351303786,1,flanker
1986,14,incongruent,0.401403832,0,flanker
1987,14,congruent,0.334602983,1,flanker
1988,14,incongruent,0.418067157,1,flanker
1989,14,incongruent,0.26790421099999995,1,flanker
1990,14,congruent,0.3346303,1,flanker
1991,14,incongruent,0.301323464,1,flanker
1992,14,congruent,0.28453743800000003,1,flanker
1993,14,incongruent,0.401461723,1,flanker
1994,14,congruent,0.33469198899999997,1,flanker
1995,14,congruent,0.334652753,1,flanker
1996,14,incongruent,0.217879063,1,flanker
1997,14,congruent,0.43478874,1,flanker
1998,14,incongruent,0.317956362,0,flanker
1999,14,congruent,0.368034969,1,flanker
2000,14,congruent,0.317943234,1,flanker
2001,14,congruent,0.301305855,1,flanker
2002,14,incongruent,0.35135009,1,flanker
2003,14,incongruent,0.334610611,0,flanker
2004,14,congruent,0.33471151,1,flanker
2005,14,congruent,0.284637374,0,flanker
2006,14,congruent,0.351328925,1,flanker
2007,14,congruent,0.334695563,1,flanker
2008,14,congruent,0.284667105,1,flanker
2009,14,incongruent,0.317910564,0,flanker
2010,14,congruent,0.301290356,1,flanker
2011,14,incongruent,0.40141962000000003,1,flanker
2012,14,congruent,0.267958209,1,flanker
2013,14,congruent,0.318012337,1,flanker
2014,15,incongruent,0.434812703,1,flanker
2015,15,congruent,0.35140593999999997,1,flanker
2016,15,incongruent,0.401367182,1,flanker
2017,15,congruent,0.35129319400000003,1,flanker
2018,15,incongruent,0.301303576,0,flanker
2019,15,congruent,0.36803940599999996,1,flanker
2020,15,incongruent,0.48479422,1,flanker
2021,15,incongruent,0.368080096,0,flanker
2022,15,congruent,0.534854644,1,flanker
2023,15,congruent,0.301320741,1,flanker
2024,15,incongruent,0.468146724,1,flanker
2025,15,incongruent,0.251218376,1,flanker
2026,15,congruent,0.284533323,1,flanker
2027,15,incongruent,0.251094231,1,flanker
2028,15,congruent,0.251182524,0,flanker
2029,15,incongruent,0.568294012,1,flanker
2030,15,incongruent,0.267885292,0,flanker
2031,15,congruent,0.5013885730000001,1,flanker
2032,15,incongruent,0.351373263,1,flanker
2033,15,incongruent,0.334599945,1,flanker
2034,15,incongruent,0.468073225,1,flanker
2035,15,congruent,0.317975219,1,flanker
2036,15,incongruent,0.43474422900000004,1,flanker
2037,15,incongruent,0.484843179,1,flanker
2038,15,congruent,0.367973948,1,flanker
2039,15,congruent,0.351361798,1,flanker
2040,15,congruent,0.301321124,1,flanker
2041,15,incongruent,0.36802923800000004,1,flanker
2042,15,incongruent,0.36807845,1,flanker
2043,15,incongruent,0.267865006,0,flanker
2044,15,congruent,0.43475975699999997,1,flanker
2045,15,congruent,0.30134233899999996,1,flanker
2046,15,congruent,0.33454668099999996,1,flanker
2047,15,congruent,0.367975431,1,flanker
2048,15,congruent,0.36799018899999997,1,flanker
2049,15,congruent,0.401299917,1,flanker
2050,15,congruent,0.334709587,1,flanker
2051,15,incongruent,0.451433288,1,flanker
2052,15,congruent,0.367925262,1,flanker
2053,15,congruent,0.318039228,1,flanker
2054,15,incongruent,0.317940136,1,flanker
2055,15,incongruent,0.267968412,1,flanker
2056,15,congruent,0.317971922,1,flanker
2057,15,congruent,0.284502137,0,flanker
2058,15,congruent,0.551628922,1,flanker
2059,15,incongruent,0.384767679,1,flanker
2060,15,incongruent,0.41808988599999997,1,flanker
2061,15,congruent,0.384701611,1,flanker
2062,15,congruent,0.384787324,1,flanker
2063,15,congruent,0.368080179,1,flanker
2064,15,incongruent,0.418111761,1,flanker
2065,15,incongruent,0.351346157,1,flanker
2066,15,incongruent,0.50156374,1,flanker
2067,15,congruent,0.351452361,0,flanker
2068,15,incongruent,0.5348956389999999,1,flanker
2069,15,incongruent,0.401457324,1,flanker
2070,15,incongruent,0.5181576880000001,1,flanker
2071,15,congruent,0.301251518,1,flanker
2072,15,incongruent,0.317932229,1,flanker
2073,15,congruent,0.384687146,1,flanker
2074,15,incongruent,0.501557306,1,flanker
2075,15,congruent,0.35136333200000003,1,flanker
2076,15,congruent,0.317659925,1,flanker
2077,15,incongruent,0.23453591399999998,0,flanker
2078,15,incongruent,0.434819399,1,flanker
2079,15,incongruent,0.368074276,1,flanker
2080,15,incongruent,0.418045276,1,flanker
2081,15,incongruent,0.334628677,1,flanker
2082,15,incongruent,0.267930145,1,flanker
2083,15,incongruent,0.301273634,1,flanker
2084,15,incongruent,0.251172705,0,flanker
2085,15,congruent,0.45142445600000003,1,flanker
2086,15,congruent,0.317946265,1,flanker
2087,15,incongruent,0.30127727800000004,1,flanker
2088,15,incongruent,0.28456225999999996,1,flanker
2089,15,congruent,0.317940919,0,flanker
2090,15,incongruent,0.51826576,1,flanker
2091,15,congruent,0.351368182,1,flanker
2092,15,incongruent,0.21771552500000002,0,flanker
2093,15,congruent,0.384726487,1,flanker
2094,15,congruent,0.534892814,1,flanker
2095,15,congruent,0.234586144,0,flanker
2096,15,incongruent,0.634842307,1,flanker
2097,15,congruent,0.351227586,1,flanker
2098,15,congruent,0.317969761,0,flanker
2099,15,congruent,0.351314482,1,flanker
2100,15,congruent,0.401361099,1,flanker
2101,15,congruent,0.35122803900000005,1,flanker
2102,15,incongruent,0.484793592,1,flanker
2103,15,incongruent,0.334630508,1,flanker
2104,15,incongruent,0.384692168,1,flanker
2105,15,congruent,0.334713377,1,flanker
2106,15,congruent,0.267893814,1,flanker
2107,15,incongruent,0.317993106,1,flanker
2108,15,congruent,0.4177682,1,flanker
2109,15,incongruent,0.43473650199999997,1,flanker
2110,15,congruent,0.33462598000000005,1,flanker
2111,15,congruent,0.33466083300000005,1,flanker
2112,15,congruent,0.384631881,1,flanker
2113,15,incongruent,0.668301732,1,flanker
2114,15,congruent,0.38472331200000004,1,flanker
2115,15,incongruent,0.38476666,1,flanker
2116,15,congruent,0.38472581100000003,1,flanker
2117,15,incongruent,0.33466368799999996,1,flanker
2118,15,congruent,0.30134376500000004,1,flanker
2119,15,congruent,0.468088375,1,flanker
2120,15,congruent,0.36806663500000003,1,flanker
2121,15,incongruent,0.368006432,1,flanker
2122,15,incongruent,0.3179006,1,flanker
2123,15,congruent,0.33471218900000005,1,flanker
2124,15,incongruent,0.33440045300000004,1,flanker
2125,15,incongruent,0.568227272,1,flanker
2126,15,incongruent,0.46803005799999997,1,flanker
2127,15,congruent,0.33465628199999997,1,flanker
2128,15,incongruent,0.33468980699999995,1,flanker
2129,15,congruent,0.317938854,1,flanker
2130,15,congruent,0.334698114,1,flanker
2131,15,congruent,0.384740686,1,flanker
2132,15,incongruent,0.317904111,1,flanker
2133,15,incongruent,0.234533645,1,flanker
2134,15,congruent,0.267844562,1,flanker
2135,15,congruent,0.217911631,0,flanker
2136,15,incongruent,0.33462578000000004,1,flanker
2137,15,incongruent,0.30124058200000003,0,flanker
2138,15,congruent,0.351346041,1,flanker
2139,15,congruent,0.36813127900000003,1,flanker
2140,15,incongruent,0.28447174599999997,1,flanker
2141,15,congruent,0.468154471,1,flanker
2142,15,incongruent,0.468102482,1,flanker
2143,15,congruent,0.35124287099999996,1,flanker
2144,15,congruent,0.401288495,1,flanker
2145,15,congruent,0.41805401799999997,1,flanker
2146,15,congruent,0.451520619,1,flanker
2147,15,incongruent,0.35133697799999997,1,flanker
2148,15,congruent,0.401393928,1,flanker
2149,15,incongruent,0.418064819,1,flanker
2150,15,congruent,0.35126295599999996,1,flanker
2151,15,incongruent,0.501465243,1,flanker
2152,15,incongruent,0.40143888299999997,1,flanker
2153,15,congruent,0.384707856,1,flanker
2154,15,incongruent,0.334618104,1,flanker
2155,15,incongruent,0.434737249,1,flanker
2156,15,congruent,0.368023642,1,flanker
2157,15,congruent,0.334331198,1,flanker
2158,15,congruent,0.418075326,1,flanker
2159,15,incongruent,0.451370882,1,flanker
2160,15,incongruent,0.367980382,1,flanker
2161,15,incongruent,0.30123779300000003,0,flanker
2162,15,incongruent,0.451510872,1,flanker
2163,15,congruent,0.384778933,1,flanker
2164,15,incongruent,0.41800526000000005,1,flanker
2165,15,congruent,0.41814347199999996,1,flanker
2166,15,congruent,0.43480969599999997,1,flanker
2167,15,incongruent,0.35134184599999996,1,flanker
2168,15,congruent,0.317968311,1,flanker
2169,15,incongruent,0.368037125,1,flanker
2170,15,incongruent,0.41811053299999995,0,flanker
2171,15,incongruent,0.6016768379999999,1,flanker
2172,15,incongruent,0.301262026,1,flanker
2173,15,incongruent,0.401380818,1,flanker
2174,15,congruent,0.317967326,1,flanker
2175,15,incongruent,0.401343223,1,flanker
2176,15,congruent,0.40139192500000004,1,flanker
2177,15,congruent,0.2846596,1,flanker
2178,15,incongruent,0.301335529,1,flanker
2179,15,incongruent,0.38474546600000004,1,flanker
2180,15,congruent,0.401427469,1,flanker
2181,15,congruent,0.434748896,1,flanker
2182,15,congruent,0.384686651,1,flanker
2183,15,incongruent,0.434764135,1,flanker
2184,15,incongruent,0.35146905700000003,0,flanker
2185,15,incongruent,0.36782719100000005,1,flanker
2186,15,incongruent,0.501469212,1,flanker
2187,15,congruent,0.401390926,1,flanker
2188,15,congruent,0.351422486,1,flanker
2189,15,congruent,0.40140386899999997,1,flanker
2190,15,congruent,0.351365001,1,flanker
2191,15,congruent,0.26785168499999995,0,flanker
2192,15,congruent,0.318029804,1,flanker
2193,15,congruent,0.33469585999999996,1,flanker
2194,15,congruent,0.334750669,1,flanker
2195,15,congruent,0.284541228,1,flanker
2196,15,incongruent,0.401355352,0,flanker
2197,15,congruent,0.334647852,1,flanker
2198,15,congruent,0.30128498400000003,1,flanker
2199,15,incongruent,0.384757644,0,flanker
2200,15,incongruent,0.568228375,1,flanker
2201,15,congruent,0.451434358,1,flanker
2202,15,congruent,0.351333058,1,flanker
2203,15,congruent,0.35126244100000004,1,flanker
2204,15,incongruent,0.45139397400000003,1,flanker
2205,15,congruent,0.35140387900000003,1,flanker
2206,15,incongruent,0.418033781,1,flanker
2207,15,incongruent,0.317942432,1,flanker
2208,15,incongruent,0.451441194,1,flanker
2209,15,congruent,0.351379391,1,flanker
2210,15,incongruent,0.501579764,1,flanker
2211,15,incongruent,0.451434695,1,flanker
2212,15,congruent,0.384776951,1,flanker
2213,15,incongruent,0.36801275,1,flanker
2214,15,congruent,0.367979178,1,flanker
2215,15,congruent,0.36808751,1,flanker
2216,15,congruent,0.284644717,1,flanker
2217,15,incongruent,0.384716608,0,flanker
2218,15,congruent,0.451493258,1,flanker
2219,15,congruent,0.284555902,1,flanker
2220,15,incongruent,0.30127986399999995,1,flanker
2221,15,incongruent,0.301332936,0,flanker
2222,15,incongruent,0.451465881,1,flanker
2223,15,congruent,0.41804894400000003,1,flanker
2224,15,incongruent,0.317986813,1,flanker
2225,15,incongruent,0.368005136,0,flanker
2226,15,incongruent,0.434772539,1,flanker
2227,15,incongruent,0.351287486,1,flanker
2228,15,congruent,0.334625358,1,flanker
2229,15,incongruent,0.6183366419999999,1,flanker
2230,15,incongruent,0.33466616299999996,1,flanker
2231,15,congruent,0.367998497,1,flanker
2232,15,incongruent,0.368083257,1,flanker
2233,15,congruent,0.401390338,1,flanker
2234,15,incongruent,0.384615311,1,flanker
2235,15,congruent,0.38473535600000003,1,flanker
2236,15,incongruent,0.43478614,1,flanker
2237,15,incongruent,0.334608473,1,flanker
2238,15,congruent,0.601610455,1,flanker
2239,15,congruent,0.36805917299999996,1,flanker
2240,15,congruent,0.31794679600000003,1,flanker
2241,15,incongruent,0.367906834,1,flanker
2242,15,incongruent,0.351398418,1,flanker
2243,15,incongruent,0.267819692,0,flanker
2244,15,incongruent,0.451495068,1,flanker
2245,15,congruent,0.6183551690000001,1,flanker
2246,15,congruent,0.41807204400000003,1,flanker
2247,15,incongruent,0.284639694,0,flanker
2248,15,congruent,0.284592017,1,flanker
2249,15,incongruent,0.501449478,1,flanker
2250,15,congruent,0.301340983,1,flanker
2251,15,incongruent,0.284585404,1,flanker
2252,15,congruent,0.33462138199999997,1,flanker
2253,15,congruent,0.28457352100000005,1,flanker
2254,15,incongruent,0.301184702,0,flanker
2255,15,congruent,0.368059938,1,flanker
2256,15,congruent,0.267897542,1,flanker
2257,15,incongruent,0.317943515,0,flanker
2258,15,congruent,0.301201029,1,flanker
2259,15,congruent,0.368023754,1,flanker
2260,15,congruent,0.3680485,1,flanker
2261,15,incongruent,0.267938544,0,flanker
2262,15,incongruent,0.46808923700000005,1,flanker
2263,15,congruent,0.334658961,1,flanker
2264,15,congruent,0.334696756,1,flanker
2265,15,incongruent,0.468108551,1,flanker
2266,15,incongruent,0.41806936,0,flanker
2267,15,incongruent,0.534695796,1,flanker
2268,15,incongruent,0.368063845,1,flanker
2269,15,incongruent,0.38465344399999996,0,flanker
2270,15,congruent,0.31792075,1,flanker
2271,15,congruent,0.318012859,1,flanker
2272,15,congruent,0.384713391,1,flanker
2273,15,congruent,0.284557277,1,flanker
2274,15,incongruent,0.301191326,1,flanker
2275,15,incongruent,0.334727431,1,flanker
2276,15,congruent,0.184500372,0,flanker
2277,15,congruent,0.46817499900000004,1,flanker
2278,15,congruent,0.501550697,1,flanker
2279,15,incongruent,0.351317219,1,flanker
2280,15,incongruent,0.351414383,1,flanker
2281,15,incongruent,0.33470580899999997,1,flanker
2282,15,congruent,0.351264943,1,flanker
2283,15,incongruent,0.35131756999999997,0,flanker
2284,15,incongruent,0.40142354599999996,1,flanker
2285,15,congruent,0.28457889799999997,1,flanker
2286,15,incongruent,0.418123961,1,flanker
2287,15,incongruent,0.401397356,1,flanker
2288,15,congruent,0.301329074,1,flanker
2289,15,incongruent,0.317659172,1,flanker
2290,15,incongruent,0.334655109,1,flanker
2291,15,incongruent,0.284588305,1,flanker
2292,15,congruent,0.434820393,1,flanker
2293,15,congruent,0.401379302,1,flanker
2294,15,incongruent,0.418192526,1,flanker
2295,15,incongruent,0.468016241,1,flanker
2296,15,congruent,0.384701507,1,flanker
2297,15,congruent,0.38467539900000003,1,flanker
2298,15,incongruent,0.367980698,1,flanker
2299,15,incongruent,0.384466061,1,flanker
2300,15,congruent,0.351289747,1,flanker
2301,15,incongruent,0.384697346,1,flanker
2302,15,congruent,0.334631595,1,flanker
2303,15,congruent,0.351378801,1,flanker
2304,15,incongruent,0.40143717700000003,1,flanker
2305,15,congruent,0.468135769,1,flanker
2306,15,incongruent,0.518151204,1,flanker
2307,15,congruent,0.301261085,1,flanker
2308,15,incongruent,0.451473207,1,flanker
2309,15,congruent,0.284634892,1,flanker
2310,15,congruent,0.317982649,1,flanker
2311,15,incongruent,0.30128718400000004,1,flanker
2312,15,incongruent,0.35111613999999997,1,flanker
2313,15,incongruent,0.28450809299999996,0,flanker
2314,15,incongruent,0.33463077900000004,0,flanker
2315,15,congruent,0.48482056,1,flanker
2316,15,congruent,0.401372857,1,flanker
2317,15,congruent,0.334667889,1,flanker
2318,15,incongruent,0.351237958,1,flanker
2319,15,incongruent,0.36801479,0,flanker
2320,15,incongruent,0.43473872799999996,1,flanker
2321,15,incongruent,0.434739428,1,flanker
2322,15,congruent,0.31784524599999997,1,flanker
2323,15,incongruent,0.468079025,1,flanker
2324,15,congruent,0.38474067100000003,1,flanker
2325,15,incongruent,0.601538046,1,flanker
2326,15,incongruent,0.318001981,1,flanker
2327,15,incongruent,0.36811183,1,flanker
2328,15,congruent,0.35126625100000003,1,flanker
2329,15,congruent,0.368066336,1,flanker
2330,15,congruent,0.351388054,1,flanker
2331,15,incongruent,0.334577839,1,flanker
2332,15,incongruent,0.38469291600000005,1,flanker
2333,15,congruent,0.334646138,1,flanker
2334,15,congruent,0.36800525,1,flanker
2335,15,congruent,0.384671038,1,flanker
2336,15,congruent,0.368013221,1,flanker
2337,15,incongruent,0.384709666,1,flanker
2338,15,incongruent,0.317905879,1,flanker
2339,15,incongruent,0.451345229,1,flanker
2340,15,congruent,0.401466864,1,flanker
2341,15,congruent,0.368025704,1,flanker
2342,15,congruent,0.318002564,1,flanker
2343,15,congruent,0.368006997,1,flanker
2344,15,incongruent,0.384722439,1,flanker
2345,15,congruent,0.468082306,1,flanker
2346,15,incongruent,0.351349377,1,flanker
2347,15,incongruent,0.501503008,1,flanker
2348,15,congruent,0.40133180199999996,1,flanker
2349,15,congruent,0.267925381,1,flanker
2350,16,congruent,0.418094751,1,flanker
2351,16,congruent,0.351287693,1,flanker
2352,16,incongruent,0.451442524,1,flanker
2353,16,incongruent,0.451468219,1,flanker
2354,16,congruent,0.401452417,1,flanker
2355,16,incongruent,0.40142829799999996,1,flanker
2356,16,congruent,0.351333384,1,flanker
2357,16,incongruent,0.451500599,1,flanker
2358,16,congruent,0.368075498,1,flanker
2359,16,incongruent,0.401341402,1,flanker
2360,16,incongruent,0.351285269,1,flanker
2361,16,incongruent,0.284619182,1,flanker
2362,16,incongruent,0.484694862,1,flanker
2363,16,incongruent,0.434810484,1,flanker
2364,16,incongruent,0.418152554,1,flanker
2365,16,congruent,0.518164834,1,flanker
2366,16,congruent,0.367884814,1,flanker
2367,16,congruent,0.33457315699999995,1,flanker
2368,16,congruent,0.38476168899999996,1,flanker
2369,16,incongruent,0.367980239,1,flanker
2370,16,incongruent,0.36803689900000003,0,flanker
2371,16,incongruent,0.451452,1,flanker
2372,16,congruent,0.401462156,1,flanker
2373,16,congruent,0.41813419,1,flanker
2374,16,congruent,0.384720419,1,flanker
2375,16,congruent,0.384696368,1,flanker
2376,16,congruent,0.40129272200000005,1,flanker
2377,16,incongruent,0.43483023600000004,1,flanker
2378,16,congruent,0.351309218,1,flanker
2379,16,congruent,0.367907031,1,flanker
2380,16,congruent,0.334529463,1,flanker
2381,16,incongruent,0.36797159,1,flanker
2382,16,congruent,0.351353818,1,flanker
2383,16,congruent,0.35108392600000005,1,flanker
2384,16,congruent,0.35126955299999996,1,flanker
2385,16,congruent,0.351401158,1,flanker
2386,16,congruent,0.418090677,1,flanker
2387,16,incongruent,0.417992488,1,flanker
2388,16,incongruent,0.5014742360000001,1,flanker
2389,16,incongruent,0.41811360200000003,1,flanker
2390,16,incongruent,0.38469443999999997,1,flanker
2391,16,incongruent,0.45148134599999995,1,flanker
2392,16,congruent,0.384674503,1,flanker
2393,16,congruent,0.33469511599999996,1,flanker
2394,16,congruent,0.351246645,1,flanker
2395,16,incongruent,0.351333472,1,flanker
2396,16,incongruent,0.351274531,0,flanker
2397,16,congruent,0.484795818,1,flanker
2398,16,incongruent,0.5848985400000001,1,flanker
2399,16,congruent,0.40137631599999996,1,flanker
2400,16,incongruent,0.518180371,1,flanker
2401,16,congruent,0.40141339,1,flanker
2402,16,incongruent,0.501502063,1,flanker
2403,16,incongruent,0.418000228,1,flanker
2404,16,incongruent,0.551547191,1,flanker
2405,16,incongruent,0.45146329300000004,1,flanker
2406,16,congruent,0.5349446689999999,1,flanker
2407,16,incongruent,0.401392742,1,flanker
2408,16,incongruent,0.368093778,1,flanker
2409,16,congruent,0.31792947600000004,1,flanker
2410,16,incongruent,0.434763645,1,flanker
2411,16,incongruent,0.384657922,1,flanker
2412,16,incongruent,0.401340317,1,flanker
2413,16,incongruent,0.418147836,1,flanker
2414,16,congruent,0.35140770400000004,1,flanker
2415,16,congruent,0.3345484,1,flanker
2416,16,incongruent,0.384724737,1,flanker
2417,16,congruent,0.334610412,1,flanker
2418,16,congruent,0.317908295,1,flanker
2419,16,congruent,0.384678492,1,flanker
2420,16,incongruent,0.417994594,1,flanker
2421,16,congruent,0.334706363,1,flanker
2422,16,incongruent,0.384662262,1,flanker
2423,16,incongruent,0.40135207300000003,1,flanker
2424,16,incongruent,0.38468752,0,flanker
2425,16,incongruent,0.46795684899999995,1,flanker
2426,16,incongruent,0.38467329499999997,1,flanker
2427,16,congruent,0.41802631300000004,1,flanker
2428,16,incongruent,0.40136886299999996,0,flanker
2429,16,congruent,0.401411317,1,flanker
2430,16,incongruent,0.434749819,1,flanker
2431,16,incongruent,0.418082361,0,flanker
2432,16,congruent,0.601640833,1,flanker
2433,16,incongruent,0.418144294,1,flanker
2434,16,incongruent,0.368028428,1,flanker
2435,16,congruent,0.418122468,1,flanker
2436,16,congruent,0.418020885,1,flanker
2437,16,congruent,0.451514533,1,flanker
2438,16,incongruent,0.384711002,1,flanker
2439,16,congruent,0.384757586,1,flanker
2440,16,congruent,0.36807022,1,flanker
2441,16,congruent,0.38471273500000003,1,flanker
2442,16,congruent,0.334634447,1,flanker
2443,16,congruent,0.351231978,1,flanker
2444,16,congruent,0.38475713899999997,1,flanker
2445,16,incongruent,0.418051848,1,flanker
2446,16,incongruent,0.46813103899999997,1,flanker
2447,16,congruent,0.418039491,1,flanker
2448,16,congruent,0.384730951,1,flanker
2449,16,incongruent,0.5682320620000001,1,flanker
2450,16,incongruent,0.484824468,1,flanker
2451,16,congruent,0.41804897,1,flanker
2452,16,congruent,0.434830043,1,flanker
2453,16,incongruent,0.418114571,1,flanker
2454,16,incongruent,0.384584631,1,flanker
2455,16,congruent,0.31800678299999996,1,flanker
2456,16,incongruent,0.468131378,1,flanker
2457,16,congruent,0.384718341,1,flanker
2458,16,congruent,0.401317045,1,flanker
2459,16,congruent,0.351348107,1,flanker
2460,16,incongruent,0.384663082,1,flanker
2461,16,incongruent,0.418081747,1,flanker
2462,16,congruent,0.484886336,1,flanker
2463,16,incongruent,0.40139625,0,flanker
2464,16,incongruent,0.401458326,1,flanker
2465,16,congruent,0.434801748,1,flanker
2466,16,incongruent,0.468179995,1,flanker
2467,16,congruent,0.384681759,1,flanker
2468,16,incongruent,0.451490115,1,flanker
2469,16,congruent,0.451459611,1,flanker
2470,16,incongruent,0.568254671,1,flanker
2471,16,congruent,0.317990268,1,flanker
2472,16,incongruent,0.351305461,1,flanker
2473,16,congruent,0.30134191,1,flanker
2474,16,incongruent,0.36802023300000003,1,flanker
2475,16,incongruent,0.368088354,1,flanker
2476,16,incongruent,0.368078959,0,flanker
2477,16,incongruent,0.401464857,1,flanker
2478,16,incongruent,0.384661215,1,flanker
2479,16,incongruent,0.351365456,1,flanker
2480,16,incongruent,0.33457579600000004,1,flanker
2481,16,congruent,0.368020775,1,flanker
2482,16,congruent,0.367967271,1,flanker
2483,16,incongruent,0.434813781,1,flanker
2484,16,incongruent,0.38473796,1,flanker
2485,16,incongruent,0.401379622,1,flanker
2486,16,congruent,0.36804773799999996,1,flanker
2487,16,congruent,0.368020432,1,flanker
2488,16,congruent,0.5348699880000001,1,flanker
2489,16,congruent,0.451416398,1,flanker
2490,16,incongruent,0.8017596300000001,1,flanker
2491,16,congruent,0.434744318,1,flanker
2492,16,congruent,0.684985293,1,flanker
2493,16,congruent,0.334656759,1,flanker
2494,16,incongruent,0.33464286499999996,0,flanker
2495,16,incongruent,0.501531248,1,flanker
2496,16,congruent,0.367791987,1,flanker
2497,16,congruent,0.468086747,1,flanker
2498,16,congruent,0.418079809,1,flanker
2499,16,congruent,0.434786334,1,flanker
2500,16,incongruent,0.36803882,1,flanker
2501,16,incongruent,0.36801706300000003,1,flanker
2502,16,incongruent,0.484812346,1,flanker
2503,16,incongruent,0.45142512900000004,0,flanker
2504,16,congruent,1.00211151,1,flanker
2505,16,congruent,0.418111905,1,flanker
2506,16,congruent,0.41803969,1,flanker
2507,16,incongruent,0.468148943,1,flanker
2508,16,incongruent,0.401452477,1,flanker
2509,16,incongruent,0.5180825680000001,1,flanker
2510,16,congruent,0.43472493300000004,1,flanker
2511,16,incongruent,0.534937606,1,flanker
2512,16,congruent,0.401376424,1,flanker
2513,16,congruent,0.38469446,1,flanker
2514,16,congruent,0.451382688,1,flanker
2515,16,incongruent,0.468133242,1,flanker
2516,16,congruent,0.40136701799999996,1,flanker
2517,16,congruent,0.36792403,1,flanker
2518,16,congruent,0.384717974,1,flanker
2519,16,incongruent,0.31790939700000004,0,flanker
2520,16,congruent,0.368117667,1,flanker
2521,16,incongruent,0.401430056,1,flanker
2522,16,congruent,0.334702473,1,flanker
2523,16,congruent,0.368002714,1,flanker
2524,16,congruent,0.384666431,1,flanker
2525,16,congruent,0.35137723699999995,1,flanker
2526,16,incongruent,0.384754163,1,flanker
2527,16,incongruent,0.36804586899999997,1,flanker
2528,16,incongruent,0.40105441999999997,1,flanker
2529,16,congruent,0.401410721,1,flanker
2530,16,congruent,0.384685835,1,flanker
2531,16,congruent,0.367940653,1,flanker
2532,16,congruent,0.451431246,1,flanker
2533,16,incongruent,0.434807702,1,flanker
2534,16,incongruent,0.468046608,1,flanker
2535,16,incongruent,0.48488469900000003,1,flanker
2536,16,incongruent,0.40144083399999997,1,flanker
2537,16,incongruent,0.451481531,0,flanker
2538,16,congruent,0.43476266399999997,1,flanker
2539,16,incongruent,0.384764836,0,flanker
2540,16,congruent,0.41802875,1,flanker
2541,16,congruent,0.384554748,1,flanker
2542,16,congruent,0.351301339,1,flanker
2543,16,incongruent,0.351355659,0,flanker
2544,16,congruent,0.484775507,1,flanker
2545,16,congruent,0.451439257,1,flanker
2546,16,congruent,0.384683304,1,flanker
2547,16,congruent,0.468170658,1,flanker
2548,16,congruent,0.484831953,1,flanker
2549,16,incongruent,0.484701092,1,flanker
2550,16,incongruent,0.384656389,1,flanker
2551,16,incongruent,0.501554825,1,flanker
2552,16,incongruent,0.451455071,1,flanker
2553,16,incongruent,0.384635786,1,flanker
2554,16,congruent,0.384664356,1,flanker
2555,16,congruent,0.40141875,1,flanker
2556,16,incongruent,0.518236001,1,flanker
2557,16,congruent,0.6683474939999999,1,flanker
2558,16,incongruent,0.418017927,1,flanker
2559,16,incongruent,0.401403499,1,flanker
2560,16,incongruent,0.45146089899999997,1,flanker
2561,16,congruent,0.451421776,1,flanker
2562,16,congruent,0.384697562,1,flanker
2563,16,congruent,0.401402843,1,flanker
2564,16,congruent,0.41805722100000003,1,flanker
2565,16,congruent,0.417993824,1,flanker
2566,16,incongruent,0.40142822300000003,1,flanker
2567,16,incongruent,0.368006438,0,flanker
2568,16,incongruent,0.40143674900000004,1,flanker
2569,16,incongruent,0.518099074,1,flanker
2570,16,congruent,0.384638308,1,flanker
2571,16,incongruent,0.38468311,1,flanker
2572,16,incongruent,0.451479221,1,flanker
2573,16,incongruent,0.45135532899999997,1,flanker
2574,16,congruent,0.36798118,1,flanker
2575,16,congruent,0.401399069,1,flanker
2576,16,incongruent,0.401390923,0,flanker
2577,16,congruent,0.401394208,0,flanker
2578,16,incongruent,0.434681942,1,flanker
2579,16,incongruent,0.40146090500000003,1,flanker
2580,16,congruent,0.401402217,1,flanker
2581,16,incongruent,0.484846183,1,flanker
2582,16,congruent,0.38471416399999997,1,flanker
2583,16,incongruent,0.468144153,0,flanker
2584,16,incongruent,0.484847862,1,flanker
2585,16,incongruent,0.43478679,1,flanker
2586,16,incongruent,0.501535486,1,flanker
2587,16,incongruent,0.43476113400000005,1,flanker
2588,16,incongruent,0.46813095800000004,1,flanker
2589,16,incongruent,0.401425427,1,flanker
2590,16,congruent,0.334663472,1,flanker
2591,16,congruent,0.367908955,1,flanker
2592,16,incongruent,0.701732453,1,flanker
2593,16,congruent,0.368034215,1,flanker
2594,16,congruent,0.317948161,1,flanker
2595,16,incongruent,0.501463167,1,flanker
2596,16,congruent,0.38476090599999996,1,flanker
2597,16,congruent,0.43480641800000003,1,flanker
2598,16,congruent,0.384587378,1,flanker
2599,16,congruent,0.484751877,1,flanker
2600,16,incongruent,0.601663583,1,flanker
2601,16,congruent,0.401395051,1,flanker
2602,16,congruent,0.451466834,1,flanker
2603,16,incongruent,0.484799042,1,flanker
2604,16,incongruent,0.584917292,1,flanker
2605,16,incongruent,0.418078733,1,flanker
2606,16,incongruent,0.434832334,1,flanker
2607,16,incongruent,0.45138561,1,flanker
2608,16,congruent,0.46811434300000004,1,flanker
2609,16,congruent,0.41804798699999995,1,flanker
2610,16,incongruent,1.1689153289999998,1,flanker
2611,16,incongruent,0.418075793,1,flanker
2612,16,congruent,0.384698725,1,flanker
2613,16,congruent,0.368072496,1,flanker
2614,16,incongruent,0.468107272,1,flanker
2615,16,congruent,0.384747964,1,flanker
2616,16,congruent,0.40135704600000005,1,flanker
2617,16,congruent,0.501504296,1,flanker
2618,16,incongruent,0.468054479,1,flanker
2619,16,incongruent,0.468079947,1,flanker
2620,16,incongruent,0.401464101,0,flanker
2621,16,incongruent,0.50151634,1,flanker
2622,16,congruent,0.334730656,1,flanker
2623,16,incongruent,0.518205012,1,flanker
2624,16,congruent,0.451406658,1,flanker
2625,16,congruent,0.401358851,1,flanker
2626,16,incongruent,0.6016516789999999,1,flanker
2627,16,congruent,0.434713119,1,flanker
2628,16,congruent,0.45139723800000003,1,flanker
2629,16,congruent,0.36806086699999996,1,flanker
2630,16,congruent,0.451393314,1,flanker
2631,16,congruent,0.31800424400000005,1,flanker
2632,16,incongruent,0.384735851,0,flanker
2633,16,incongruent,0.41802693799999996,1,flanker
2634,16,congruent,0.368060834,1,flanker
2635,16,incongruent,0.351287017,1,flanker
2636,16,congruent,0.317892181,1,flanker
2637,16,incongruent,0.384677529,1,flanker
2638,16,congruent,0.351318635,1,flanker
2639,16,incongruent,0.384724621,1,flanker
2640,16,congruent,0.317977795,1,flanker
2641,16,incongruent,0.401400503,1,flanker
2642,16,incongruent,0.351359934,0,flanker
2643,16,incongruent,0.401355468,1,flanker
2644,16,congruent,0.401379889,1,flanker
2645,16,congruent,0.368000191,1,flanker
2646,16,incongruent,0.41778122100000004,1,flanker
2647,16,incongruent,0.468190965,1,flanker
2648,16,congruent,0.384395095,1,flanker
2649,16,incongruent,0.46816250400000003,1,flanker
2650,16,congruent,0.401361053,1,flanker
2651,16,incongruent,0.5015036549999999,1,flanker
2652,16,congruent,0.43479188199999996,1,flanker
2653,16,incongruent,0.5015379019999999,1,flanker
2654,16,congruent,0.41808466099999997,1,flanker
2655,16,incongruent,0.401435353,1,flanker
2656,16,incongruent,0.601688617,1,flanker
2657,16,incongruent,0.418070648,1,flanker
2658,16,congruent,0.36803246300000003,1,flanker
2659,16,incongruent,0.41803087299999997,1,flanker
2660,16,congruent,0.634980713,1,flanker
2661,16,congruent,0.40135640499999997,1,flanker
2662,16,congruent,0.36796812,1,flanker
2663,16,incongruent,0.38467925000000003,1,flanker
2664,16,congruent,0.401397353,1,flanker
2665,16,congruent,0.384760536,1,flanker
2666,16,incongruent,0.41815085,1,flanker
2667,16,incongruent,0.5683049640000001,1,flanker
2668,16,congruent,0.468097146,1,flanker
2669,16,incongruent,0.5014939110000001,1,flanker
2670,16,congruent,0.36796707900000003,1,flanker
2671,16,incongruent,0.43471612299999995,1,flanker
2672,16,congruent,0.38465796799999996,1,flanker
2673,16,incongruent,0.434738026,1,flanker
2674,16,incongruent,0.384668729,1,flanker
2675,16,congruent,0.401431376,1,flanker
2676,16,congruent,0.351365904,1,flanker
2677,16,congruent,0.434796,1,flanker
2678,16,incongruent,0.434780639,1,flanker
2679,16,incongruent,0.468102883,1,flanker
2680,16,congruent,0.351340276,1,flanker
2681,16,congruent,0.384689623,1,flanker
2682,16,incongruent,0.434782811,1,flanker
2683,16,congruent,0.518236841,0,flanker
2684,16,congruent,0.6516935939999999,1,flanker
2685,16,incongruent,0.401297004,1,flanker
2686,2,incongruent,0.434652891,1,flanker
2687,2,congruent,0.31801718,1,flanker
2688,2,congruent,0.368061158,1,flanker
2689,2,congruent,0.50146875,1,flanker
2690,2,congruent,0.368009117,1,flanker
2691,2,congruent,0.334715683,1,flanker
2692,2,incongruent,0.351405729,1,flanker
2693,2,incongruent,0.36803972399999996,1,flanker
2694,2,congruent,0.384637117,1,flanker
2695,2,incongruent,0.451446134,1,flanker
2696,2,congruent,0.384693189,1,flanker
2697,2,incongruent,0.401455793,1,flanker
2698,2,congruent,0.368038499,1,flanker
2699,2,congruent,0.38467807699999995,1,flanker
2700,2,congruent,0.451454686,1,flanker
2701,2,incongruent,0.301199561,1,flanker
2702,2,incongruent,0.40145540599999996,1,flanker
2703,2,congruent,0.401387522,1,flanker
2704,2,congruent,0.334637532,1,flanker
2705,2,congruent,0.40136982,1,flanker
2706,2,congruent,0.367978544,1,flanker
2707,2,incongruent,0.351370067,1,flanker
2708,2,incongruent,0.384613862,1,flanker
2709,2,incongruent,0.401367138,1,flanker
2710,2,incongruent,0.418149282,0,flanker
2711,2,congruent,0.367998959,1,flanker
2712,2,congruent,0.334666225,1,flanker
2713,2,incongruent,0.451485507,1,flanker
2714,2,incongruent,0.36801158900000003,1,flanker
2715,2,incongruent,0.334659262,1,flanker
2716,2,congruent,0.46813098000000003,1,flanker
2717,2,congruent,0.434788274,1,flanker
2718,2,incongruent,0.40141146400000005,1,flanker
2719,2,congruent,0.367974358,1,flanker
2720,2,incongruent,0.384706657,1,flanker
2721,2,incongruent,0.384643986,1,flanker
2722,2,congruent,0.351236303,1,flanker
2723,2,congruent,0.31792074400000003,1,flanker
2724,2,incongruent,0.317647635,1,flanker
2725,2,congruent,0.317961229,1,flanker
2726,2,congruent,0.33464836200000003,1,flanker
2727,2,incongruent,0.368079578,1,flanker
2728,2,incongruent,0.368044689,1,flanker
2729,2,congruent,0.284502302,1,flanker
2730,2,incongruent,0.317936763,1,flanker
2731,2,congruent,0.31793296600000004,1,flanker
2732,2,incongruent,0.301308489,1,flanker
2733,2,incongruent,0.384710291,1,flanker
2734,2,congruent,0.384767935,1,flanker
2735,2,congruent,0.36798682000000005,1,flanker
2736,2,incongruent,0.284652451,1,flanker
2737,2,incongruent,0.48479289999999997,1,flanker
2738,2,incongruent,0.31792507999999997,1,flanker
2739,2,incongruent,0.36794147400000005,1,flanker
2740,2,incongruent,0.38465745199999996,1,flanker
2741,2,congruent,0.334634803,1,flanker
2742,2,congruent,0.334690156,1,flanker
2743,2,incongruent,0.251229233,1,flanker
2744,2,congruent,0.301239359,1,flanker
2745,2,congruent,0.301256841,1,flanker
2746,2,incongruent,0.251214693,0,flanker
2747,2,congruent,0.401429385,1,flanker
2748,2,congruent,0.301313299,0,flanker
2749,2,congruent,0.468259145,1,flanker
2750,2,congruent,0.40137235099999996,1,flanker
2751,2,incongruent,0.33466105900000004,1,flanker
2752,2,incongruent,0.40137039199999996,1,flanker
2753,2,incongruent,0.768478466,1,flanker
2754,2,incongruent,0.434778544,1,flanker
2755,2,incongruent,0.267860173,1,flanker
2756,2,congruent,0.26759421099999997,1,flanker
2757,2,congruent,0.251224703,1,flanker
2758,2,incongruent,0.318024726,1,flanker
2759,2,congruent,0.334726829,1,flanker
2760,2,incongruent,0.284653561,1,flanker
2761,2,congruent,0.301253985,1,flanker
2762,2,incongruent,0.26792791899999996,0,flanker
2763,2,incongruent,0.368044824,1,flanker
2764,2,incongruent,0.35134783199999997,1,flanker
2765,2,incongruent,0.534892141,1,flanker
2766,2,incongruent,0.417975879,1,flanker
2767,2,congruent,0.31793382200000003,1,flanker
2768,2,congruent,0.351284855,1,flanker
2769,2,incongruent,0.33456981,1,flanker
2770,2,incongruent,0.234467904,0,flanker
2771,2,incongruent,0.317908317,1,flanker
2772,2,incongruent,0.351266315,1,flanker
2773,2,congruent,0.317994416,1,flanker
2774,2,congruent,0.284541002,1,flanker
2775,2,incongruent,0.351363912,0,flanker
2776,2,incongruent,0.401445753,1,flanker
2777,2,incongruent,0.26800965000000004,0,flanker
2778,2,congruent,0.501516708,1,flanker
2779,2,congruent,0.31790989000000003,1,flanker
2780,2,incongruent,0.284582406,1,flanker
2781,2,congruent,0.28462651699999997,1,flanker
2782,2,incongruent,0.434750728,1,flanker
2783,2,congruent,0.301299886,1,flanker
2784,2,congruent,0.317923183,1,flanker
2785,2,incongruent,0.38471212400000004,1,flanker
2786,2,incongruent,0.351362208,1,flanker
2787,2,congruent,0.318030855,1,flanker
2788,2,congruent,0.401414353,1,flanker
2789,2,congruent,0.33452675499999995,1,flanker
2790,2,congruent,0.40141844200000004,1,flanker
2791,2,congruent,0.301358654,1,flanker
2792,2,congruent,0.41813125500000003,1,flanker
2793,2,incongruent,0.31804344700000003,0,flanker
2794,2,incongruent,0.351392233,1,flanker
2795,2,incongruent,0.317935031,1,flanker
2796,2,congruent,0.368044272,1,flanker
2797,2,congruent,0.30135155300000005,1,flanker
2798,2,congruent,0.41802824600000005,1,flanker
2799,2,congruent,0.384777219,1,flanker
2800,2,incongruent,0.451444778,1,flanker
2801,2,incongruent,0.518173407,1,flanker
2802,2,congruent,0.434833613,1,flanker
2803,2,incongruent,0.434809165,1,flanker
2804,2,incongruent,0.401403866,0,flanker
2805,2,incongruent,0.36808790900000005,1,flanker
2806,2,congruent,0.25122395599999997,0,flanker
2807,2,incongruent,0.401462974,1,flanker
2808,2,congruent,0.451492348,1,flanker
2809,2,congruent,0.451449997,1,flanker
2810,2,congruent,0.367952671,1,flanker
2811,2,congruent,0.334699867,1,flanker
2812,2,incongruent,0.351240732,1,flanker
2813,2,congruent,0.334697996,1,flanker
2814,2,congruent,0.33469707899999995,1,flanker
2815,2,congruent,0.38466772,1,flanker
2816,2,incongruent,0.484776517,1,flanker
2817,2,incongruent,0.41804538,1,flanker
2818,2,incongruent,0.384690162,1,flanker
2819,2,congruent,0.46816997099999996,1,flanker
2820,2,incongruent,0.401425387,1,flanker
2821,2,congruent,0.468129117,1,flanker
2822,2,congruent,0.368028165,1,flanker
2823,2,incongruent,0.41810305799999997,1,flanker
2824,2,congruent,0.40134842099999996,1,flanker
2825,2,congruent,0.41802926,1,flanker
2826,2,incongruent,0.351373486,1,flanker
2827,2,incongruent,0.401355235,1,flanker
2828,2,incongruent,0.41815580599999996,1,flanker
2829,2,incongruent,0.33462557800000003,1,flanker
2830,2,congruent,0.368010637,1,flanker
2831,2,congruent,0.367961995,1,flanker
2832,2,incongruent,0.38471119499999995,0,flanker
2833,2,incongruent,0.45145383,1,flanker
2834,2,incongruent,0.418104027,1,flanker
2835,2,incongruent,0.601680003,1,flanker
2836,2,congruent,0.501461208,1,flanker
2837,2,congruent,0.368061767,1,flanker
2838,2,congruent,0.451452421,1,flanker
2839,2,congruent,0.3679895,1,flanker
2840,2,incongruent,0.418140588,1,flanker
2841,2,congruent,0.368024246,1,flanker
2842,2,incongruent,0.334687088,1,flanker
2843,2,incongruent,0.317945021,1,flanker
2844,2,congruent,0.301288462,1,flanker
2845,2,congruent,0.30123202800000004,1,flanker
2846,2,incongruent,0.317994353,0,flanker
2847,2,congruent,0.318002997,1,flanker
2848,2,incongruent,0.334700901,1,flanker
2849,2,congruent,0.35124582299999996,1,flanker
2850,2,incongruent,0.451461324,1,flanker
2851,2,incongruent,0.38478808,1,flanker
2852,2,congruent,0.367982822,1,flanker
2853,2,incongruent,0.40137797999999997,1,flanker
2854,2,incongruent,0.418032269,1,flanker
2855,2,congruent,0.284612698,1,flanker
2856,2,congruent,0.251268857,1,flanker
2857,2,incongruent,0.367972268,1,flanker
2858,2,congruent,0.318017259,1,flanker
2859,2,incongruent,0.368081234,1,flanker
2860,2,congruent,0.334713014,1,flanker
2861,2,incongruent,0.384655039,1,flanker
2862,2,congruent,0.36801172000000004,1,flanker
2863,2,incongruent,0.334679662,1,flanker
2864,2,congruent,0.401070427,1,flanker
2865,2,congruent,0.351320203,1,flanker
2866,2,congruent,0.334632129,1,flanker
2867,2,congruent,0.3847533,1,flanker
2868,2,congruent,1.202263962,1,flanker
2869,2,congruent,0.368030909,1,flanker
2870,2,congruent,0.301310703,1,flanker
2871,2,incongruent,0.401397461,1,flanker
2872,2,congruent,0.26789542699999996,1,flanker
2873,2,congruent,0.267878554,1,flanker
2874,2,incongruent,0.317969864,1,flanker
2875,2,incongruent,0.26789251000000003,0,flanker
2876,2,incongruent,0.384757054,1,flanker
2877,2,congruent,0.351395227,1,flanker
2878,2,congruent,0.30120018800000004,1,flanker
2879,2,incongruent,0.451459817,1,flanker
2880,2,incongruent,0.351344054,1,flanker
2881,2,incongruent,0.30121989000000005,1,flanker
2882,2,incongruent,0.40142205799999997,1,flanker
2883,2,incongruent,0.251143676,0,flanker
2884,2,congruent,0.35137064199999996,1,flanker
2885,2,congruent,0.217875126,1,flanker
2886,2,congruent,0.301201408,1,flanker
2887,2,incongruent,0.23451585,0,flanker
2888,2,incongruent,0.317614427,1,flanker
2889,2,incongruent,0.38471785199999997,1,flanker
2890,2,congruent,0.418071149,1,flanker
2891,2,incongruent,0.334732393,1,flanker
2892,2,incongruent,0.301286851,1,flanker
2893,2,congruent,0.401451696,1,flanker
2894,2,incongruent,0.28451394599999996,1,flanker
2895,2,incongruent,0.334601963,1,flanker
2896,2,congruent,0.284647433,1,flanker
2897,2,congruent,0.30127095000000004,1,flanker
2898,2,incongruent,0.267890919,0,flanker
2899,2,incongruent,0.451476783,1,flanker
2900,2,incongruent,0.234529192,1,flanker
2901,2,congruent,0.501486866,1,flanker
2902,2,incongruent,0.334633876,1,flanker
2903,2,congruent,0.36809067599999995,1,flanker
2904,2,incongruent,0.401417984,1,flanker
2905,2,incongruent,0.5181552410000001,1,flanker
2906,2,congruent,0.434762426,1,flanker
2907,2,incongruent,0.301353118,1,flanker
2908,2,congruent,0.368024634,1,flanker
2909,2,congruent,0.384735042,1,flanker
2910,2,congruent,0.501560801,1,flanker
2911,2,incongruent,0.384696293,1,flanker
2912,2,congruent,0.367990066,1,flanker
2913,2,congruent,0.384715054,1,flanker
2914,2,incongruent,0.468180801,1,flanker
2915,2,incongruent,0.401373083,1,flanker
2916,2,congruent,0.418109795,1,flanker
2917,2,congruent,0.334603779,1,flanker
2918,2,incongruent,0.401461232,1,flanker
2919,2,congruent,0.334717846,0,flanker
2920,2,congruent,0.468172691,1,flanker
2921,2,congruent,0.401384564,1,flanker
2922,2,incongruent,0.484805182,1,flanker
2923,2,congruent,0.43470340599999996,1,flanker
2924,2,congruent,0.418116891,1,flanker
2925,2,incongruent,0.41810700900000003,1,flanker
2926,2,incongruent,0.384736034,1,flanker
2927,2,incongruent,0.534839772,1,flanker
2928,2,congruent,0.43477006,1,flanker
2929,2,congruent,0.36803508799999995,1,flanker
2930,2,incongruent,0.384755356,0,flanker
2931,2,congruent,0.40144284900000005,1,flanker
2932,2,incongruent,0.468209294,1,flanker
2933,2,incongruent,0.468205061,1,flanker
2934,2,incongruent,0.41807852700000003,1,flanker
2935,2,congruent,0.351398406,1,flanker
2936,2,congruent,0.45140608099999996,1,flanker
2937,2,incongruent,0.317950409,1,flanker
2938,2,congruent,0.368027753,1,flanker
2939,2,incongruent,0.351294224,1,flanker
2940,2,congruent,0.351354021,1,flanker
2941,2,congruent,0.334548636,1,flanker
2942,2,congruent,0.384729946,1,flanker
2943,2,incongruent,0.468172436,1,flanker
2944,2,congruent,0.31784592,1,flanker
2945,2,incongruent,0.401336841,1,flanker
2946,2,incongruent,0.451507107,1,flanker
2947,2,congruent,0.368018053,1,flanker
2948,2,incongruent,0.334315709,1,flanker
2949,2,congruent,0.384772447,1,flanker
2950,2,incongruent,0.384739801,1,flanker
2951,2,incongruent,0.334607596,1,flanker
2952,2,incongruent,0.317891512,1,flanker
2953,2,incongruent,0.401434486,1,flanker
2954,2,congruent,0.267902155,1,flanker
2955,2,congruent,0.368075427,1,flanker
2956,2,incongruent,0.33466246,1,flanker
2957,2,incongruent,0.401096422,1,flanker
2958,2,incongruent,0.30131703800000004,1,flanker
2959,2,incongruent,0.384726468,1,flanker
2960,2,incongruent,0.267980581,0,flanker
2961,2,congruent,0.334692746,1,flanker
2962,2,congruent,0.368085666,1,flanker
2963,2,incongruent,0.384719493,1,flanker
2964,2,congruent,0.36801520499999996,1,flanker
2965,2,congruent,0.351382537,1,flanker
2966,2,congruent,0.418080357,1,flanker
2967,2,incongruent,0.367943891,1,flanker
2968,2,incongruent,0.36796894300000005,1,flanker
2969,2,incongruent,0.35131281799999997,1,flanker
2970,2,incongruent,0.35134361799999997,1,flanker
2971,2,incongruent,0.384777017,1,flanker
2972,2,congruent,0.351365371,1,flanker
2973,2,congruent,0.28458159699999996,1,flanker
2974,2,congruent,0.317966572,1,flanker
2975,2,congruent,0.318015183,1,flanker
2976,2,congruent,0.351313263,1,flanker
2977,2,incongruent,0.317978033,1,flanker
2978,2,incongruent,0.41809812,1,flanker
2979,2,congruent,0.40138752699999997,1,flanker
2980,2,congruent,0.334638994,1,flanker
2981,2,incongruent,0.41810510799999995,1,flanker
2982,2,congruent,0.384723811,1,flanker
2983,2,congruent,0.367988419,1,flanker
2984,2,congruent,0.351412733,1,flanker
2985,2,incongruent,0.401398734,1,flanker
2986,2,incongruent,0.351352307,0,flanker
2987,2,congruent,0.5182430050000001,1,flanker
2988,2,incongruent,0.334672665,1,flanker
2989,2,incongruent,0.384701428,1,flanker
2990,2,incongruent,0.384664871,1,flanker
2991,2,congruent,0.301274979,1,flanker
2992,2,congruent,0.35105486,1,flanker
2993,2,incongruent,0.284551387,1,flanker
2994,2,congruent,0.38466515500000004,1,flanker
2995,2,incongruent,0.401271902,1,flanker
2996,2,incongruent,0.40140355499999997,1,flanker
2997,2,incongruent,0.43474136700000005,1,flanker
2998,2,incongruent,0.351377566,1,flanker
2999,2,congruent,0.468128729,1,flanker
3000,2,congruent,0.41811564399999995,1,flanker
3001,2,incongruent,0.501516586,1,flanker
3002,2,congruent,0.351337338,1,flanker
3003,2,incongruent,0.418099496,1,flanker
3004,2,congruent,0.401419596,1,flanker
3005,2,congruent,0.301235708,1,flanker
3006,2,incongruent,0.33461862600000003,1,flanker
3007,2,incongruent,0.351394235,1,flanker
3008,2,congruent,0.26792136299999997,1,flanker
3009,2,congruent,0.31797154699999997,1,flanker
3010,2,congruent,0.25127662,1,flanker
3011,2,congruent,0.284603891,0,flanker
3012,2,incongruent,0.401418361,1,flanker
3013,2,incongruent,0.468131515,1,flanker
3014,2,congruent,0.401417237,1,flanker
3015,2,congruent,0.284573329,1,flanker
3016,2,congruent,0.317941073,1,flanker
3017,2,congruent,0.45140815199999995,1,flanker
3018,2,incongruent,0.38470709599999997,1,flanker
3019,2,incongruent,1.202362774,1,flanker
3020,2,incongruent,0.568218875,1,flanker
3021,2,incongruent,0.284542369,1,flanker
3022,3,incongruent,0.501439643,1,flanker
3023,3,congruent,0.36809117300000005,1,flanker
3024,3,congruent,0.334652542,1,flanker
3025,3,congruent,0.418042882,1,flanker
3026,3,incongruent,0.568290127,1,flanker
3027,3,incongruent,0.351334226,1,flanker
3028,3,congruent,0.38474510199999995,1,flanker
3029,3,incongruent,0.418030346,1,flanker
3030,3,incongruent,0.401366599,1,flanker
3031,3,incongruent,0.40135279,1,flanker
3032,3,incongruent,0.451511538,1,flanker
3033,3,congruent,0.36803108300000004,1,flanker
3034,3,congruent,0.368069747,1,flanker
3035,3,congruent,0.401341106,1,flanker
3036,3,incongruent,0.401339284,1,flanker
3037,3,congruent,0.317933588,1,flanker
3038,3,congruent,0.384818121,1,flanker
3039,3,incongruent,0.334658368,1,flanker
3040,3,incongruent,0.384676465,1,flanker
3041,3,congruent,0.35129859599999996,1,flanker
3042,3,incongruent,0.434837216,1,flanker
3043,3,congruent,0.384771863,1,flanker
3044,3,incongruent,0.368085963,1,flanker
3045,3,incongruent,0.384770243,1,flanker
3046,3,congruent,0.384727019,1,flanker
3047,3,incongruent,0.43474937,1,flanker
3048,3,congruent,0.36806181,1,flanker
3049,3,incongruent,0.351318344,1,flanker
3050,3,congruent,0.384632719,1,flanker
3051,3,congruent,0.501557491,1,flanker
3052,3,congruent,0.35128094099999996,1,flanker
3053,3,congruent,0.33468106999999997,1,flanker
3054,3,congruent,0.351370667,1,flanker
3055,3,incongruent,0.40147657299999995,1,flanker
3056,3,incongruent,0.31767143499999995,0,flanker
3057,3,incongruent,0.46809413899999996,1,flanker
3058,3,incongruent,0.418090234,1,flanker
3059,3,congruent,0.33461705599999997,1,flanker
3060,3,congruent,0.384674905,1,flanker
3061,3,incongruent,0.484817198,1,flanker
3062,3,incongruent,0.38467692,1,flanker
3063,3,incongruent,0.351366196,1,flanker
3064,3,congruent,0.367911466,1,flanker
3065,3,congruent,0.584905547,1,flanker
3066,3,congruent,0.351366509,1,flanker
3067,3,incongruent,0.401475282,1,flanker
3068,3,incongruent,0.368071302,1,flanker
3069,3,incongruent,0.501519818,1,flanker
3070,3,congruent,0.384727773,1,flanker
3071,3,incongruent,0.417995929,1,flanker
3072,3,incongruent,0.5181550109999999,1,flanker
3073,3,congruent,0.368071886,1,flanker
3074,3,congruent,0.351334229,1,flanker
3075,3,incongruent,0.41806905499999997,1,flanker
3076,3,congruent,0.368015049,1,flanker
3077,3,congruent,0.368034303,1,flanker
3078,3,congruent,0.601589873,1,flanker
3079,3,congruent,0.367970081,1,flanker
3080,3,incongruent,0.50157622,1,flanker
3081,3,congruent,0.384769336,1,flanker
3082,3,incongruent,0.418080085,1,flanker
3083,3,incongruent,0.434712643,1,flanker
3084,3,incongruent,0.418095663,1,flanker
3085,3,incongruent,0.40146267799999996,1,flanker
3086,3,incongruent,0.5515774659999999,1,flanker
3087,3,congruent,0.401434015,1,flanker
3088,3,incongruent,0.451449325,1,flanker
3089,3,incongruent,0.484858004,1,flanker
3090,3,incongruent,0.451409992,1,flanker
3091,3,incongruent,0.451477771,1,flanker
3092,3,incongruent,0.33463543199999995,0,flanker
3093,3,congruent,0.418132239,1,flanker
3094,3,congruent,0.418147206,1,flanker
3095,3,congruent,0.45149199700000003,1,flanker
3096,3,congruent,0.367990932,1,flanker
3097,3,congruent,0.434808127,1,flanker
3098,3,congruent,0.38470627,1,flanker
3099,3,incongruent,0.60152675,1,flanker
3100,3,incongruent,0.568144387,1,flanker
3101,3,incongruent,0.38459113,1,flanker
3102,3,incongruent,0.418121893,1,flanker
3103,3,congruent,0.35136383,1,flanker
3104,3,incongruent,0.43467996,1,flanker
3105,3,congruent,0.401354577,1,flanker
3106,3,congruent,0.434826358,1,flanker
3107,3,congruent,0.451481221,1,flanker
3108,3,incongruent,0.434820083,1,flanker
3109,3,incongruent,0.45146249,1,flanker
3110,3,incongruent,0.418055472,1,flanker
3111,3,congruent,0.48474706700000003,1,flanker
3112,3,congruent,0.518161783,1,flanker
3113,3,congruent,0.551523689,1,flanker
3114,3,incongruent,0.468208391,1,flanker
3115,3,congruent,0.384782528,1,flanker
3116,3,incongruent,0.468109302,1,flanker
3117,3,congruent,0.401408254,1,flanker
3118,3,congruent,0.35133327400000003,1,flanker
3119,3,congruent,0.401383692,1,flanker
3120,3,congruent,0.451523437,1,flanker
3121,3,congruent,0.401420661,1,flanker
3122,3,congruent,0.401412096,1,flanker
3123,3,congruent,0.384686237,1,flanker
3124,3,incongruent,0.46820009700000004,1,flanker
3125,3,incongruent,0.468088742,1,flanker
3126,3,incongruent,0.401431777,1,flanker
3127,3,incongruent,0.434736586,1,flanker
3128,3,incongruent,0.41807652100000003,1,flanker
3129,3,incongruent,0.351365119,1,flanker
3130,3,congruent,0.334635696,1,flanker
3131,3,congruent,0.334687391,1,flanker
3132,3,congruent,0.40133795400000005,1,flanker
3133,3,incongruent,0.451514765,1,flanker
3134,3,congruent,0.41812406900000004,1,flanker
3135,3,incongruent,0.434781367,1,flanker
3136,3,congruent,0.384666751,1,flanker
3137,3,incongruent,0.368001129,0,flanker
3138,3,congruent,0.38474448899999997,1,flanker
3139,3,congruent,0.36798749199999997,1,flanker
3140,3,incongruent,0.418059112,1,flanker
3141,3,congruent,0.401440415,1,flanker
3142,3,congruent,0.35138754899999997,1,flanker
3143,3,incongruent,0.451444193,1,flanker
3144,3,incongruent,0.51817556,1,flanker
3145,3,congruent,0.434760718,1,flanker
3146,3,congruent,0.368073734,1,flanker
3147,3,incongruent,0.36795801699999997,0,flanker
3148,3,congruent,0.401333731,1,flanker
3149,3,incongruent,0.43477195999999996,1,flanker
3150,3,incongruent,0.468177015,1,flanker
3151,3,congruent,0.401392926,1,flanker
3152,3,incongruent,0.601591196,1,flanker
3153,3,incongruent,0.484794192,1,flanker
3154,3,incongruent,0.551537889,1,flanker
3155,3,congruent,0.418090028,1,flanker
3156,3,incongruent,0.401399789,1,flanker
3157,3,congruent,0.434721133,1,flanker
3158,3,congruent,0.484729767,1,flanker
3159,3,incongruent,0.468204003,1,flanker
3160,3,incongruent,0.418089746,1,flanker
3161,3,congruent,0.5015124,1,flanker
3162,3,congruent,0.418116348,1,flanker
3163,3,congruent,0.38471066400000004,1,flanker
3164,3,incongruent,0.5348579489999999,1,flanker
3165,3,incongruent,0.434723721,1,flanker
3166,3,incongruent,0.401367199,1,flanker
3167,3,congruent,0.33464534500000004,1,flanker
3168,3,congruent,0.367978939,1,flanker
3169,3,incongruent,0.40145462,1,flanker
3170,3,congruent,0.33466628200000004,1,flanker
3171,3,congruent,0.334649923,1,flanker
3172,3,incongruent,0.451408437,1,flanker
3173,3,congruent,0.41808558599999995,1,flanker
3174,3,incongruent,0.434731847,1,flanker
3175,3,incongruent,0.401464707,1,flanker
3176,3,incongruent,0.368092797,1,flanker
3177,3,incongruent,0.351304556,1,flanker
3178,3,incongruent,0.518120466,1,flanker
3179,3,incongruent,0.568288877,1,flanker
3180,3,incongruent,0.33470825000000004,1,flanker
3181,3,congruent,0.317941297,1,flanker
3182,3,congruent,0.367949248,1,flanker
3183,3,congruent,0.40138598799999997,1,flanker
3184,3,congruent,0.351377299,1,flanker
3185,3,incongruent,0.418075303,1,flanker
3186,3,congruent,0.38475521700000004,1,flanker
3187,3,congruent,0.401339985,1,flanker
3188,3,incongruent,0.5181825720000001,1,flanker
3189,3,congruent,0.451396091,1,flanker
3190,3,incongruent,0.551519821,1,flanker
3191,3,congruent,0.36806806599999997,1,flanker
3192,3,incongruent,0.30127547,1,flanker
3193,3,incongruent,0.334725229,0,flanker
3194,3,congruent,0.35098202300000003,1,flanker
3195,3,congruent,0.351381983,1,flanker
3196,3,incongruent,0.35125275499999997,1,flanker
3197,3,incongruent,0.367972131,1,flanker
3198,3,incongruent,0.451428092,1,flanker
3199,3,congruent,0.367987986,1,flanker
3200,3,congruent,0.33474004100000004,1,flanker
3201,3,incongruent,0.484827176,1,flanker
3202,3,incongruent,0.48485853500000003,1,flanker
3203,3,congruent,0.367862728,1,flanker
3204,3,congruent,0.3513594,1,flanker
3205,3,congruent,0.368059978,1,flanker
3206,3,incongruent,0.451479533,1,flanker
3207,3,incongruent,0.46810677,1,flanker
3208,3,congruent,0.384687183,1,flanker
3209,3,incongruent,0.468045392,1,flanker
3210,3,congruent,0.384707685,1,flanker
3211,3,congruent,0.384667353,1,flanker
3212,3,incongruent,0.468099572,1,flanker
3213,3,incongruent,0.418022564,1,flanker
3214,3,congruent,0.401436509,1,flanker
3215,3,incongruent,0.38447475200000003,1,flanker
3216,3,congruent,0.50146499,1,flanker
3217,3,congruent,0.38469185,1,flanker
3218,3,congruent,0.43473285700000003,1,flanker
3219,3,congruent,0.584999415,1,flanker
3220,3,incongruent,0.518210103,1,flanker
3221,3,incongruent,0.351225073,1,flanker
3222,3,incongruent,0.468095151,1,flanker
3223,3,incongruent,0.48481426099999997,1,flanker
3224,3,congruent,0.35134624400000003,1,flanker
3225,3,congruent,0.36798594100000004,1,flanker
3226,3,congruent,0.368053943,1,flanker
3227,3,congruent,0.334637197,1,flanker
3228,3,incongruent,0.501549271,1,flanker
3229,3,congruent,0.368050367,1,flanker
3230,3,incongruent,0.36807842599999996,1,flanker
3231,3,congruent,0.468120771,1,flanker
3232,3,congruent,0.41808280600000003,1,flanker
3233,3,incongruent,0.434773204,1,flanker
3234,3,incongruent,0.434666924,1,flanker
3235,3,incongruent,0.368079687,1,flanker
3236,3,incongruent,0.618363617,1,flanker
3237,3,congruent,0.36800420100000003,1,flanker
3238,3,incongruent,0.48476205299999997,1,flanker
3239,3,congruent,0.31802441800000003,1,flanker
3240,3,incongruent,0.38468152099999997,1,flanker
3241,3,congruent,0.367909816,1,flanker
3242,3,incongruent,0.40144928599999996,1,flanker
3243,3,congruent,0.401421164,1,flanker
3244,3,incongruent,0.434613377,1,flanker
3245,3,congruent,0.601687944,1,flanker
3246,3,congruent,0.418131609,1,flanker
3247,3,congruent,0.367728318,1,flanker
3248,3,incongruent,0.41812102900000003,1,flanker
3249,3,congruent,0.41805663299999996,1,flanker
3250,3,congruent,0.40145140700000004,1,flanker
3251,3,incongruent,0.418124016,1,flanker
3252,3,incongruent,0.384579178,1,flanker
3253,3,congruent,0.4181219,1,flanker
3254,3,congruent,0.418044283,1,flanker
3255,3,incongruent,0.368076532,1,flanker
3256,3,incongruent,0.434735007,1,flanker
3257,3,incongruent,0.38475212,1,flanker
3258,3,congruent,0.401430165,1,flanker
3259,3,congruent,0.368114418,1,flanker
3260,3,congruent,0.367956119,1,flanker
3261,3,incongruent,0.368055527,1,flanker
3262,3,incongruent,0.434751773,1,flanker
3263,3,incongruent,0.418144225,1,flanker
3264,3,incongruent,0.451573158,1,flanker
3265,3,congruent,0.351246979,1,flanker
3266,3,incongruent,0.418076926,1,flanker
3267,3,incongruent,0.334311283,1,flanker
3268,3,incongruent,0.334668309,1,flanker
3269,3,congruent,0.334680997,1,flanker
3270,3,congruent,0.468030514,1,flanker
3271,3,congruent,0.601620992,1,flanker
3272,3,congruent,0.351339653,1,flanker
3273,3,incongruent,0.668363877,1,flanker
3274,3,incongruent,0.401463712,1,flanker
3275,3,incongruent,0.518162808,1,flanker
3276,3,incongruent,0.5683107,1,flanker
3277,3,incongruent,0.5848968640000001,1,flanker
3278,3,congruent,0.367918323,1,flanker
3279,3,incongruent,0.584926135,1,flanker
3280,3,incongruent,0.5515903489999999,1,flanker
3281,3,congruent,0.384653945,1,flanker
3282,3,congruent,0.401353256,1,flanker
3283,3,congruent,0.40137099,1,flanker
3284,3,incongruent,0.401427795,1,flanker
3285,3,congruent,0.367950556,1,flanker
3286,3,incongruent,0.468149683,1,flanker
3287,3,congruent,0.5848794890000001,1,flanker
3288,3,incongruent,0.401407644,1,flanker
3289,3,congruent,0.401503557,1,flanker
3290,3,congruent,0.35137261200000003,1,flanker
3291,3,congruent,0.368068736,1,flanker
3292,3,incongruent,0.46819287200000004,1,flanker
3293,3,congruent,0.418147125,1,flanker
3294,3,congruent,0.451404629,1,flanker
3295,3,incongruent,0.401464183,1,flanker
3296,3,congruent,0.351243449,1,flanker
3297,3,congruent,0.418102636,1,flanker
3298,3,incongruent,0.384709657,1,flanker
3299,3,incongruent,0.434786318,1,flanker
3300,3,congruent,0.40144226200000005,1,flanker
3301,3,incongruent,0.41804555699999996,1,flanker
3302,3,congruent,0.45143224600000004,1,flanker
3303,3,congruent,0.334678831,1,flanker
3304,3,congruent,0.318029993,1,flanker
3305,3,congruent,0.351407646,1,flanker
3306,3,incongruent,0.351345961,1,flanker
3307,3,congruent,0.368043002,1,flanker
3308,3,incongruent,0.3346382,0,flanker
3309,3,incongruent,0.484868595,1,flanker
3310,3,incongruent,0.518184822,1,flanker
3311,3,congruent,0.368052145,1,flanker
3312,3,incongruent,0.601648787,1,flanker
3313,3,incongruent,0.534901237,1,flanker
3314,3,incongruent,0.484783876,1,flanker
3315,3,incongruent,0.43469036699999997,1,flanker
3316,3,incongruent,0.368037164,1,flanker
3317,3,congruent,0.41803982500000003,1,flanker
3318,3,incongruent,0.551488011,1,flanker
3319,3,incongruent,0.484799002,1,flanker
3320,3,incongruent,0.534889774,1,flanker
3321,3,congruent,0.418124563,1,flanker
3322,3,congruent,0.45146953300000003,1,flanker
3323,3,incongruent,0.50150118,1,flanker
3324,3,incongruent,0.451399766,1,flanker
3325,3,incongruent,0.601568671,1,flanker
3326,3,congruent,0.401423678,1,flanker
3327,3,congruent,0.384667278,1,flanker
3328,3,congruent,0.384654638,1,flanker
3329,3,incongruent,0.434785432,1,flanker
3330,3,congruent,0.41807360899999996,1,flanker
3331,3,congruent,0.585010437,1,flanker
3332,3,incongruent,0.36797140100000003,1,flanker
3333,3,incongruent,0.48481111800000004,1,flanker
3334,3,congruent,0.368035962,1,flanker
3335,3,congruent,0.43467431900000003,1,flanker
3336,3,incongruent,0.418089716,1,flanker
3337,3,congruent,0.434809291,1,flanker
3338,3,incongruent,0.518225274,1,flanker
3339,3,congruent,0.434655804,1,flanker
3340,3,incongruent,0.401443112,1,flanker
3341,3,congruent,0.384775354,1,flanker
3342,3,incongruent,0.484904218,1,flanker
3343,3,incongruent,0.434664764,1,flanker
3344,3,congruent,0.384713414,1,flanker
3345,3,congruent,0.36798661499999996,1,flanker
3346,3,congruent,0.334579826,1,flanker
3347,3,incongruent,0.334687724,1,flanker
3348,3,incongruent,0.384720159,1,flanker
3349,3,congruent,0.5348421990000001,1,flanker
3350,3,congruent,0.368007087,1,flanker
3351,3,congruent,0.351348507,1,flanker
3352,3,incongruent,0.451362129,1,flanker
3353,3,incongruent,0.40140061200000005,1,flanker
3354,3,congruent,0.31802482600000004,1,flanker
3355,3,congruent,0.367980862,1,flanker
3356,3,congruent,0.31801558399999996,1,flanker
3357,3,incongruent,0.6016228,1,flanker
3358,4,incongruent,0.434796707,1,flanker
3359,4,congruent,0.36801190500000003,1,flanker
3360,4,incongruent,0.5516355559999999,1,flanker
3361,4,congruent,0.401396679,1,flanker
3362,4,congruent,0.434769525,1,flanker
3363,4,incongruent,0.384691264,1,flanker
3364,4,congruent,0.368071151,1,flanker
3365,4,incongruent,0.5682110330000001,1,flanker
3366,4,congruent,0.4348036,1,flanker
3367,4,incongruent,0.451407712,1,flanker
3368,4,congruent,0.41810331100000003,1,flanker
3369,4,incongruent,0.38469584900000003,1,flanker
3370,4,incongruent,0.45147238900000003,1,flanker
3371,4,congruent,0.367785335,1,flanker
3372,4,incongruent,0.40139288599999995,1,flanker
3373,4,congruent,0.384698347,1,flanker
3374,4,congruent,0.418083583,1,flanker
3375,4,incongruent,0.351299846,1,flanker
3376,4,incongruent,0.434708899,1,flanker
3377,4,incongruent,0.35140235799999997,1,flanker
3378,4,congruent,0.41814014200000005,1,flanker
3379,4,congruent,0.33458599400000005,1,flanker
3380,4,congruent,0.384676107,1,flanker
3381,4,incongruent,0.434842587,1,flanker
3382,4,incongruent,0.43466601000000005,1,flanker
3383,4,incongruent,0.36806383,1,flanker
3384,4,incongruent,0.384746124,1,flanker
3385,4,congruent,0.468190699,1,flanker
3386,4,incongruent,0.384657013,1,flanker
3387,4,congruent,0.43475808,1,flanker
3388,4,congruent,0.35137402100000004,1,flanker
3389,4,incongruent,0.368112348,1,flanker
3390,4,congruent,0.418032756,1,flanker
3391,4,incongruent,0.301306969,1,flanker
3392,4,congruent,0.401355022,1,flanker
3393,4,incongruent,0.351351022,1,flanker
3394,4,congruent,0.351353208,1,flanker
3395,4,congruent,0.384772822,1,flanker
3396,4,incongruent,0.384672841,1,flanker
3397,4,congruent,0.41802964800000003,1,flanker
3398,4,congruent,0.368050741,1,flanker
3399,4,incongruent,0.368043852,1,flanker
3400,4,incongruent,0.351314266,1,flanker
3401,4,incongruent,0.434747653,1,flanker
3402,4,congruent,0.36804542300000004,1,flanker
3403,4,congruent,0.401384366,1,flanker
3404,4,incongruent,0.38464720399999996,1,flanker
3405,4,incongruent,0.36798345,1,flanker
3406,4,incongruent,0.40142035,0,flanker
3407,4,congruent,0.468146764,1,flanker
3408,4,congruent,0.3513702,1,flanker
3409,4,congruent,0.401344524,1,flanker
3410,4,congruent,0.451497524,1,flanker
3411,4,incongruent,0.35130520000000004,1,flanker
3412,4,congruent,0.334675825,1,flanker
3413,4,congruent,0.568312974,1,flanker
3414,4,incongruent,0.551575073,1,flanker
3415,4,incongruent,0.5182010840000001,1,flanker
3416,4,congruent,0.451523294,1,flanker
3417,4,incongruent,0.43471237300000004,1,flanker
3418,4,incongruent,0.45142608,1,flanker
3419,4,incongruent,0.40134378,1,flanker
3420,4,incongruent,0.451406691,1,flanker
3421,4,congruent,0.384729273,1,flanker
3422,4,incongruent,0.434739125,1,flanker
3423,4,incongruent,0.434742525,1,flanker
3424,4,congruent,0.701631894,1,flanker
3425,4,congruent,0.45134922,1,flanker
3426,4,congruent,0.36804071699999996,1,flanker
3427,4,incongruent,0.334601003,1,flanker
3428,4,congruent,0.351247612,1,flanker
3429,4,congruent,0.418041802,1,flanker
3430,4,incongruent,0.51819646,1,flanker
3431,4,congruent,0.468117339,1,flanker
3432,4,congruent,0.384599909,1,flanker
3433,4,incongruent,0.45140937400000003,1,flanker
3434,4,congruent,0.434760111,1,flanker
3435,4,incongruent,0.468160828,1,flanker
3436,4,congruent,0.417953759,1,flanker
3437,4,incongruent,0.501540718,1,flanker
3438,4,congruent,0.351299625,1,flanker
3439,4,incongruent,0.468070881,1,flanker
3440,4,congruent,0.36807911,1,flanker
3441,4,incongruent,0.368000032,1,flanker
3442,4,congruent,0.434738679,1,flanker
3443,4,congruent,0.5515908020000001,1,flanker
3444,4,incongruent,0.501551438,1,flanker
3445,4,incongruent,0.367998045,1,flanker
3446,4,incongruent,0.334589244,0,flanker
3447,4,congruent,0.367937164,1,flanker
3448,4,incongruent,0.40146069,1,flanker
3449,4,incongruent,0.36800755500000004,1,flanker
3450,4,incongruent,0.484875127,1,flanker
3451,4,congruent,0.45143443,1,flanker
3452,4,congruent,0.351298021,1,flanker
3453,4,congruent,0.334648997,1,flanker
3454,4,congruent,0.3679914,1,flanker
3455,4,incongruent,0.251238024,0,flanker
3456,4,incongruent,0.618259828,1,flanker
3457,4,incongruent,0.484759701,1,flanker
3458,4,congruent,0.36806576,1,flanker
3459,4,congruent,0.41812858999999997,1,flanker
3460,4,congruent,0.568277421,1,flanker
3461,4,incongruent,0.46816817400000005,1,flanker
3462,4,congruent,0.451426183,1,flanker
3463,4,congruent,0.334480548,0,flanker
3464,4,incongruent,0.5516063870000001,1,flanker
3465,4,congruent,0.40146756,1,flanker
3466,4,incongruent,0.45140206,1,flanker
3467,4,congruent,0.384593729,1,flanker
3468,4,incongruent,0.46810634900000003,1,flanker
3469,4,congruent,0.901933396,1,flanker
3470,4,congruent,0.367994729,1,flanker
3471,4,congruent,0.334687919,1,flanker
3472,4,congruent,0.267879806,1,flanker
3473,4,congruent,0.46816122,1,flanker
3474,4,incongruent,0.434759384,1,flanker
3475,4,congruent,0.384613904,0,flanker
3476,4,incongruent,0.534852524,1,flanker
3477,4,congruent,0.551626414,1,flanker
3478,4,congruent,0.351349251,1,flanker
3479,4,incongruent,0.351371753,1,flanker
3480,4,incongruent,0.48476683800000003,1,flanker
3481,4,congruent,0.451416765,1,flanker
3482,4,congruent,0.45145722,1,flanker
3483,4,incongruent,0.418030677,1,flanker
3484,4,incongruent,0.501486813,1,flanker
3485,4,congruent,0.368086217,1,flanker
3486,4,incongruent,0.468172248,1,flanker
3487,4,congruent,0.35131417800000003,1,flanker
3488,4,incongruent,0.418070063,1,flanker
3489,4,congruent,0.351398685,1,flanker
3490,4,congruent,0.368062059,1,flanker
3491,4,incongruent,0.551611751,1,flanker
3492,4,incongruent,0.534882418,1,flanker
3493,4,congruent,0.468083229,1,flanker
3494,4,incongruent,0.468175288,1,flanker
3495,4,congruent,0.468104424,1,flanker
3496,4,congruent,0.43471502500000003,1,flanker
3497,4,incongruent,0.501525822,1,flanker
3498,4,congruent,0.38474537400000003,1,flanker
3499,4,incongruent,0.418058192,1,flanker
3500,4,incongruent,0.51820426,1,flanker
3501,4,incongruent,0.418124635,1,flanker
3502,4,congruent,0.668387511,1,flanker
3503,4,incongruent,0.701694995,1,flanker
3504,4,congruent,0.5349353609999999,1,flanker
3505,4,congruent,0.46814184,1,flanker
3506,4,incongruent,0.384572527,1,flanker
3507,4,incongruent,0.418049816,1,flanker
3508,4,incongruent,0.35133437700000003,1,flanker
3509,4,congruent,0.284562416,1,flanker
3510,4,congruent,0.434820172,1,flanker
3511,4,incongruent,0.351361284,1,flanker
3512,4,incongruent,0.6349699510000001,1,flanker
3513,4,incongruent,0.63499898,1,flanker
3514,4,incongruent,0.40134973300000004,1,flanker
3515,4,incongruent,0.45146694400000004,1,flanker
3516,4,incongruent,0.701660388,1,flanker
3517,4,congruent,0.48479517099999997,1,flanker
3518,4,congruent,0.367818283,1,flanker
3519,4,congruent,0.518208517,1,flanker
3520,4,incongruent,0.484840462,1,flanker
3521,4,incongruent,0.451190659,1,flanker
3522,4,congruent,0.30093461000000005,1,flanker
3523,4,congruent,0.318012974,1,flanker
3524,4,incongruent,0.30120270699999996,0,flanker
3525,4,congruent,0.885343285,1,flanker
3526,4,incongruent,0.368080302,1,flanker
3527,4,congruent,0.351286993,1,flanker
3528,4,incongruent,0.35134656599999997,0,flanker
3529,4,incongruent,0.835184746,1,flanker
3530,4,congruent,0.417965629,1,flanker
3531,4,congruent,0.38483605899999995,1,flanker
3532,4,congruent,0.518225427,1,flanker
3533,4,incongruent,0.451464025,1,flanker
3534,4,congruent,0.618279969,1,flanker
3535,4,incongruent,0.401339428,0,flanker
3536,4,incongruent,0.7517442630000001,1,flanker
3537,4,congruent,0.651662036,1,flanker
3538,4,incongruent,0.401429088,0,flanker
3539,4,congruent,0.6850410429999999,1,flanker
3540,4,congruent,0.468172017,1,flanker
3541,4,incongruent,0.351379274,1,flanker
3542,4,incongruent,0.43478906,1,flanker
3543,4,congruent,0.384640537,1,flanker
3544,4,incongruent,0.401413863,1,flanker
3545,4,congruent,0.418152453,1,flanker
3546,4,incongruent,0.501523775,1,flanker
3547,4,congruent,0.40144255500000003,1,flanker
3548,4,congruent,0.451443363,1,flanker
3549,4,incongruent,0.48477961199999997,1,flanker
3550,4,incongruent,0.401422874,1,flanker
3551,4,congruent,0.267926021,1,flanker
3552,4,incongruent,0.451458394,1,flanker
3553,4,congruent,0.41812716899999997,1,flanker
3554,4,incongruent,0.76853066,1,flanker
3555,4,incongruent,0.618317833,0,flanker
3556,4,incongruent,0.43473307699999997,1,flanker
3557,4,congruent,0.41810858300000003,1,flanker
3558,4,incongruent,0.5515848539999999,1,flanker
3559,4,congruent,0.468091525,1,flanker
3560,4,congruent,0.551536055,1,flanker
3561,4,incongruent,0.401389617,1,flanker
3562,4,congruent,0.43483130999999997,1,flanker
3563,4,incongruent,0.368010722,1,flanker
3564,4,congruent,0.45149291599999997,1,flanker
3565,4,incongruent,0.301262394,0,flanker
3566,4,congruent,0.48491551600000005,1,flanker
3567,4,incongruent,0.234279717,0,flanker
3568,4,congruent,0.384649427,1,flanker
3569,4,congruent,0.418052364,1,flanker
3570,4,congruent,0.40137467299999996,1,flanker
3571,4,incongruent,0.568257559,1,flanker
3572,4,incongruent,0.635006047,1,flanker
3573,4,incongruent,0.518119274,1,flanker
3574,4,incongruent,0.351313796,1,flanker
3575,4,congruent,0.6349921040000001,1,flanker
3576,4,congruent,0.434715352,1,flanker
3577,4,congruent,0.451517805,1,flanker
3578,4,congruent,0.584810999,1,flanker
3579,4,incongruent,0.284627835,0,flanker
3580,4,incongruent,0.484801231,1,flanker
3581,4,congruent,0.534936646,1,flanker
3582,4,congruent,0.434811552,1,flanker
3583,4,incongruent,0.518136319,1,flanker
3584,4,incongruent,0.534938698,0,flanker
3585,4,congruent,0.468031689,1,flanker
3586,4,incongruent,0.451474233,1,flanker
3587,4,incongruent,0.35129038500000004,1,flanker
3588,4,congruent,0.451463978,1,flanker
3589,4,congruent,0.351315926,0,flanker
3590,4,incongruent,0.501414194,1,flanker
3591,4,incongruent,0.5182454,1,flanker
3592,4,congruent,0.40139934,1,flanker
3593,4,incongruent,0.484851849,1,flanker
3594,4,congruent,0.43485024,1,flanker
3595,4,incongruent,0.384722647,1,flanker
3596,4,incongruent,0.43480589199999997,1,flanker
3597,4,congruent,0.468159917,1,flanker
3598,4,incongruent,0.451434267,1,flanker
3599,4,congruent,0.568297268,1,flanker
3600,4,incongruent,0.401337053,1,flanker
3601,4,congruent,0.418091298,1,flanker
3602,4,incongruent,0.451402514,1,flanker
3603,4,incongruent,0.48487897700000004,1,flanker
3604,4,congruent,1.152290588,1,flanker
3605,4,congruent,0.41814112999999997,1,flanker
3606,4,congruent,0.434654967,1,flanker
3607,4,incongruent,0.43475743899999997,1,flanker
3608,4,congruent,0.36800288999999997,0,flanker
3609,4,congruent,0.33468082299999996,1,flanker
3610,4,congruent,0.618265094,1,flanker
3611,4,incongruent,0.5681349139999999,1,flanker
3612,4,congruent,0.384696181,1,flanker
3613,4,congruent,0.351295908,1,flanker
3614,4,incongruent,0.468077996,1,flanker
3615,4,incongruent,0.5682341689999999,1,flanker
3616,4,incongruent,0.384753758,1,flanker
3617,4,incongruent,0.334645902,0,flanker
3618,4,congruent,0.534840165,1,flanker
3619,4,congruent,0.484847017,1,flanker
3620,4,congruent,0.36776752199999996,1,flanker
3621,4,incongruent,0.484862232,1,flanker
3622,4,incongruent,0.568221605,1,flanker
3623,4,congruent,0.50152646,1,flanker
3624,4,incongruent,0.41813136700000003,1,flanker
3625,4,incongruent,0.635017482,1,flanker
3626,4,incongruent,0.46809409799999996,1,flanker
3627,4,incongruent,0.484878274,1,flanker
3628,4,congruent,0.768523474,1,flanker
3629,4,incongruent,0.451501194,1,flanker
3630,4,congruent,0.618266294,1,flanker
3631,4,incongruent,0.434826992,1,flanker
3632,4,congruent,0.46819229,1,flanker
3633,4,congruent,0.451335445,1,flanker
3634,4,congruent,0.418095437,1,flanker
3635,4,congruent,0.317941613,1,flanker
3636,4,incongruent,0.41807529699999996,1,flanker
3637,4,incongruent,0.935291516,0,flanker
3638,4,congruent,0.651644793,1,flanker
3639,4,incongruent,0.451416258,1,flanker
3640,4,incongruent,0.568304963,1,flanker
3641,4,incongruent,0.418143702,1,flanker
3642,4,incongruent,0.468259217,1,flanker
3643,4,incongruent,0.484811487,0,flanker
3644,4,congruent,0.43481625,1,flanker
3645,4,congruent,0.367981004,1,flanker
3646,4,congruent,0.45143236200000003,1,flanker
3647,4,incongruent,0.351338785,1,flanker
3648,4,congruent,0.468046467,1,flanker
3649,4,congruent,0.31793894899999997,1,flanker
3650,4,congruent,0.5849282650000001,1,flanker
3651,4,incongruent,0.334697584,1,flanker
3652,4,incongruent,0.451396708,1,flanker
3653,4,incongruent,0.451513892,1,flanker
3654,4,incongruent,0.451495366,1,flanker
3655,4,congruent,0.418060894,1,flanker
3656,4,congruent,0.384702404,1,flanker
3657,4,congruent,0.41803117700000003,1,flanker
3658,4,incongruent,0.351327515,1,flanker
3659,4,incongruent,0.384391669,1,flanker
3660,4,congruent,0.301273707,1,flanker
3661,4,incongruent,0.501434326,1,flanker
3662,4,incongruent,0.434773699,1,flanker
3663,4,congruent,0.35132546200000003,1,flanker
3664,4,incongruent,0.40141747099999997,1,flanker
3665,4,congruent,0.35135675400000005,1,flanker
3666,4,congruent,0.35130404499999995,1,flanker
3667,4,congruent,0.368088776,1,flanker
3668,4,congruent,0.318025524,1,flanker
3669,4,congruent,0.484824109,1,flanker
3670,4,incongruent,0.46801356800000005,1,flanker
3671,4,congruent,0.40134736600000004,1,flanker
3672,4,incongruent,0.41810790400000003,0,flanker
3673,4,incongruent,0.384677805,1,flanker
3674,4,congruent,0.401408207,1,flanker
3675,4,incongruent,0.451451257,1,flanker
3676,4,congruent,0.418064523,1,flanker
3677,4,incongruent,0.534865375,1,flanker
3678,4,congruent,0.451500555,1,flanker
3679,4,congruent,0.484857526,1,flanker
3680,4,congruent,0.43473958,1,flanker
3681,4,incongruent,0.41802631,1,flanker
3682,4,congruent,0.3679477,1,flanker
3683,4,congruent,0.30124992700000003,1,flanker
3684,4,incongruent,0.518255388,1,flanker
3685,4,incongruent,0.484634942,1,flanker
3686,4,incongruent,0.351296665,1,flanker
3687,4,congruent,0.38475560200000003,1,flanker
3688,4,incongruent,0.501500983,1,flanker
3689,4,incongruent,0.5682769489999999,1,flanker
3690,4,congruent,0.38463426900000003,0,flanker
3691,4,incongruent,0.484687127,1,flanker
3692,4,congruent,0.368080652,1,flanker
3693,5,incongruent,0.601629989,1,flanker
3694,5,incongruent,0.468191156,1,flanker
3695,5,congruent,0.401383357,1,flanker
3696,5,incongruent,0.468031683,1,flanker
3697,5,incongruent,0.484787202,0,flanker
3698,5,congruent,0.668313302,1,flanker
3699,5,incongruent,0.534762674,1,flanker
3700,5,congruent,0.451437926,1,flanker
3701,5,congruent,0.5182410180000001,1,flanker
3702,5,incongruent,0.534871813,1,flanker
3703,5,incongruent,0.43478609,1,flanker
3704,5,incongruent,0.401354555,1,flanker
3705,5,congruent,0.401439763,1,flanker
3706,5,incongruent,0.51815194,1,flanker
3707,5,congruent,0.584918891,1,flanker
3708,5,incongruent,0.634972646,1,flanker
3709,5,congruent,0.468104803,1,flanker
3710,5,congruent,0.501416041,1,flanker
3711,5,incongruent,0.468119648,1,flanker
3712,5,congruent,0.6182731680000001,1,flanker
3713,5,congruent,0.484855032,1,flanker
3714,5,incongruent,0.5515527809999999,1,flanker
3715,5,incongruent,0.434428806,1,flanker
3716,5,incongruent,0.651701242,1,flanker
3717,5,congruent,0.45150622700000004,1,flanker
3718,5,congruent,0.384739863,1,flanker
3719,5,congruent,0.401458683,1,flanker
3720,5,congruent,0.351367669,1,flanker
3721,5,incongruent,0.384354516,1,flanker
3722,5,incongruent,0.468200045,1,flanker
3723,5,incongruent,0.334624551,1,flanker
3724,5,incongruent,0.35123332399999996,1,flanker
3725,5,congruent,0.384711499,1,flanker
3726,5,congruent,0.384759751,1,flanker
3727,5,congruent,0.38477241199999995,1,flanker
3728,5,incongruent,0.301335909,0,flanker
3729,5,incongruent,0.551462464,1,flanker
3730,5,congruent,0.384681214,1,flanker
3731,5,congruent,0.468143505,1,flanker
3732,5,congruent,0.534906742,1,flanker
3733,5,incongruent,0.484800454,1,flanker
3734,5,congruent,0.38465093899999997,1,flanker
3735,5,incongruent,0.484870541,1,flanker
3736,5,congruent,0.484794889,1,flanker
3737,5,congruent,0.351335633,1,flanker
3738,5,incongruent,0.418137278,1,flanker
3739,5,incongruent,0.334658578,0,flanker
3740,5,congruent,1.202293735,1,flanker
3741,5,incongruent,0.468193144,1,flanker
3742,5,incongruent,0.468226021,1,flanker
3743,5,incongruent,0.36805557800000005,1,flanker
3744,5,congruent,0.484805833,1,flanker
3745,5,incongruent,0.468101638,0,flanker
3746,5,congruent,0.5349222029999999,1,flanker
3747,5,congruent,0.351371968,1,flanker
3748,5,congruent,0.351315162,1,flanker
3749,5,incongruent,0.601595731,1,flanker
3750,5,congruent,0.501522356,1,flanker
3751,5,incongruent,0.48480983400000005,1,flanker
3752,5,incongruent,0.401449769,1,flanker
3753,5,incongruent,0.484876633,1,flanker
3754,5,congruent,0.451410568,1,flanker
3755,5,incongruent,0.401383422,1,flanker
3756,5,incongruent,0.418002023,0,flanker
3757,5,congruent,0.518166531,1,flanker
3758,5,congruent,0.55161803,1,flanker
3759,5,incongruent,0.518170539,1,flanker
3760,5,congruent,0.46808614,1,flanker
3761,5,incongruent,0.401384105,1,flanker
3762,5,incongruent,0.31784900499999996,0,flanker
3763,5,incongruent,0.501538,1,flanker
3764,5,congruent,0.368006689,1,flanker
3765,5,incongruent,0.468194534,1,flanker
3766,5,congruent,0.401466457,1,flanker
3767,5,congruent,0.368068159,1,flanker
3768,5,incongruent,0.417806854,1,flanker
3769,5,congruent,0.468162941,1,flanker
3770,5,incongruent,0.35100954100000004,0,flanker
3771,5,congruent,0.451358591,1,flanker
3772,5,incongruent,0.43473783200000005,1,flanker
3773,5,congruent,0.43471872500000003,1,flanker
3774,5,incongruent,0.36804410000000004,0,flanker
3775,5,congruent,0.501494833,1,flanker
3776,5,congruent,0.401371539,1,flanker
3777,5,congruent,0.5181911250000001,1,flanker
3778,5,incongruent,0.468078764,1,flanker
3779,5,congruent,0.384779785,1,flanker
3780,5,congruent,0.434755474,1,flanker
3781,5,congruent,0.418097165,1,flanker
3782,5,congruent,0.401461966,1,flanker
3783,5,congruent,0.48483703300000003,1,flanker
3784,5,incongruent,0.451384406,1,flanker
3785,5,congruent,0.418123209,1,flanker
3786,5,incongruent,0.418060576,1,flanker
3787,5,congruent,0.501523074,1,flanker
3788,5,incongruent,0.51812443,0,flanker
3789,5,congruent,0.401470204,1,flanker
3790,5,congruent,0.434813379,1,flanker
3791,5,congruent,0.368010642,1,flanker
3792,5,incongruent,0.434771798,1,flanker
3793,5,incongruent,0.451348573,1,flanker
3794,5,incongruent,0.48478043000000004,1,flanker
3795,5,incongruent,0.384712585,1,flanker
3796,5,congruent,0.43472604000000004,1,flanker
3797,5,incongruent,0.45133536700000004,1,flanker
3798,5,incongruent,0.5015426519999999,1,flanker
3799,5,incongruent,0.5182024820000001,1,flanker
3800,5,incongruent,0.40142774600000003,1,flanker
3801,5,congruent,0.46806278500000004,0,flanker
3802,5,congruent,0.46810408200000003,1,flanker
3803,5,incongruent,0.384640995,1,flanker
3804,5,congruent,0.50157203,1,flanker
3805,5,incongruent,0.551546642,1,flanker
3806,5,incongruent,0.33452857799999997,0,flanker
3807,5,incongruent,0.601554724,1,flanker
3808,5,congruent,0.534935781,0,flanker
3809,5,incongruent,0.634908162,1,flanker
3810,5,congruent,0.434659423,1,flanker
3811,5,congruent,0.384702892,1,flanker
3812,5,incongruent,0.418096476,1,flanker
3813,5,congruent,0.41811098500000005,1,flanker
3814,5,congruent,0.5349138410000001,1,flanker
3815,5,incongruent,0.701686476,1,flanker
3816,5,incongruent,0.634942808,1,flanker
3817,5,congruent,0.601686869,1,flanker
3818,5,congruent,1.2023475350000001,1,flanker
3819,5,incongruent,0.484743374,1,flanker
3820,5,incongruent,0.501536191,1,flanker
3821,5,incongruent,0.501473441,1,flanker
3822,5,incongruent,0.484821937,1,flanker
3823,5,congruent,0.45146654599999997,1,flanker
3824,5,incongruent,0.568265803,1,flanker
3825,5,incongruent,0.418125366,0,flanker
3826,5,incongruent,0.518182983,1,flanker
3827,5,congruent,0.418146672,1,flanker
3828,5,congruent,0.418089077,1,flanker
3829,5,congruent,0.38468154600000004,1,flanker
3830,5,congruent,0.40142433699999996,1,flanker
3831,5,congruent,0.317930817,1,flanker
3832,5,incongruent,0.317955577,1,flanker
3833,5,congruent,0.434787645,1,flanker
3834,5,incongruent,0.601576639,1,flanker
3835,5,incongruent,0.418065831,1,flanker
3836,5,congruent,0.45147935100000003,1,flanker
3837,5,incongruent,0.5182369670000001,1,flanker
3838,5,congruent,0.48480373600000004,1,flanker
3839,5,congruent,0.401415371,1,flanker
3840,5,congruent,0.38459625399999997,1,flanker
3841,5,incongruent,0.484821078,1,flanker
3842,5,congruent,0.5015414380000001,1,flanker
3843,5,incongruent,0.501482881,1,flanker
3844,5,congruent,0.468169801,1,flanker
3845,5,incongruent,0.40145041400000003,1,flanker
3846,5,congruent,0.434709583,1,flanker
3847,5,congruent,0.40133585299999996,1,flanker
3848,5,incongruent,0.33468698799999996,0,flanker
3849,5,congruent,0.418136069,1,flanker
3850,5,congruent,0.351321169,1,flanker
3851,5,congruent,0.518223023,1,flanker
3852,5,incongruent,0.451484709,1,flanker
3853,5,congruent,0.484827314,1,flanker
3854,5,incongruent,0.568341373,1,flanker
3855,5,incongruent,0.5516025560000001,1,flanker
3856,5,incongruent,0.518291884,0,flanker
3857,5,congruent,0.50156153,1,flanker
3858,5,congruent,0.434817087,1,flanker
3859,5,incongruent,0.568267133,0,flanker
3860,5,incongruent,0.518193905,1,flanker
3861,5,congruent,0.584812454,1,flanker
3862,5,incongruent,0.401359474,0,flanker
3863,5,incongruent,0.48482997499999997,1,flanker
3864,5,congruent,0.468134934,1,flanker
3865,5,congruent,0.434752611,1,flanker
3866,5,congruent,0.401443895,1,flanker
3867,5,congruent,0.43466313,1,flanker
3868,5,congruent,0.434758128,1,flanker
3869,5,congruent,0.534823178,0,flanker
3870,5,incongruent,0.601659664,1,flanker
3871,5,incongruent,0.468155871,1,flanker
3872,5,incongruent,0.401430769,1,flanker
3873,5,incongruent,0.468045686,1,flanker
3874,5,congruent,0.38482076,1,flanker
3875,5,incongruent,0.367974197,1,flanker
3876,5,incongruent,0.5182453819999999,1,flanker
3877,5,congruent,0.584840981,1,flanker
3878,5,congruent,0.351203457,1,flanker
3879,5,congruent,0.368105002,1,flanker
3880,5,congruent,0.401446842,1,flanker
3881,5,incongruent,0.401338509,1,flanker
3882,5,incongruent,0.33460594600000004,1,flanker
3883,5,congruent,0.418053499,1,flanker
3884,5,incongruent,0.51815102,1,flanker
3885,5,congruent,0.568287914,1,flanker
3886,5,congruent,0.41805071,1,flanker
3887,5,incongruent,0.451454742,1,flanker
3888,5,incongruent,0.451469207,1,flanker
3889,5,incongruent,0.468178079,1,flanker
3890,5,congruent,0.484842083,1,flanker
3891,5,congruent,0.468109236,1,flanker
3892,5,incongruent,0.568227638,1,flanker
3893,5,incongruent,0.451354189,1,flanker
3894,5,congruent,0.368024701,1,flanker
3895,5,congruent,0.468143119,1,flanker
3896,5,incongruent,0.568200466,1,flanker
3897,5,incongruent,0.5682339839999999,1,flanker
3898,5,incongruent,0.551453497,1,flanker
3899,5,congruent,0.5515821240000001,1,flanker
3900,5,congruent,0.43478052500000003,1,flanker
3901,5,incongruent,0.468089802,1,flanker
3902,5,incongruent,0.451440743,1,flanker
3903,5,congruent,0.40137996,1,flanker
3904,5,congruent,0.384839271,1,flanker
3905,5,incongruent,0.451442054,1,flanker
3906,5,incongruent,0.48483223400000003,1,flanker
3907,5,incongruent,0.7517129149999999,1,flanker
3908,5,congruent,0.48487367,1,flanker
3909,5,congruent,0.43466418,1,flanker
3910,5,incongruent,0.484793928,1,flanker
3911,5,congruent,0.51816873,1,flanker
3912,5,congruent,0.418045094,1,flanker
3913,5,incongruent,0.45142891300000004,1,flanker
3914,5,congruent,0.501416756,1,flanker
3915,5,incongruent,0.501535221,1,flanker
3916,5,incongruent,0.401351314,1,flanker
3917,5,congruent,0.484805392,1,flanker
3918,5,congruent,0.38476918899999996,1,flanker
3919,5,incongruent,0.601545962,1,flanker
3920,5,congruent,0.43473058,1,flanker
3921,5,incongruent,0.451579648,1,flanker
3922,5,incongruent,0.41807160099999996,1,flanker
3923,5,congruent,0.38477831300000004,1,flanker
3924,5,congruent,0.46819523199999996,1,flanker
3925,5,incongruent,0.334711685,1,flanker
3926,5,incongruent,0.418129824,1,flanker
3927,5,congruent,0.384617404,1,flanker
3928,5,congruent,0.418104546,1,flanker
3929,5,incongruent,0.418120479,1,flanker
3930,5,incongruent,0.367916849,1,flanker
3931,5,congruent,0.38483199100000004,1,flanker
3932,5,incongruent,0.36800260100000004,1,flanker
3933,5,incongruent,0.518131066,1,flanker
3934,5,incongruent,0.501504527,1,flanker
3935,5,congruent,0.35135964999999997,1,flanker
3936,5,congruent,0.418148282,1,flanker
3937,5,incongruent,0.41802743600000003,1,flanker
3938,5,incongruent,0.41806147299999996,1,flanker
3939,5,congruent,0.551568067,1,flanker
3940,5,incongruent,0.301301883,1,flanker
3941,5,congruent,0.38471083599999994,1,flanker
3942,5,incongruent,0.467822675,1,flanker
3943,5,incongruent,0.334685579,1,flanker
3944,5,congruent,0.38475856599999997,1,flanker
3945,5,incongruent,0.451506558,1,flanker
3946,5,congruent,0.451492057,1,flanker
3947,5,congruent,0.367941827,1,flanker
3948,5,congruent,0.31797278,0,flanker
3949,5,incongruent,0.568226499,1,flanker
3950,5,incongruent,0.434822791,1,flanker
3951,5,incongruent,0.401393286,0,flanker
3952,5,incongruent,0.43481878999999996,1,flanker
3953,5,incongruent,0.501478224,1,flanker
3954,5,congruent,0.418064532,1,flanker
3955,5,incongruent,0.45142783200000003,1,flanker
3956,5,incongruent,0.468174974,1,flanker
3957,5,incongruent,0.43464934699999996,1,flanker
3958,5,congruent,0.40144302,1,flanker
3959,5,incongruent,0.584926509,1,flanker
3960,5,congruent,0.35129618599999995,1,flanker
3961,5,congruent,0.351378483,1,flanker
3962,5,congruent,0.434754024,1,flanker
3963,5,congruent,0.43472312799999996,1,flanker
3964,5,congruent,0.501577445,1,flanker
3965,5,congruent,0.317956394,1,flanker
3966,5,congruent,0.40139584300000003,1,flanker
3967,5,congruent,0.384742949,1,flanker
3968,5,incongruent,0.368056459,1,flanker
3969,5,congruent,0.384735002,1,flanker
3970,5,incongruent,0.40132100400000004,1,flanker
3971,5,incongruent,0.451505543,1,flanker
3972,5,congruent,0.40144640600000003,1,flanker
3973,5,congruent,0.635006906,0,flanker
3974,5,congruent,0.401312297,1,flanker
3975,5,congruent,0.401451717,1,flanker
3976,5,incongruent,0.484753863,1,flanker
3977,5,incongruent,0.45145083399999997,1,flanker
3978,5,incongruent,0.401373625,0,flanker
3979,5,congruent,0.751762247,1,flanker
3980,5,incongruent,0.451443696,1,flanker
3981,5,congruent,0.418134058,1,flanker
3982,5,congruent,0.501450986,1,flanker
3983,5,incongruent,0.534924447,1,flanker
3984,5,congruent,0.418071594,1,flanker
3985,5,congruent,0.384580312,1,flanker
3986,5,incongruent,0.46814797399999997,1,flanker
3987,5,incongruent,0.501563739,1,flanker
3988,5,congruent,0.434742136,1,flanker
3989,5,congruent,0.551502743,1,flanker
3990,5,incongruent,0.501481757,1,flanker
3991,5,congruent,0.401455308,1,flanker
3992,5,incongruent,0.568247736,1,flanker
3993,5,incongruent,0.534886246,1,flanker
3994,5,congruent,0.618277964,1,flanker
3995,5,incongruent,0.41805834,1,flanker
3996,5,incongruent,0.434795472,1,flanker
3997,5,congruent,0.418097779,1,flanker
3998,5,congruent,0.368075692,1,flanker
3999,5,incongruent,0.36806616000000003,1,flanker
4000,5,congruent,0.351328331,0,flanker
4001,5,congruent,0.451471747,1,flanker
4002,5,incongruent,0.351377526,0,flanker
4003,5,congruent,1.135584863,1,flanker
4004,5,congruent,0.384670207,1,flanker
4005,5,congruent,0.384639328,1,flanker
4006,5,incongruent,0.451424928,1,flanker
4007,5,incongruent,0.584795318,1,flanker
4008,5,congruent,0.33457139,1,flanker
4009,5,congruent,0.484871747,1,flanker
4010,5,congruent,0.48490254299999996,1,flanker
4011,5,incongruent,0.468109912,1,flanker
4012,5,incongruent,0.48478859399999996,1,flanker
4013,5,incongruent,0.434768104,1,flanker
4014,5,incongruent,0.384779237,1,flanker
4015,5,incongruent,0.367944991,1,flanker
4016,5,congruent,0.45141301,1,flanker
4017,5,congruent,0.40138751,1,flanker
4018,5,incongruent,0.43468856699999997,1,flanker
4019,5,incongruent,0.501495367,1,flanker
4020,5,congruent,0.35132281,1,flanker
4021,5,incongruent,0.317950852,1,flanker
4022,5,incongruent,0.451385921,1,flanker
4023,5,congruent,0.401394689,1,flanker
4024,5,incongruent,0.351310784,1,flanker
4025,5,incongruent,0.451449806,1,flanker
4026,5,congruent,0.351309846,1,flanker
4027,5,congruent,0.484811504,1,flanker
4028,5,incongruent,0.417966385,1,flanker
4029,6,incongruent,0.718408947,1,flanker
4030,6,congruent,0.434723863,1,flanker
4031,6,incongruent,0.451412981,1,flanker
4032,6,incongruent,0.501557911,1,flanker
4033,6,congruent,0.38468811799999997,1,flanker
4034,6,congruent,0.351337504,1,flanker
4035,6,incongruent,0.584886504,1,flanker
4036,6,incongruent,0.401451328,1,flanker
4037,6,incongruent,0.468095849,1,flanker
4038,6,incongruent,0.484793532,1,flanker
4039,6,incongruent,0.451410407,1,flanker
4040,6,congruent,0.468157955,1,flanker
4041,6,incongruent,0.484869131,0,flanker
4042,6,incongruent,0.551502428,1,flanker
4043,6,congruent,0.38472668299999996,1,flanker
4044,6,congruent,0.418166203,1,flanker
4045,6,congruent,0.38466135100000004,1,flanker
4046,6,incongruent,0.368098524,1,flanker
4047,6,congruent,0.418008237,1,flanker
4048,6,congruent,0.351406631,1,flanker
4049,6,congruent,0.367981703,1,flanker
4050,6,congruent,0.401311433,1,flanker
4051,6,incongruent,0.384758321,1,flanker
4052,6,incongruent,0.418108556,1,flanker
4053,6,incongruent,0.367976859,1,flanker
4054,6,incongruent,0.48484072,1,flanker
4055,6,congruent,0.51818178,1,flanker
4056,6,incongruent,0.401439831,1,flanker
4057,6,incongruent,0.36800715900000003,1,flanker
4058,6,congruent,0.41817387100000003,1,flanker
4059,6,incongruent,0.401368405,1,flanker
4060,6,congruent,0.401260632,1,flanker
4061,6,incongruent,0.518147334,1,flanker
4062,6,incongruent,0.584945385,1,flanker
4063,6,congruent,0.418078096,1,flanker
4064,6,incongruent,0.83523049,1,flanker
4065,6,congruent,0.418092105,1,flanker
4066,6,congruent,0.384669666,1,flanker
4067,6,congruent,0.38462886700000004,1,flanker
4068,6,congruent,0.418135329,1,flanker
4069,6,congruent,0.36808016,1,flanker
4070,6,incongruent,0.45141413,1,flanker
4071,6,congruent,0.384754605,1,flanker
4072,6,incongruent,0.401366896,1,flanker
4073,6,congruent,0.384675745,1,flanker
4074,6,incongruent,0.484765074,1,flanker
4075,6,incongruent,0.434729464,1,flanker
4076,6,congruent,0.35138530100000004,1,flanker
4077,6,incongruent,0.568178662,1,flanker
4078,6,incongruent,0.384739536,1,flanker
4079,6,congruent,0.401449387,1,flanker
4080,6,congruent,0.368005411,1,flanker
4081,6,congruent,0.33475402200000004,1,flanker
4082,6,congruent,0.351402296,1,flanker
4083,6,incongruent,0.484813414,1,flanker
4084,6,congruent,0.46817584900000003,1,flanker
4085,6,congruent,0.451499914,1,flanker
4086,6,incongruent,0.551593428,1,flanker
4087,6,congruent,0.367995749,1,flanker
4088,6,congruent,0.38469768299999996,1,flanker
4089,6,incongruent,0.43474746,1,flanker
4090,6,incongruent,0.418018756,1,flanker
4091,6,congruent,0.451513797,1,flanker
4092,6,incongruent,0.384715666,1,flanker
4093,6,incongruent,0.518102353,1,flanker
4094,6,congruent,0.384732752,1,flanker
4095,6,congruent,0.334646162,1,flanker
4096,6,incongruent,0.5015016529999999,1,flanker
4097,6,congruent,0.484766423,1,flanker
4098,6,incongruent,0.46814669600000003,1,flanker
4099,6,congruent,0.401439646,1,flanker
4100,6,congruent,0.368061393,1,flanker
4101,6,congruent,0.384647781,1,flanker
4102,6,incongruent,0.40137203899999996,1,flanker
4103,6,incongruent,0.45139919700000003,1,flanker
4104,6,incongruent,0.351275284,1,flanker
4105,6,congruent,0.401376646,1,flanker
4106,6,incongruent,0.534971685,1,flanker
4107,6,incongruent,0.468187923,1,flanker
4108,6,incongruent,0.318032666,0,flanker
4109,6,congruent,0.43480720500000003,1,flanker
4110,6,congruent,0.384741579,1,flanker
4111,6,incongruent,0.568275305,1,flanker
4112,6,incongruent,0.401335288,1,flanker
4113,6,congruent,0.36801305,1,flanker
4114,6,congruent,0.367973437,1,flanker
4115,6,incongruent,0.518253753,1,flanker
4116,6,incongruent,0.401386548,1,flanker
4117,6,congruent,0.33461708900000003,1,flanker
4118,6,congruent,0.36800391000000005,1,flanker
4119,6,congruent,0.351259147,1,flanker
4120,6,congruent,0.351244683,1,flanker
4121,6,incongruent,0.418130922,1,flanker
4122,6,incongruent,0.534907584,1,flanker
4123,6,incongruent,0.50155955,1,flanker
4124,6,incongruent,0.468171902,1,flanker
4125,6,congruent,0.551563912,1,flanker
4126,6,congruent,0.38475016900000003,1,flanker
4127,6,congruent,0.418046918,1,flanker
4128,6,congruent,0.451538521,1,flanker
4129,6,incongruent,0.501488958,1,flanker
4130,6,congruent,0.41811149000000003,1,flanker
4131,6,incongruent,0.468103292,1,flanker
4132,6,congruent,0.401371588,1,flanker
4133,6,incongruent,0.735120691,0,flanker
4134,6,incongruent,0.418092618,1,flanker
4135,6,incongruent,0.418109401,1,flanker
4136,6,congruent,0.434681378,1,flanker
4137,6,incongruent,0.501493415,1,flanker
4138,6,congruent,0.41816793999999996,1,flanker
4139,6,incongruent,0.38468660899999996,1,flanker
4140,6,congruent,0.367964672,1,flanker
4141,6,congruent,0.40142100799999997,1,flanker
4142,6,congruent,0.368042606,1,flanker
4143,6,incongruent,0.618360541,1,flanker
4144,6,incongruent,0.46819405000000003,1,flanker
4145,6,incongruent,0.484692034,1,flanker
4146,6,congruent,0.401420079,1,flanker
4147,6,incongruent,0.401340925,1,flanker
4148,6,congruent,0.418030298,1,flanker
4149,6,congruent,0.351317571,1,flanker
4150,6,congruent,0.38464128399999997,1,flanker
4151,6,congruent,0.38476804600000003,1,flanker
4152,6,incongruent,0.46810242599999996,1,flanker
4153,6,congruent,0.384650014,1,flanker
4154,6,congruent,0.401442294,1,flanker
4155,6,incongruent,0.501401239,1,flanker
4156,6,incongruent,0.451429611,1,flanker
4157,6,congruent,0.384715232,1,flanker
4158,6,incongruent,0.451503037,1,flanker
4159,6,congruent,0.38467949399999996,1,flanker
4160,6,incongruent,0.468206999,1,flanker
4161,6,incongruent,0.367990438,1,flanker
4162,6,congruent,0.368064164,1,flanker
4163,6,incongruent,0.501497156,1,flanker
4164,6,incongruent,0.384714531,1,flanker
4165,6,congruent,0.318015753,1,flanker
4166,6,congruent,0.367984063,1,flanker
4167,6,congruent,0.368069058,1,flanker
4168,6,incongruent,0.451381864,1,flanker
4169,6,congruent,0.401515038,1,flanker
4170,6,congruent,0.43482705600000005,1,flanker
4171,6,congruent,0.434761677,1,flanker
4172,6,congruent,0.38476439599999995,1,flanker
4173,6,incongruent,0.518182944,1,flanker
4174,6,incongruent,0.451511629,1,flanker
4175,6,congruent,0.501530351,1,flanker
4176,6,congruent,0.418069553,1,flanker
4177,6,incongruent,0.484859318,1,flanker
4178,6,incongruent,0.48482662699999995,1,flanker
4179,6,incongruent,0.501450192,1,flanker
4180,6,congruent,0.618328243,1,flanker
4181,6,incongruent,0.418006742,1,flanker
4182,6,incongruent,0.38476559600000004,1,flanker
4183,6,incongruent,0.501484488,1,flanker
4184,6,incongruent,0.418079541,1,flanker
4185,6,congruent,0.45147739000000003,1,flanker
4186,6,incongruent,0.501570902,1,flanker
4187,6,incongruent,0.43477907800000004,1,flanker
4188,6,incongruent,0.418034218,1,flanker
4189,6,congruent,0.368084753,1,flanker
4190,6,congruent,0.351362771,1,flanker
4191,6,congruent,0.351321442,1,flanker
4192,6,incongruent,0.434822956,1,flanker
4193,6,congruent,0.384441284,1,flanker
4194,6,incongruent,0.45142370899999995,1,flanker
4195,6,congruent,0.384731797,1,flanker
4196,6,incongruent,0.368031977,1,flanker
4197,6,incongruent,0.568231721,1,flanker
4198,6,incongruent,0.401449143,1,flanker
4199,6,incongruent,0.434712188,1,flanker
4200,6,congruent,0.334655999,1,flanker
4201,6,incongruent,0.401386856,0,flanker
4202,6,incongruent,0.45148171600000003,1,flanker
4203,6,incongruent,0.48487855,1,flanker
4204,6,incongruent,0.5515537070000001,1,flanker
4205,6,congruent,0.36803402,1,flanker
4206,6,congruent,0.484855431,1,flanker
4207,6,congruent,0.468141771,1,flanker
4208,6,congruent,0.6016148960000001,1,flanker
4209,6,incongruent,0.601671242,1,flanker
4210,6,incongruent,0.418120615,1,flanker
4211,6,congruent,0.41806737600000005,1,flanker
4212,6,incongruent,0.5682832059999999,1,flanker
4213,6,incongruent,0.45140572100000004,1,flanker
4214,6,congruent,0.5348718280000001,1,flanker
4215,6,incongruent,0.401458391,1,flanker
4216,6,congruent,0.384671242,1,flanker
4217,6,congruent,0.41819973499999996,1,flanker
4218,6,congruent,0.384694768,1,flanker
4219,6,congruent,0.451524726,1,flanker
4220,6,congruent,0.434748526,1,flanker
4221,6,incongruent,0.43475364,1,flanker
4222,6,incongruent,0.43481212799999996,1,flanker
4223,6,congruent,0.418089685,1,flanker
4224,6,incongruent,0.451498344,1,flanker
4225,6,congruent,0.41795749,1,flanker
4226,6,incongruent,0.45145483000000003,1,flanker
4227,6,congruent,0.468181513,1,flanker
4228,6,incongruent,0.46817956,1,flanker
4229,6,incongruent,0.468127275,1,flanker
4230,6,congruent,0.384761475,1,flanker
4231,6,congruent,0.38475422400000003,1,flanker
4232,6,congruent,0.401453163,1,flanker
4233,6,congruent,0.384673722,1,flanker
4234,6,congruent,0.368052166,1,flanker
4235,6,incongruent,0.46812580400000003,1,flanker
4236,6,congruent,0.35125092,1,flanker
4237,6,incongruent,0.451452199,1,flanker
4238,6,congruent,0.38467879299999996,1,flanker
4239,6,incongruent,0.38471423,1,flanker
4240,6,incongruent,0.5515843079999999,1,flanker
4241,6,incongruent,0.451402747,1,flanker
4242,6,congruent,0.451395981,1,flanker
4243,6,congruent,0.434818131,1,flanker
4244,6,incongruent,0.41810006600000005,1,flanker
4245,6,incongruent,0.401421695,1,flanker
4246,6,incongruent,0.501538629,1,flanker
4247,6,congruent,0.334698685,1,flanker
4248,6,incongruent,0.534938161,1,flanker
4249,6,incongruent,0.434799136,1,flanker
4250,6,congruent,0.384780372,1,flanker
4251,6,congruent,0.401449699,1,flanker
4252,6,congruent,0.40136035800000003,1,flanker
4253,6,congruent,0.451471684,1,flanker
4254,6,congruent,0.36807403699999997,1,flanker
4255,6,incongruent,0.401304216,1,flanker
4256,6,incongruent,0.384732974,1,flanker
4257,6,congruent,0.38467475300000004,1,flanker
4258,6,incongruent,0.418080797,1,flanker
4259,6,incongruent,0.5516019649999999,1,flanker
4260,6,congruent,0.368036332,1,flanker
4261,6,congruent,0.434722074,1,flanker
4262,6,congruent,0.6683236180000001,1,flanker
4263,6,incongruent,0.401331552,0,flanker
4264,6,congruent,0.35123667399999997,1,flanker
4265,6,incongruent,0.368022856,1,flanker
4266,6,congruent,0.384749575,1,flanker
4267,6,incongruent,0.434774296,1,flanker
4268,6,incongruent,0.501566483,1,flanker
4269,6,congruent,0.40137836299999996,1,flanker
4270,6,incongruent,0.35140569699999996,1,flanker
4271,6,incongruent,0.468188111,1,flanker
4272,6,congruent,0.38473932,1,flanker
4273,6,congruent,0.451464603,1,flanker
4274,6,congruent,0.38460913799999996,1,flanker
4275,6,incongruent,0.5182583949999999,1,flanker
4276,6,incongruent,0.48486191,1,flanker
4277,6,congruent,0.468137753,1,flanker
4278,6,incongruent,0.468142277,1,flanker
4279,6,congruent,0.384751415,1,flanker
4280,6,incongruent,0.501493351,1,flanker
4281,6,congruent,0.368002591,1,flanker
4282,6,incongruent,0.468082239,1,flanker
4283,6,incongruent,0.384685048,1,flanker
4284,6,congruent,0.351278378,1,flanker
4285,6,congruent,0.367981719,1,flanker
4286,6,incongruent,0.468134767,1,flanker
4287,6,congruent,0.401405576,1,flanker
4288,6,congruent,0.46785870799999996,1,flanker
4289,6,incongruent,0.584875546,1,flanker
4290,6,congruent,0.334627996,1,flanker
4291,6,incongruent,0.48479778399999995,1,flanker
4292,6,incongruent,0.48477972399999997,1,flanker
4293,6,incongruent,0.434692339,1,flanker
4294,6,congruent,0.36782411200000004,1,flanker
4295,6,congruent,0.401442035,1,flanker
4296,6,congruent,0.418038766,1,flanker
4297,6,incongruent,0.468094685,1,flanker
4298,6,incongruent,0.48478507200000004,1,flanker
4299,6,congruent,0.384678532,1,flanker
4300,6,congruent,0.384711426,1,flanker
4301,6,incongruent,0.45147702,1,flanker
4302,6,incongruent,0.5181930069999999,1,flanker
4303,6,congruent,0.367992575,1,flanker
4304,6,incongruent,0.451419988,1,flanker
4305,6,congruent,0.40137108899999996,1,flanker
4306,6,incongruent,0.38480747200000004,1,flanker
4307,6,congruent,0.384715579,1,flanker
4308,6,incongruent,0.35131709499999997,1,flanker
4309,6,incongruent,0.43481474800000003,1,flanker
4310,6,incongruent,0.468054596,1,flanker
4311,6,congruent,0.418108881,1,flanker
4312,6,congruent,0.434813751,1,flanker
4313,6,incongruent,0.618344413,1,flanker
4314,6,congruent,0.334676421,1,flanker
4315,6,congruent,0.351382173,1,flanker
4316,6,incongruent,0.368047486,1,flanker
4317,6,congruent,0.401380352,1,flanker
4318,6,incongruent,0.418057238,1,flanker
4319,6,incongruent,0.5014561310000001,1,flanker
4320,6,incongruent,0.351332384,1,flanker
4321,6,incongruent,0.368077137,1,flanker
4322,6,congruent,0.384743179,1,flanker
4323,6,congruent,0.334407846,1,flanker
4324,6,congruent,0.41803083700000004,1,flanker
4325,6,congruent,0.384391498,1,flanker
4326,6,incongruent,0.484743179,1,flanker
4327,6,incongruent,0.534924485,1,flanker
4328,6,congruent,0.451519883,1,flanker
4329,6,congruent,0.384683407,1,flanker
4330,6,congruent,0.418089795,1,flanker
4331,6,incongruent,0.468149209,1,flanker
4332,6,congruent,0.384400948,1,flanker
4333,6,congruent,0.35135363799999997,1,flanker
4334,6,incongruent,0.501455752,1,flanker
4335,6,incongruent,0.40138025099999997,1,flanker
4336,6,incongruent,0.5682126110000001,1,flanker
4337,6,incongruent,0.46812726400000004,1,flanker
4338,6,congruent,0.367956984,1,flanker
4339,6,congruent,0.36796846,1,flanker
4340,6,incongruent,0.434785808,1,flanker
4341,6,incongruent,0.418011884,1,flanker
4342,6,incongruent,0.351337723,1,flanker
4343,6,congruent,0.418066704,1,flanker
4344,6,incongruent,0.501451086,1,flanker
4345,6,incongruent,0.518165403,1,flanker
4346,6,incongruent,0.451413486,1,flanker
4347,6,congruent,0.38470431,1,flanker
4348,6,incongruent,0.468190542,1,flanker
4349,6,congruent,0.384713712,1,flanker
4350,6,incongruent,0.46808310599999997,1,flanker
4351,6,congruent,0.38469086399999997,1,flanker
4352,6,incongruent,0.40147198700000003,1,flanker
4353,6,congruent,0.401455399,1,flanker
4354,6,congruent,0.434823032,1,flanker
4355,6,incongruent,0.45136481199999995,1,flanker
4356,6,incongruent,0.468141302,1,flanker
4357,6,congruent,0.351355366,1,flanker
4358,6,incongruent,0.368058886,1,flanker
4359,6,congruent,0.36801641,1,flanker
4360,6,congruent,0.384722301,1,flanker
4361,6,congruent,0.33468902700000003,1,flanker
4362,6,incongruent,0.48478830900000003,1,flanker
4363,6,congruent,0.434765071,1,flanker
4364,6,congruent,0.401431313,1,flanker
4365,7,congruent,0.468105071,1,flanker
4366,7,incongruent,0.40149465199999995,1,flanker
4367,7,incongruent,0.46820724,1,flanker
4368,7,congruent,0.367962626,1,flanker
4369,7,congruent,0.43474988000000003,1,flanker
4370,7,incongruent,0.46817802399999997,1,flanker
4371,7,incongruent,0.43474486300000004,1,flanker
4372,7,incongruent,0.3846983,1,flanker
4373,7,incongruent,0.384719717,1,flanker
4374,7,incongruent,0.434805742,1,flanker
4375,7,congruent,0.401447445,1,flanker
4376,7,incongruent,0.401378271,1,flanker
4377,7,incongruent,0.484832748,1,flanker
4378,7,congruent,0.301259458,1,flanker
4379,7,incongruent,1.202308204,1,flanker
4380,7,congruent,0.38467619999999997,1,flanker
4381,7,congruent,0.33465532200000003,1,flanker
4382,7,congruent,0.317862918,1,flanker
4383,7,congruent,0.434792758,1,flanker
4384,7,congruent,0.484905787,1,flanker
4385,7,incongruent,0.31786601000000003,1,flanker
4386,7,incongruent,0.418022948,1,flanker
4387,7,congruent,0.301236903,1,flanker
4388,7,congruent,0.318010768,1,flanker
4389,7,congruent,0.368061543,1,flanker
4390,7,congruent,0.38468438099999996,1,flanker
4391,7,incongruent,0.351408109,1,flanker
4392,7,congruent,0.41813227399999997,1,flanker
4393,7,incongruent,0.434831544,1,flanker
4394,7,congruent,0.33464342900000005,1,flanker
4395,7,congruent,0.401428727,1,flanker
4396,7,incongruent,0.451513833,1,flanker
4397,7,congruent,0.318035651,1,flanker
4398,7,incongruent,0.5015235,1,flanker
4399,7,incongruent,0.31795597299999995,1,flanker
4400,7,incongruent,0.31800086,1,flanker
4401,7,congruent,0.368050323,1,flanker
4402,7,congruent,0.318066419,1,flanker
4403,7,incongruent,0.418113503,1,flanker
4404,7,congruent,0.301355997,1,flanker
4405,7,incongruent,0.36798255999999996,1,flanker
4406,7,incongruent,0.334669377,1,flanker
4407,7,incongruent,0.468198519,1,flanker
4408,7,incongruent,0.33468283400000004,1,flanker
4409,7,incongruent,0.468203342,1,flanker
4410,7,congruent,0.317969762,1,flanker
4411,7,incongruent,0.30132421,1,flanker
4412,7,congruent,0.301238273,1,flanker
4413,7,congruent,0.351319689,1,flanker
4414,7,congruent,0.36787718999999997,1,flanker
4415,7,congruent,0.317983969,1,flanker
4416,7,incongruent,0.418068762,1,flanker
4417,7,incongruent,0.41805022000000003,1,flanker
4418,7,incongruent,0.367969106,1,flanker
4419,7,congruent,0.368061086,1,flanker
4420,7,congruent,0.351363506,1,flanker
4421,7,incongruent,0.501539569,1,flanker
4422,7,incongruent,0.468021876,1,flanker
4423,7,incongruent,0.451485746,1,flanker
4424,7,incongruent,0.368022016,1,flanker
4425,7,congruent,0.384785031,1,flanker
4426,7,incongruent,0.434757842,1,flanker
4427,7,congruent,0.33443683900000004,1,flanker
4428,7,congruent,0.334621788,1,flanker
4429,7,incongruent,0.36805244699999995,1,flanker
4430,7,incongruent,0.384685019,1,flanker
4431,7,congruent,0.384765607,1,flanker
4432,7,incongruent,0.351368471,1,flanker
4433,7,incongruent,0.317987847,1,flanker
4434,7,congruent,0.30134941800000004,1,flanker
4435,7,incongruent,0.33464577300000004,1,flanker
4436,7,incongruent,0.351272245,1,flanker
4437,7,incongruent,0.318018575,1,flanker
4438,7,congruent,0.334586865,1,flanker
4439,7,congruent,0.33472825,1,flanker
4440,7,congruent,0.33462677,1,flanker
4441,7,incongruent,0.43474886900000004,1,flanker
4442,7,congruent,0.317980154,1,flanker
4443,7,incongruent,0.518197546,1,flanker
4444,7,congruent,0.368093346,1,flanker
4445,7,congruent,0.351316118,1,flanker
4446,7,incongruent,0.284611409,0,flanker
4447,7,congruent,0.401385316,1,flanker
4448,7,incongruent,0.351338231,1,flanker
4449,7,congruent,0.50148255,1,flanker
4450,7,incongruent,0.317966092,1,flanker
4451,7,congruent,0.36769422300000004,1,flanker
4452,7,congruent,0.38469131700000003,1,flanker
4453,7,congruent,0.434722764,1,flanker
4454,7,incongruent,0.468107673,1,flanker
4455,7,congruent,0.401383574,1,flanker
4456,7,incongruent,0.36805917699999996,1,flanker
4457,7,congruent,0.31798164500000003,1,flanker
4458,7,congruent,0.35135015399999997,1,flanker
4459,7,congruent,0.451399869,1,flanker
4460,7,congruent,0.584962858,1,flanker
4461,7,congruent,0.418136883,1,flanker
4462,7,incongruent,0.334672997,1,flanker
4463,7,congruent,0.35137723699999995,1,flanker
4464,7,incongruent,0.401400624,1,flanker
4465,7,incongruent,0.38466774099999995,1,flanker
4466,7,congruent,0.43465751399999997,1,flanker
4467,7,incongruent,0.317909273,1,flanker
4468,7,incongruent,0.368081736,1,flanker
4469,7,congruent,0.35103583099999996,1,flanker
4470,7,congruent,0.468168998,1,flanker
4471,7,incongruent,0.33466368999999996,1,flanker
4472,7,congruent,0.30127797399999995,1,flanker
4473,7,incongruent,0.301281298,1,flanker
4474,7,incongruent,0.384666599,0,flanker
4475,7,congruent,0.534843065,1,flanker
4476,7,incongruent,0.468137336,1,flanker
4477,7,incongruent,0.518260262,1,flanker
4478,7,congruent,0.367984602,1,flanker
4479,7,congruent,0.351341789,1,flanker
4480,7,congruent,0.368022822,1,flanker
4481,7,congruent,0.384746108,1,flanker
4482,7,congruent,0.38466863,1,flanker
4483,7,incongruent,0.367970881,1,flanker
4484,7,incongruent,0.38473666300000003,1,flanker
4485,7,incongruent,0.367957438,1,flanker
4486,7,incongruent,0.468150355,1,flanker
4487,7,congruent,0.401442556,1,flanker
4488,7,congruent,0.418053697,1,flanker
4489,7,congruent,0.33467248899999996,1,flanker
4490,7,incongruent,0.451437834,1,flanker
4491,7,incongruent,0.401350184,1,flanker
4492,7,incongruent,0.334662894,1,flanker
4493,7,incongruent,0.368024548,1,flanker
4494,7,congruent,0.351334023,1,flanker
4495,7,congruent,0.451459159,1,flanker
4496,7,incongruent,0.33463484499999996,1,flanker
4497,7,incongruent,0.33462266799999996,1,flanker
4498,7,congruent,0.33462480699999997,1,flanker
4499,7,congruent,0.334639774,1,flanker
4500,7,congruent,0.33468128999999996,1,flanker
4501,7,congruent,0.40138315399999996,1,flanker
4502,7,incongruent,0.40139269,1,flanker
4503,7,incongruent,0.28460817200000005,0,flanker
4504,7,congruent,0.451388795,1,flanker
4505,7,congruent,0.36804648900000003,1,flanker
4506,7,incongruent,0.351363457,1,flanker
4507,7,incongruent,0.301274342,1,flanker
4508,7,congruent,0.418110624,1,flanker
4509,7,congruent,0.401422384,1,flanker
4510,7,congruent,0.468093959,1,flanker
4511,7,incongruent,0.45145452599999997,1,flanker
4512,7,congruent,0.351350709,1,flanker
4513,7,incongruent,0.468116149,1,flanker
4514,7,incongruent,0.501474082,1,flanker
4515,7,incongruent,0.368104373,1,flanker
4516,7,congruent,0.36804802200000003,1,flanker
4517,7,incongruent,0.534923733,1,flanker
4518,7,congruent,0.401417055,1,flanker
4519,7,incongruent,0.36803727300000005,1,flanker
4520,7,congruent,0.367994521,1,flanker
4521,7,congruent,0.5015232009999999,1,flanker
4522,7,incongruent,0.53490472,1,flanker
4523,7,congruent,0.401456712,1,flanker
4524,7,incongruent,0.334642819,1,flanker
4525,7,incongruent,0.33465236499999995,1,flanker
4526,7,incongruent,0.317999124,1,flanker
4527,7,incongruent,0.301226626,1,flanker
4528,7,congruent,0.35135430300000003,1,flanker
4529,7,congruent,0.301314547,1,flanker
4530,7,incongruent,0.317985236,1,flanker
4531,7,incongruent,0.33468375300000003,1,flanker
4532,7,congruent,0.334707782,1,flanker
4533,7,incongruent,0.518221147,1,flanker
4534,7,congruent,0.351328515,1,flanker
4535,7,incongruent,0.401433697,1,flanker
4536,7,congruent,0.401368699,1,flanker
4537,7,congruent,0.334577416,1,flanker
4538,7,incongruent,0.368025139,1,flanker
4539,7,incongruent,0.334690116,1,flanker
4540,7,incongruent,0.434826077,1,flanker
4541,7,congruent,0.267936784,1,flanker
4542,7,congruent,0.38465037,1,flanker
4543,7,congruent,0.4013933,1,flanker
4544,7,incongruent,0.418058975,1,flanker
4545,7,incongruent,0.45141214100000004,1,flanker
4546,7,congruent,0.334742997,1,flanker
4547,7,congruent,0.301268884,1,flanker
4548,7,congruent,0.418053203,1,flanker
4549,7,incongruent,0.334721071,1,flanker
4550,7,incongruent,0.418093962,1,flanker
4551,7,congruent,0.351390103,1,flanker
4552,7,congruent,0.33471204899999996,1,flanker
4553,7,incongruent,0.384698641,1,flanker
4554,7,congruent,0.334610521,1,flanker
4555,7,congruent,0.317617594,1,flanker
4556,7,incongruent,0.501459162,1,flanker
4557,7,congruent,0.367984035,1,flanker
4558,7,congruent,0.368027473,1,flanker
4559,7,incongruent,0.401374124,1,flanker
4560,7,incongruent,0.367970311,1,flanker
4561,7,congruent,0.318014205,1,flanker
4562,7,congruent,0.418105102,1,flanker
4563,7,congruent,0.43477775300000004,1,flanker
4564,7,incongruent,0.401427914,1,flanker
4565,7,incongruent,0.334666485,1,flanker
4566,7,incongruent,0.40141762599999997,1,flanker
4567,7,congruent,0.368017899,1,flanker
4568,7,congruent,0.317964621,1,flanker
4569,7,congruent,0.30129680600000003,1,flanker
4570,7,congruent,0.368085824,1,flanker
4571,7,congruent,0.30134351800000003,1,flanker
4572,7,incongruent,0.317985483,1,flanker
4573,7,incongruent,0.351379951,1,flanker
4574,7,incongruent,0.334629575,0,flanker
4575,7,incongruent,0.434770349,1,flanker
4576,7,incongruent,0.434681598,1,flanker
4577,7,congruent,0.317992651,1,flanker
4578,7,incongruent,0.401434483,1,flanker
4579,7,congruent,0.401115564,1,flanker
4580,7,incongruent,0.40145797099999997,1,flanker
4581,7,congruent,0.30131327900000004,1,flanker
4582,7,incongruent,0.31783905199999996,1,flanker
4583,7,incongruent,0.41804611799999997,1,flanker
4584,7,congruent,0.351354126,1,flanker
4585,7,incongruent,0.31794785000000003,1,flanker
4586,7,incongruent,0.35136256600000004,1,flanker
4587,7,congruent,0.968667294,1,flanker
4588,7,incongruent,0.484827211,1,flanker
4589,7,incongruent,0.384677812,1,flanker
4590,7,congruent,0.334710721,1,flanker
4591,7,incongruent,0.384763746,1,flanker
4592,7,congruent,0.43468762299999997,1,flanker
4593,7,congruent,0.318058985,1,flanker
4594,7,congruent,0.351319354,1,flanker
4595,7,congruent,0.418092106,1,flanker
4596,7,congruent,0.38472095,1,flanker
4597,7,incongruent,0.351324116,1,flanker
4598,7,congruent,0.368062449,1,flanker
4599,7,incongruent,0.401347842,1,flanker
4600,7,congruent,0.38465304,1,flanker
4601,7,incongruent,0.35132360999999995,1,flanker
4602,7,incongruent,0.317956271,1,flanker
4603,7,incongruent,0.33449351,1,flanker
4604,7,incongruent,0.5181772680000001,1,flanker
4605,7,congruent,0.401423072,1,flanker
4606,7,congruent,0.45141486,1,flanker
4607,7,congruent,0.301255989,1,flanker
4608,7,incongruent,0.384652527,1,flanker
4609,7,incongruent,0.367924164,1,flanker
4610,7,congruent,0.41806485099999996,1,flanker
4611,7,incongruent,0.35145390800000004,1,flanker
4612,7,congruent,0.41800820499999997,1,flanker
4613,7,incongruent,0.434707199,1,flanker
4614,7,incongruent,0.334726704,1,flanker
4615,7,congruent,0.417976035,1,flanker
4616,7,incongruent,0.434772538,1,flanker
4617,7,congruent,0.351368198,1,flanker
4618,7,incongruent,0.418039024,1,flanker
4619,7,incongruent,0.351290795,1,flanker
4620,7,congruent,0.368067665,1,flanker
4621,7,incongruent,0.35124789900000003,1,flanker
4622,7,incongruent,0.46814584600000003,1,flanker
4623,7,incongruent,0.35136680000000003,1,flanker
4624,7,congruent,0.384655319,1,flanker
4625,7,incongruent,0.33467414100000004,1,flanker
4626,7,incongruent,0.418085846,1,flanker
4627,7,incongruent,0.451501264,1,flanker
4628,7,incongruent,0.434750969,1,flanker
4629,7,incongruent,0.384697716,1,flanker
4630,7,congruent,0.384730076,1,flanker
4631,7,congruent,0.384631681,1,flanker
4632,7,congruent,0.418084947,1,flanker
4633,7,incongruent,0.451399588,1,flanker
4634,7,congruent,0.384599399,1,flanker
4635,7,congruent,0.40137879600000004,1,flanker
4636,7,congruent,0.334601604,1,flanker
4637,7,congruent,0.384764507,1,flanker
4638,7,congruent,0.40137903799999997,1,flanker
4639,7,incongruent,0.401401046,1,flanker
4640,7,congruent,0.45137756,1,flanker
4641,7,congruent,0.334661269,1,flanker
4642,7,congruent,0.384794162,1,flanker
4643,7,incongruent,0.401311841,1,flanker
4644,7,incongruent,0.434816131,1,flanker
4645,7,incongruent,0.401390212,1,flanker
4646,7,congruent,0.401393773,1,flanker
4647,7,incongruent,0.401453983,1,flanker
4648,7,congruent,0.33463892900000003,1,flanker
4649,7,incongruent,0.401455591,1,flanker
4650,7,incongruent,0.468161239,1,flanker
4651,7,incongruent,0.418109459,1,flanker
4652,7,congruent,0.401436562,1,flanker
4653,7,incongruent,0.334634247,1,flanker
4654,7,incongruent,0.35134993400000003,1,flanker
4655,7,congruent,0.36803029400000004,1,flanker
4656,7,congruent,0.401281899,1,flanker
4657,7,congruent,0.334633949,1,flanker
4658,7,congruent,0.3679893,1,flanker
4659,7,incongruent,0.368034481,1,flanker
4660,7,congruent,0.36797511,1,flanker
4661,7,incongruent,0.40140507400000003,1,flanker
4662,7,incongruent,0.484788502,1,flanker
4663,7,incongruent,0.317920983,1,flanker
4664,7,incongruent,0.434801719,1,flanker
4665,7,congruent,0.351341794,1,flanker
4666,7,congruent,0.384739331,1,flanker
4667,7,congruent,0.351285409,1,flanker
4668,7,congruent,0.367988922,1,flanker
4669,7,incongruent,0.317886675,1,flanker
4670,7,incongruent,0.434698193,1,flanker
4671,7,incongruent,0.301250566,1,flanker
4672,7,congruent,0.43478893900000004,1,flanker
4673,7,congruent,0.35132749999999996,1,flanker
4674,7,incongruent,0.43471334899999997,1,flanker
4675,7,incongruent,0.5182396589999999,1,flanker
4676,7,congruent,0.351250436,1,flanker
4677,7,incongruent,0.31794816600000003,1,flanker
4678,7,congruent,0.434773054,1,flanker
4679,7,incongruent,0.284492692,1,flanker
4680,7,congruent,0.351351128,0,flanker
4681,7,incongruent,0.45143273799999994,1,flanker
4682,7,incongruent,0.451487963,1,flanker
4683,7,incongruent,0.484784848,1,flanker
4684,7,congruent,0.367991944,1,flanker
4685,7,incongruent,0.334667324,1,flanker
4686,7,congruent,0.367997703,1,flanker
4687,7,congruent,0.31796373099999997,1,flanker
4688,7,congruent,0.38470060699999997,1,flanker
4689,7,congruent,0.368069111,1,flanker
4690,7,congruent,0.3847889,1,flanker
4691,7,incongruent,0.33467440800000003,1,flanker
4692,7,congruent,0.401419567,1,flanker
4693,7,congruent,0.418147748,1,flanker
4694,7,congruent,0.38481776,1,flanker
4695,7,incongruent,0.41801503100000004,1,flanker
4696,7,congruent,0.301260655,1,flanker
4697,7,incongruent,0.601578192,1,flanker
4698,7,congruent,0.367936003,1,flanker
4699,7,incongruent,0.434797936,1,flanker
4700,7,incongruent,0.384756759,1,flanker
4701,8,congruent,0.368003698,1,flanker
4702,8,congruent,0.334659722,1,flanker
4703,8,congruent,0.36804490399999995,1,flanker
4704,8,congruent,0.351360419,1,flanker
4705,8,incongruent,0.351378092,0,flanker
4706,8,incongruent,0.551516798,1,flanker
4707,8,incongruent,0.35132266,1,flanker
4708,8,congruent,0.384698076,1,flanker
4709,8,congruent,0.351352876,1,flanker
4710,8,incongruent,0.30130924800000003,1,flanker
4711,8,congruent,0.368016004,1,flanker
4712,8,congruent,0.301325151,1,flanker
4713,8,congruent,0.368031433,1,flanker
4714,8,congruent,0.41776220599999997,1,flanker
4715,8,incongruent,0.384686582,1,flanker
4716,8,congruent,0.384593988,1,flanker
4717,8,incongruent,0.41811613999999997,1,flanker
4718,8,incongruent,0.368052805,1,flanker
4719,8,incongruent,0.451363073,1,flanker
4720,8,incongruent,0.468170717,1,flanker
4721,8,incongruent,0.368159954,1,flanker
4722,8,congruent,0.384728312,1,flanker
4723,8,congruent,0.384682964,1,flanker
4724,8,incongruent,0.351399644,1,flanker
4725,8,incongruent,0.368040531,1,flanker
4726,8,congruent,0.40143325900000004,1,flanker
4727,8,incongruent,0.418121607,1,flanker
4728,8,congruent,0.434777513,1,flanker
4729,8,incongruent,0.468132833,1,flanker
4730,8,incongruent,0.434706936,1,flanker
4731,8,incongruent,0.384655281,1,flanker
4732,8,incongruent,0.45143613099999996,1,flanker
4733,8,incongruent,0.418043006,1,flanker
4734,8,incongruent,0.418096048,1,flanker
4735,8,congruent,0.36792427400000005,1,flanker
4736,8,congruent,0.38477410300000003,1,flanker
4737,8,congruent,0.434510252,1,flanker
4738,8,incongruent,0.46805095399999996,1,flanker
4739,8,congruent,0.31793521700000005,1,flanker
4740,8,congruent,0.434804216,1,flanker
4741,8,congruent,0.334709164,1,flanker
4742,8,incongruent,0.418072793,1,flanker
4743,8,incongruent,0.401372686,1,flanker
4744,8,incongruent,0.418149188,1,flanker
4745,8,congruent,0.384677274,1,flanker
4746,8,congruent,0.384682779,1,flanker
4747,8,incongruent,0.434819585,1,flanker
4748,8,congruent,0.334570287,1,flanker
4749,8,congruent,0.317938192,1,flanker
4750,8,incongruent,0.334612396,1,flanker
4751,8,incongruent,0.45135626,1,flanker
4752,8,congruent,0.334708741,1,flanker
4753,8,congruent,0.351344648,1,flanker
4754,8,incongruent,0.418125252,1,flanker
4755,8,incongruent,0.368023688,1,flanker
4756,8,congruent,0.351208906,1,flanker
4757,8,incongruent,0.501531022,1,flanker
4758,8,incongruent,0.43473261100000005,1,flanker
4759,8,incongruent,0.368058658,1,flanker
4760,8,incongruent,0.368051601,0,flanker
4761,8,incongruent,0.384726563,1,flanker
4762,8,incongruent,0.334575269,1,flanker
4763,8,incongruent,0.451409674,1,flanker
4764,8,incongruent,0.418076437,1,flanker
4765,8,incongruent,0.468206297,1,flanker
4766,8,incongruent,0.401308803,1,flanker
4767,8,congruent,0.46813784500000005,1,flanker
4768,8,incongruent,0.418119945,1,flanker
4769,8,congruent,0.38461751299999997,1,flanker
4770,8,congruent,0.401377463,1,flanker
4771,8,congruent,0.38473733600000004,1,flanker
4772,8,congruent,0.351272766,1,flanker
4773,8,incongruent,0.38464555500000003,1,flanker
4774,8,incongruent,0.48480839800000003,1,flanker
4775,8,incongruent,0.334529187,1,flanker
4776,8,incongruent,0.434799725,1,flanker
4777,8,congruent,0.401406118,1,flanker
4778,8,congruent,0.40132313799999997,1,flanker
4779,8,incongruent,0.417990694,1,flanker
4780,8,congruent,0.368075226,1,flanker
4781,8,congruent,0.41804488900000003,1,flanker
4782,8,congruent,0.30125847099999997,1,flanker
4783,8,incongruent,0.434807665,1,flanker
4784,8,incongruent,0.384680191,1,flanker
4785,8,congruent,0.35120504199999997,1,flanker
4786,8,incongruent,0.351413572,1,flanker
4787,8,incongruent,0.434793761,1,flanker
4788,8,incongruent,0.434837741,1,flanker
4789,8,congruent,0.418135255,1,flanker
4790,8,incongruent,0.351289322,1,flanker
4791,8,congruent,0.351399668,1,flanker
4792,8,congruent,0.334602081,1,flanker
4793,8,incongruent,0.36795198399999995,1,flanker
4794,8,congruent,0.48493200200000003,1,flanker
4795,8,congruent,0.401422555,1,flanker
4796,8,congruent,0.35124046800000003,0,flanker
4797,8,congruent,0.33467535,1,flanker
4798,8,congruent,0.401469967,1,flanker
4799,8,incongruent,0.518237621,1,flanker
4800,8,congruent,0.334613555,1,flanker
4801,8,congruent,0.317954802,1,flanker
4802,8,congruent,0.36812207799999996,1,flanker
4803,8,incongruent,0.451411441,1,flanker
4804,8,congruent,0.43478067800000003,1,flanker
4805,8,incongruent,0.518243169,1,flanker
4806,8,congruent,0.35105201399999997,1,flanker
4807,8,congruent,0.43482049,1,flanker
4808,8,incongruent,0.46819869,1,flanker
4809,8,congruent,0.351355531,1,flanker
4810,8,incongruent,0.36800872500000004,0,flanker
4811,8,congruent,0.501496759,1,flanker
4812,8,congruent,0.351305095,1,flanker
4813,8,congruent,0.434828226,0,flanker
4814,8,incongruent,0.451514294,1,flanker
4815,8,incongruent,0.368072536,1,flanker
4816,8,incongruent,0.384571594,1,flanker
4817,8,incongruent,0.518236166,1,flanker
4818,8,congruent,0.368041697,1,flanker
4819,8,incongruent,0.41802257400000004,1,flanker
4820,8,congruent,0.534911479,1,flanker
4821,8,incongruent,0.38475242,1,flanker
4822,8,congruent,0.38473344200000004,1,flanker
4823,8,incongruent,0.48473846099999995,1,flanker
4824,8,congruent,0.31798009,1,flanker
4825,8,incongruent,0.38477268800000003,1,flanker
4826,8,incongruent,0.367950161,1,flanker
4827,8,incongruent,0.401390487,1,flanker
4828,8,congruent,0.418122567,1,flanker
4829,8,congruent,0.46818415900000004,1,flanker
4830,8,congruent,0.384689261,1,flanker
4831,8,congruent,0.35129810199999995,1,flanker
4832,8,congruent,0.368117407,1,flanker
4833,8,incongruent,0.5348618380000001,1,flanker
4834,8,congruent,0.384721889,1,flanker
4835,8,incongruent,0.434926993,1,flanker
4836,8,incongruent,0.317908515,1,flanker
4837,8,congruent,0.38466945700000005,1,flanker
4838,8,incongruent,0.45111778199999997,1,flanker
4839,8,congruent,0.384676451,1,flanker
4840,8,incongruent,0.41814473700000004,1,flanker
4841,8,congruent,0.401414271,1,flanker
4842,8,congruent,0.418076384,1,flanker
4843,8,congruent,0.351334273,1,flanker
4844,8,congruent,0.418089329,1,flanker
4845,8,congruent,0.418032995,1,flanker
4846,8,congruent,0.401367966,1,flanker
4847,8,congruent,0.384785762,1,flanker
4848,8,congruent,0.38467594000000005,1,flanker
4849,8,congruent,0.40140808099999997,1,flanker
4850,8,congruent,0.384737738,1,flanker
4851,8,congruent,0.38465310799999997,1,flanker
4852,8,incongruent,0.36804692699999997,1,flanker
4853,8,congruent,0.317962362,1,flanker
4854,8,incongruent,0.36804755899999997,0,flanker
4855,8,incongruent,0.401369534,1,flanker
4856,8,congruent,0.41811095,1,flanker
4857,8,incongruent,0.484862634,1,flanker
4858,8,congruent,0.417977485,1,flanker
4859,8,incongruent,0.368064887,1,flanker
4860,8,incongruent,0.384663938,1,flanker
4861,8,incongruent,0.518106283,1,flanker
4862,8,incongruent,0.46815171099999997,1,flanker
4863,8,incongruent,0.451451177,1,flanker
4864,8,congruent,0.36804112099999997,1,flanker
4865,8,incongruent,0.451361356,1,flanker
4866,8,incongruent,0.45150278,1,flanker
4867,8,incongruent,0.36796896900000003,1,flanker
4868,8,incongruent,0.384768175,1,flanker
4869,8,congruent,0.484787921,1,flanker
4870,8,incongruent,0.468071829,1,flanker
4871,8,incongruent,0.401312141,1,flanker
4872,8,congruent,0.451510773,1,flanker
4873,8,incongruent,0.45152665999999997,1,flanker
4874,8,incongruent,0.368052552,1,flanker
4875,8,incongruent,0.40142262,1,flanker
4876,8,incongruent,0.434768933,1,flanker
4877,8,congruent,0.351321298,1,flanker
4878,8,congruent,0.5181713929999999,1,flanker
4879,8,incongruent,0.401433899,1,flanker
4880,8,incongruent,0.434842377,1,flanker
4881,8,congruent,0.384689928,1,flanker
4882,8,incongruent,0.36799850700000003,1,flanker
4883,8,congruent,0.418147877,1,flanker
4884,8,congruent,0.417966875,1,flanker
4885,8,incongruent,0.40144979799999997,1,flanker
4886,8,incongruent,0.45145759900000004,1,flanker
4887,8,incongruent,0.401349547,1,flanker
4888,8,incongruent,0.568195574,1,flanker
4889,8,incongruent,0.43477608900000003,1,flanker
4890,8,incongruent,0.351339199,1,flanker
4891,8,congruent,0.38477367500000004,1,flanker
4892,8,incongruent,0.384713949,1,flanker
4893,8,incongruent,0.36799222800000003,1,flanker
4894,8,incongruent,0.351344856,1,flanker
4895,8,congruent,0.36798809699999996,1,flanker
4896,8,congruent,0.384662662,1,flanker
4897,8,incongruent,0.401304179,1,flanker
4898,8,incongruent,0.351305133,1,flanker
4899,8,congruent,0.36802883000000003,1,flanker
4900,8,congruent,0.33467697900000004,1,flanker
4901,8,incongruent,0.451510571,1,flanker
4902,8,congruent,0.401418388,1,flanker
4903,8,congruent,0.43458031999999996,1,flanker
4904,8,incongruent,0.367704089,0,flanker
4905,8,congruent,0.33465516500000003,1,flanker
4906,8,congruent,0.334643917,1,flanker
4907,8,congruent,0.30126509900000004,1,flanker
4908,8,incongruent,0.418080224,1,flanker
4909,8,incongruent,0.484714479,1,flanker
4910,8,congruent,0.267910651,1,flanker
4911,8,congruent,0.351386008,1,flanker
4912,8,congruent,0.401360088,1,flanker
4913,8,congruent,0.36804499399999996,1,flanker
4914,8,incongruent,0.434753762,1,flanker
4915,8,congruent,0.41811985900000004,1,flanker
4916,8,congruent,0.418020035,1,flanker
4917,8,congruent,0.41811039899999997,1,flanker
4918,8,congruent,0.384688352,1,flanker
4919,8,congruent,0.351374572,1,flanker
4920,8,incongruent,0.43479445,1,flanker
4921,8,incongruent,0.36794475899999995,1,flanker
4922,8,incongruent,0.36799409000000005,1,flanker
4923,8,congruent,0.368000365,1,flanker
4924,8,congruent,0.40139483200000003,1,flanker
4925,8,incongruent,0.735052844,1,flanker
4926,8,incongruent,0.43475054,1,flanker
4927,8,incongruent,0.43478438799999997,1,flanker
4928,8,incongruent,0.384682515,1,flanker
4929,8,incongruent,0.434796442,1,flanker
4930,8,congruent,0.384681385,1,flanker
4931,8,congruent,0.334675516,1,flanker
4932,8,congruent,0.351347879,1,flanker
4933,8,congruent,0.301332001,1,flanker
4934,8,incongruent,0.451355843,1,flanker
4935,8,congruent,0.35132827200000005,1,flanker
4936,8,congruent,0.318007132,1,flanker
4937,8,incongruent,0.301310784,0,flanker
4938,8,incongruent,0.418110115,1,flanker
4939,8,incongruent,0.401333563,1,flanker
4940,8,congruent,0.351254138,1,flanker
4941,8,congruent,0.434754618,1,flanker
4942,8,congruent,0.384684556,1,flanker
4943,8,incongruent,0.351266314,1,flanker
4944,8,incongruent,0.418089969,1,flanker
4945,8,incongruent,0.351331384,1,flanker
4946,8,congruent,0.35129148600000004,1,flanker
4947,8,congruent,0.38462517100000004,1,flanker
4948,8,incongruent,0.434710817,1,flanker
4949,8,congruent,0.367904738,1,flanker
4950,8,incongruent,0.368025765,1,flanker
4951,8,congruent,0.36812690600000003,1,flanker
4952,8,congruent,0.384766629,1,flanker
4953,8,incongruent,0.434784676,1,flanker
4954,8,congruent,0.351280364,1,flanker
4955,8,incongruent,0.367849085,1,flanker
4956,8,incongruent,0.418089909,1,flanker
4957,8,congruent,0.451155351,1,flanker
4958,8,congruent,0.367672241,1,flanker
4959,8,congruent,0.384718976,1,flanker
4960,8,incongruent,0.38468564,1,flanker
4961,8,congruent,0.36806084600000005,1,flanker
4962,8,incongruent,0.401394016,1,flanker
4963,8,congruent,0.368048322,1,flanker
4964,8,congruent,0.401416753,1,flanker
4965,8,incongruent,0.418070299,1,flanker
4966,8,incongruent,0.384763878,1,flanker
4967,8,incongruent,0.41802825,1,flanker
4968,8,incongruent,0.451519434,1,flanker
4969,8,incongruent,0.351390531,1,flanker
4970,8,incongruent,0.43480902600000004,1,flanker
4971,8,congruent,0.351292045,1,flanker
4972,8,congruent,0.38478278899999996,1,flanker
4973,8,congruent,0.384768659,1,flanker
4974,8,congruent,0.368009751,1,flanker
4975,8,incongruent,0.334683792,0,flanker
4976,8,congruent,0.418117842,1,flanker
4977,8,congruent,0.351364283,1,flanker
4978,8,congruent,0.368029783,1,flanker
4979,8,incongruent,0.367978183,1,flanker
4980,8,incongruent,0.351310231,1,flanker
4981,8,incongruent,0.818507494,1,flanker
4982,8,congruent,0.468191056,1,flanker
4983,8,congruent,0.468177165,1,flanker
4984,8,incongruent,0.518178901,1,flanker
4985,8,incongruent,0.451497826,1,flanker
4986,8,congruent,0.53479378,1,flanker
4987,8,congruent,0.434776775,1,flanker
4988,8,congruent,0.367964036,1,flanker
4989,8,congruent,0.35130988,1,flanker
4990,8,incongruent,0.401422389,1,flanker
4991,8,congruent,0.368057959,1,flanker
4992,8,congruent,0.584955516,1,flanker
4993,8,congruent,0.36801279,1,flanker
4994,8,incongruent,0.40142573499999995,1,flanker
4995,8,incongruent,0.384751389,1,flanker
4996,8,incongruent,0.434685199,1,flanker
4997,8,incongruent,0.484860746,1,flanker
4998,8,incongruent,0.451194806,1,flanker
4999,8,congruent,0.36803196000000005,1,flanker
5000,8,congruent,0.367986741,1,flanker
5001,8,congruent,0.401425429,1,flanker
5002,8,congruent,0.418030531,1,flanker
5003,8,incongruent,0.317832015,1,flanker
5004,8,incongruent,0.434759267,1,flanker
5005,8,incongruent,0.384656067,1,flanker
5006,8,incongruent,0.401334967,1,flanker
5007,8,incongruent,0.401273327,1,flanker
5008,8,congruent,0.418092707,1,flanker
5009,8,incongruent,0.45149883599999996,1,flanker
5010,8,congruent,0.41813840900000004,1,flanker
5011,8,incongruent,0.434829345,1,flanker
5012,8,incongruent,0.434782482,1,flanker
5013,8,congruent,0.384634988,1,flanker
5014,8,incongruent,0.334629331,0,flanker
5015,8,incongruent,0.46811177099999995,1,flanker
5016,8,congruent,0.418013752,1,flanker
5017,8,incongruent,0.46803618399999997,1,flanker
5018,8,congruent,0.40142679,1,flanker
5019,8,congruent,0.418033689,1,flanker
5020,8,congruent,0.418044519,1,flanker
5021,8,incongruent,0.38466932000000004,1,flanker
5022,8,congruent,0.384446124,1,flanker
5023,8,congruent,0.418090261,1,flanker
5024,8,congruent,0.384759919,1,flanker
5025,8,incongruent,0.351323901,1,flanker
5026,8,congruent,0.551573896,1,flanker
5027,8,congruent,0.401322101,1,flanker
5028,8,incongruent,0.45148431499999997,1,flanker
5029,8,incongruent,0.368065868,0,flanker
5030,8,congruent,0.351329406,1,flanker
5031,8,incongruent,0.367982469,1,flanker
5032,8,incongruent,0.484856385,1,flanker
5033,8,incongruent,0.334702763,1,flanker
5034,8,incongruent,0.46822531900000003,1,flanker
5035,8,congruent,0.384696954,1,flanker
5036,8,congruent,0.401427508,1,flanker
5037,9,congruent,0.6182969930000001,1,flanker
5038,9,congruent,0.501519622,1,flanker
5039,9,incongruent,0.468158134,1,flanker
5040,9,congruent,0.368057545,1,flanker
5041,9,congruent,0.351364216,1,flanker
5042,9,incongruent,0.451509121,1,flanker
5043,9,congruent,0.41811629499999997,1,flanker
5044,9,incongruent,0.50153958,1,flanker
5045,9,congruent,0.40139566000000004,1,flanker
5046,9,incongruent,0.40137510200000004,1,flanker
5047,9,incongruent,0.501472995,1,flanker
5048,9,congruent,0.401413616,1,flanker
5049,9,incongruent,0.36795601299999997,1,flanker
5050,9,incongruent,0.38473210799999996,1,flanker
5051,9,congruent,0.318025905,1,flanker
5052,9,incongruent,0.518162012,1,flanker
5053,9,congruent,0.418070856,1,flanker
5054,9,congruent,0.33460708699999997,1,flanker
5055,9,congruent,0.35131154299999995,1,flanker
5056,9,congruent,0.46816125199999997,1,flanker
5057,9,congruent,0.518151553,1,flanker
5058,9,incongruent,0.484805856,1,flanker
5059,9,incongruent,0.751821602,1,flanker
5060,9,incongruent,0.451580744,1,flanker
5061,9,incongruent,0.41799967299999996,1,flanker
5062,9,incongruent,0.40139219400000004,1,flanker
5063,9,congruent,0.46811777,1,flanker
5064,9,congruent,0.46809698,1,flanker
5065,9,congruent,0.551500992,1,flanker
5066,9,congruent,0.384754106,1,flanker
5067,9,congruent,0.38467463700000004,1,flanker
5068,9,incongruent,0.501461351,1,flanker
5069,9,incongruent,0.501499195,1,flanker
5070,9,congruent,0.434784478,1,flanker
5071,9,congruent,0.318024313,1,flanker
5072,9,incongruent,0.451401619,1,flanker
5073,9,incongruent,0.384741718,1,flanker
5074,9,incongruent,0.46814171800000004,1,flanker
5075,9,congruent,0.46813665,1,flanker
5076,9,congruent,0.351257723,1,flanker
5077,9,incongruent,0.351351139,1,flanker
5078,9,congruent,0.36806683399999995,1,flanker
5079,9,incongruent,0.451556603,1,flanker
5080,9,incongruent,0.46815516300000004,1,flanker
5081,9,congruent,0.70167878,1,flanker
5082,9,incongruent,0.38473846300000003,1,flanker
5083,9,incongruent,0.334591067,1,flanker
5084,9,incongruent,0.301297788,1,flanker
5085,9,congruent,0.36805472,1,flanker
5086,9,incongruent,0.217894972,1,flanker
5087,9,congruent,0.301261777,1,flanker
5088,9,congruent,0.501569936,1,flanker
5089,9,incongruent,0.484845239,1,flanker
5090,9,incongruent,0.735119383,1,flanker
5091,9,congruent,0.36808112,1,flanker
5092,9,incongruent,0.48470798400000004,1,flanker
5093,9,incongruent,0.818522402,1,flanker
5094,9,congruent,0.468173628,1,flanker
5095,9,congruent,0.40140684,1,flanker
5096,9,congruent,0.368015314,1,flanker
5097,9,incongruent,0.45143978700000004,1,flanker
5098,9,incongruent,0.568268661,1,flanker
5099,9,congruent,0.31795868,1,flanker
5100,9,incongruent,0.318026301,1,flanker
5101,9,congruent,0.451501378,1,flanker
5102,9,congruent,0.384706135,1,flanker
5103,9,congruent,0.351302534,1,flanker
5104,9,congruent,0.401351409,1,flanker
5105,9,incongruent,0.45143001800000004,1,flanker
5106,9,congruent,0.451500321,1,flanker
5107,9,incongruent,0.351343469,1,flanker
5108,9,congruent,0.317966706,1,flanker
5109,9,congruent,0.36808164699999996,1,flanker
5110,9,incongruent,0.401454843,1,flanker
5111,9,congruent,0.36791733499999996,1,flanker
5112,9,congruent,0.43478105499999997,1,flanker
5113,9,congruent,0.351289776,1,flanker
5114,9,incongruent,0.38470409699999997,1,flanker
5115,9,congruent,0.384734398,1,flanker
5116,9,congruent,0.334630426,1,flanker
5117,9,congruent,0.31784786000000004,1,flanker
5118,9,congruent,0.317934355,1,flanker
5119,9,congruent,0.45139903800000003,1,flanker
5120,9,incongruent,0.918700102,1,flanker
5121,9,incongruent,0.468186449,1,flanker
5122,9,congruent,0.468196096,1,flanker
5123,9,incongruent,0.5515929589999999,1,flanker
5124,9,congruent,0.5681999130000001,1,flanker
5125,9,incongruent,0.534893857,1,flanker
5126,9,incongruent,0.501473812,1,flanker
5127,9,congruent,0.568287541,1,flanker
5128,9,incongruent,0.401277871,1,flanker
5129,9,incongruent,0.401387632,1,flanker
5130,9,incongruent,0.6516586019999999,1,flanker
5131,9,incongruent,0.384719136,1,flanker
5132,9,incongruent,0.501539637,1,flanker
5133,9,incongruent,0.418146343,1,flanker
5134,9,incongruent,0.43481276,1,flanker
5135,9,congruent,0.48481129,1,flanker
5136,9,incongruent,0.6181816710000001,1,flanker
5137,9,congruent,0.668365101,1,flanker
5138,9,congruent,0.468183637,1,flanker
5139,9,incongruent,0.5514504379999999,1,flanker
5140,9,incongruent,0.418041293,1,flanker
5141,9,incongruent,0.401354488,1,flanker
5142,9,incongruent,0.418052517,1,flanker
5143,9,incongruent,0.384669989,1,flanker
5144,9,congruent,0.43478769899999997,1,flanker
5145,9,incongruent,0.35138759199999997,1,flanker
5146,9,congruent,0.801781598,1,flanker
5147,9,incongruent,0.384384275,1,flanker
5148,9,congruent,0.384610613,1,flanker
5149,9,congruent,0.668345199,1,flanker
5150,9,congruent,0.367985389,1,flanker
5151,9,congruent,0.451367278,1,flanker
5152,9,congruent,0.384705812,1,flanker
5153,9,incongruent,0.38441942,1,flanker
5154,9,congruent,0.417989386,1,flanker
5155,9,congruent,0.384774422,1,flanker
5156,9,congruent,0.38474079499999997,1,flanker
5157,9,congruent,0.35125799799999996,1,flanker
5158,9,incongruent,0.601519909,1,flanker
5159,9,incongruent,0.384784816,1,flanker
5160,9,congruent,0.318017324,1,flanker
5161,9,congruent,0.301297855,1,flanker
5162,9,incongruent,0.334665281,1,flanker
5163,9,incongruent,0.351355855,1,flanker
5164,9,congruent,0.434760565,1,flanker
5165,9,incongruent,0.33462974700000003,1,flanker
5166,9,congruent,0.334617971,1,flanker
5167,9,incongruent,0.384686851,1,flanker
5168,9,congruent,0.368020055,1,flanker
5169,9,incongruent,0.38472472599999996,1,flanker
5170,9,congruent,0.434735772,1,flanker
5171,9,incongruent,0.41803181699999997,1,flanker
5172,9,incongruent,0.36803708,1,flanker
5173,9,incongruent,0.468174243,1,flanker
5174,9,congruent,0.384755465,1,flanker
5175,9,incongruent,0.401350155,1,flanker
5176,9,congruent,0.384710325,1,flanker
5177,9,incongruent,0.351412314,1,flanker
5178,9,incongruent,0.41814293199999997,1,flanker
5179,9,congruent,0.351344317,1,flanker
5180,9,incongruent,0.45148031200000005,1,flanker
5181,9,incongruent,0.434741815,1,flanker
5182,9,congruent,0.368050114,1,flanker
5183,9,congruent,0.351366588,1,flanker
5184,9,congruent,0.367924803,1,flanker
5185,9,incongruent,0.31798617,1,flanker
5186,9,incongruent,0.451436148,1,flanker
5187,9,congruent,0.451409364,1,flanker
5188,9,congruent,0.401434748,1,flanker
5189,9,congruent,0.36801786,1,flanker
5190,9,incongruent,0.33467222700000004,1,flanker
5191,9,congruent,0.368002952,1,flanker
5192,9,congruent,0.368003803,1,flanker
5193,9,congruent,0.334594672,1,flanker
5194,9,incongruent,0.568202046,1,flanker
5195,9,incongruent,0.36798680300000003,1,flanker
5196,9,incongruent,0.317942319,1,flanker
5197,9,congruent,0.417994129,1,flanker
5198,9,incongruent,0.368074984,1,flanker
5199,9,incongruent,0.317990342,1,flanker
5200,9,incongruent,0.41807229,1,flanker
5201,9,congruent,0.501506435,1,flanker
5202,9,incongruent,0.36807286,1,flanker
5203,9,incongruent,0.434776935,1,flanker
5204,9,incongruent,0.468191287,1,flanker
5205,9,incongruent,0.751812628,1,flanker
5206,9,congruent,0.418003625,1,flanker
5207,9,incongruent,0.45138711,1,flanker
5208,9,congruent,0.418020734,1,flanker
5209,9,incongruent,0.501518047,1,flanker
5210,9,congruent,0.38470092899999997,1,flanker
5211,9,incongruent,0.351359791,1,flanker
5212,9,incongruent,0.334646827,1,flanker
5213,9,congruent,0.418084626,1,flanker
5214,9,incongruent,0.36807793600000005,1,flanker
5215,9,incongruent,0.351407142,1,flanker
5216,9,congruent,0.33463100300000004,1,flanker
5217,9,incongruent,0.51820925,1,flanker
5218,9,congruent,0.384744808,1,flanker
5219,9,incongruent,0.418134424,1,flanker
5220,9,incongruent,0.468142923,1,flanker
5221,9,congruent,0.36803957200000004,1,flanker
5222,9,congruent,0.46809004800000004,1,flanker
5223,9,congruent,0.384754716,1,flanker
5224,9,congruent,0.368095419,1,flanker
5225,9,congruent,0.434761642,1,flanker
5226,9,incongruent,0.401398779,1,flanker
5227,9,congruent,0.401378638,1,flanker
5228,9,incongruent,0.367935785,1,flanker
5229,9,congruent,0.35138129700000004,1,flanker
5230,9,incongruent,0.38474346400000003,1,flanker
5231,9,congruent,0.334657635,1,flanker
5232,9,incongruent,0.468154655,1,flanker
5233,9,congruent,0.36804826100000004,1,flanker
5234,9,congruent,0.334555111,0,flanker
5235,9,incongruent,0.651645195,1,flanker
5236,9,congruent,0.40129291100000003,1,flanker
5237,9,congruent,0.75171061,1,flanker
5238,9,incongruent,0.418139768,1,flanker
5239,9,incongruent,0.9853987,1,flanker
5240,9,incongruent,0.40140268500000004,1,flanker
5241,9,congruent,0.418068602,1,flanker
5242,9,congruent,0.351355035,1,flanker
5243,9,incongruent,0.334631238,1,flanker
5244,9,congruent,0.468167734,1,flanker
5245,9,incongruent,0.468126267,1,flanker
5246,9,congruent,0.501432306,1,flanker
5247,9,congruent,0.45144118,1,flanker
5248,9,congruent,0.35132492200000004,1,flanker
5249,9,incongruent,0.368020813,0,flanker
5250,9,incongruent,0.6349851670000001,1,flanker
5251,9,incongruent,0.434766169,1,flanker
5252,9,congruent,0.401423616,1,flanker
5253,9,incongruent,0.501537751,1,flanker
5254,9,incongruent,0.38471418799999996,0,flanker
5255,9,incongruent,0.7518554390000001,1,flanker
5256,9,congruent,0.518223418,1,flanker
5257,9,congruent,0.38470705099999997,1,flanker
5258,9,incongruent,0.418049087,1,flanker
5259,9,incongruent,0.501546458,1,flanker
5260,9,congruent,0.401423388,1,flanker
5261,9,incongruent,0.434813063,1,flanker
5262,9,incongruent,0.334657791,1,flanker
5263,9,congruent,0.40129675400000003,1,flanker
5264,9,incongruent,0.5015696270000001,1,flanker
5265,9,congruent,0.334713569,1,flanker
5266,9,incongruent,0.534841314,1,flanker
5267,9,congruent,0.33466142200000004,1,flanker
5268,9,congruent,0.317980258,1,flanker
5269,9,incongruent,0.334529607,0,flanker
5270,9,incongruent,0.668307092,1,flanker
5271,9,congruent,0.418010177,1,flanker
5272,9,congruent,0.401338996,1,flanker
5273,9,congruent,0.418149877,1,flanker
5274,9,congruent,0.334565933,1,flanker
5275,9,incongruent,0.36800788,1,flanker
5276,9,incongruent,0.568296746,1,flanker
5277,9,incongruent,0.501465526,1,flanker
5278,9,congruent,0.418048206,1,flanker
5279,9,incongruent,0.35138252999999997,1,flanker
5280,9,incongruent,0.35131795,1,flanker
5281,9,congruent,0.334672086,1,flanker
5282,9,congruent,0.41806135699999997,1,flanker
5283,9,incongruent,0.451502277,1,flanker
5284,9,incongruent,0.5681580199999999,1,flanker
5285,9,incongruent,0.40128859899999997,1,flanker
5286,9,incongruent,0.40145593100000004,1,flanker
5287,9,incongruent,0.718509677,1,flanker
5288,9,incongruent,0.501496578,1,flanker
5289,9,congruent,0.384659252,1,flanker
5290,9,congruent,0.46806206100000003,1,flanker
5291,9,incongruent,0.384749531,1,flanker
5292,9,congruent,0.384676766,1,flanker
5293,9,incongruent,0.41798402199999996,1,flanker
5294,9,congruent,0.40142933799999997,1,flanker
5295,9,incongruent,0.40136436099999995,1,flanker
5296,9,congruent,0.367906835,1,flanker
5297,9,incongruent,0.434830426,1,flanker
5298,9,incongruent,0.501510968,1,flanker
5299,9,congruent,0.35136463900000003,1,flanker
5300,9,congruent,0.367996271,1,flanker
5301,9,congruent,0.351325381,1,flanker
5302,9,congruent,0.46813739600000004,1,flanker
5303,9,congruent,0.434820868,1,flanker
5304,9,incongruent,0.418054098,1,flanker
5305,9,congruent,0.368097835,1,flanker
5306,9,incongruent,0.367998152,1,flanker
5307,9,congruent,0.468197046,1,flanker
5308,9,congruent,0.46817690599999995,1,flanker
5309,9,congruent,0.367996716,1,flanker
5310,9,congruent,0.40137847,1,flanker
5311,9,congruent,0.368035644,1,flanker
5312,9,congruent,0.318005296,1,flanker
5313,9,incongruent,0.36809358,1,flanker
5314,9,incongruent,0.45146909900000004,1,flanker
5315,9,incongruent,0.468112858,1,flanker
5316,9,incongruent,0.384743144,1,flanker
5317,9,incongruent,0.451405966,1,flanker
5318,9,incongruent,0.368009141,1,flanker
5319,9,incongruent,0.31795598599999997,1,flanker
5320,9,congruent,0.36795807,1,flanker
5321,9,incongruent,0.368002023,1,flanker
5322,9,congruent,0.30132925899999996,1,flanker
5323,9,incongruent,0.351293148,1,flanker
5324,9,congruent,0.35136671999999997,1,flanker
5325,9,incongruent,0.35104691000000005,1,flanker
5326,9,congruent,0.30121630499999996,1,flanker
5327,9,incongruent,0.368074357,1,flanker
5328,9,congruent,0.367963279,1,flanker
5329,9,incongruent,0.418113708,1,flanker
5330,9,congruent,0.40144916799999997,1,flanker
5331,9,incongruent,0.38471587399999996,1,flanker
5332,9,incongruent,0.36805319400000003,1,flanker
5333,9,congruent,0.317943148,1,flanker
5334,9,congruent,0.33468844799999997,1,flanker
5335,9,congruent,0.451442244,1,flanker
5336,9,incongruent,0.484831595,1,flanker
5337,9,incongruent,0.418038319,0,flanker
5338,9,congruent,0.384615298,1,flanker
5339,9,incongruent,0.401426961,1,flanker
5340,9,congruent,0.334709188,1,flanker
5341,9,incongruent,0.36796982500000003,1,flanker
5342,9,congruent,0.334626981,1,flanker
5343,9,congruent,0.351379655,1,flanker
5344,9,congruent,0.401380044,1,flanker
5345,9,congruent,0.40143918,0,flanker
5346,9,congruent,0.785121492,1,flanker
5347,9,incongruent,0.40138912800000004,1,flanker
5348,9,congruent,0.351355268,1,flanker
5349,9,incongruent,0.45137236799999997,1,flanker
5350,9,incongruent,0.635015274,1,flanker
5351,9,congruent,0.484793399,1,flanker
5352,9,incongruent,0.46810171700000003,1,flanker
5353,9,incongruent,0.451488403,1,flanker
5354,9,incongruent,0.5181317639999999,1,flanker
5355,9,congruent,0.518098353,1,flanker
5356,9,incongruent,0.418107352,1,flanker
5357,9,incongruent,0.6683649279999999,1,flanker
5358,9,congruent,0.401386696,1,flanker
5359,9,congruent,0.384684527,1,flanker
5360,9,congruent,0.384675474,1,flanker
5361,9,congruent,0.36807711,1,flanker
5362,9,congruent,0.351313522,1,flanker
5363,9,incongruent,0.534890957,1,flanker
5364,9,congruent,0.384775075,1,flanker
5365,9,incongruent,0.5348301010000001,1,flanker
5366,9,congruent,0.317962128,1,flanker
5367,9,incongruent,0.40104625,1,flanker
5368,9,congruent,0.368094584,1,flanker
5369,9,congruent,0.35126122400000004,1,flanker
5370,9,incongruent,0.40142032899999996,1,flanker
5371,9,incongruent,0.368002156,1,flanker
5372,9,incongruent,0.45145388200000003,0,flanker
5373,1,incongruent,0.451400105,1,simon
5374,1,incongruent,0.53488539,1,simon
5375,1,incongruent,0.468089984,1,simon
5376,1,congruent,0.434684681,1,simon
5377,1,congruent,0.384700501,1,simon
5378,1,incongruent,0.43476488799999996,1,simon
5379,1,congruent,0.334695003,1,simon
5380,1,incongruent,0.568297542,1,simon
5381,1,congruent,0.45143252100000003,1,simon
5382,1,congruent,0.384486495,1,simon
5383,1,incongruent,0.36807721099999996,0,simon
5384,1,congruent,0.48476608499999996,1,simon
5385,1,congruent,0.36799548600000004,1,simon
5386,1,incongruent,0.43482840700000003,1,simon
5387,1,incongruent,0.38461922299999995,1,simon
5388,1,congruent,0.384688945,1,simon
5389,1,incongruent,0.31793834600000004,1,simon
5390,1,congruent,0.434705252,1,simon
5391,1,incongruent,0.40134173700000003,1,simon
5392,1,congruent,0.351389141,1,simon
5393,1,incongruent,0.434629171,1,simon
5394,1,incongruent,0.368017257,1,simon
5395,1,congruent,0.46813602,1,simon
5396,1,incongruent,0.434816537,1,simon
5397,1,congruent,0.384660413,1,simon
5398,1,incongruent,0.40141477,1,simon
5399,1,congruent,0.384722205,1,simon
5400,1,congruent,0.43474976800000004,1,simon
5401,1,incongruent,0.48483102100000003,1,simon
5402,1,incongruent,0.468108503,1,simon
5403,1,congruent,0.418089892,1,simon
5404,1,congruent,0.484833733,1,simon
5405,1,congruent,0.384747658,1,simon
5406,1,congruent,0.35134640300000003,1,simon
5407,1,congruent,0.43478152999999997,1,simon
5408,1,congruent,0.401409732,1,simon
5409,1,incongruent,0.41809612900000004,1,simon
5410,1,congruent,0.418120248,1,simon
5411,1,incongruent,0.41803291000000004,1,simon
5412,1,incongruent,0.40134245199999996,1,simon
5413,1,incongruent,0.368024814,1,simon
5414,1,incongruent,0.334666425,1,simon
5415,1,congruent,0.367998105,1,simon
5416,1,incongruent,0.384771448,1,simon
5417,1,incongruent,0.384735985,1,simon
5418,1,incongruent,0.384758661,1,simon
5419,1,incongruent,0.334697175,1,simon
5420,1,incongruent,0.367968417,1,simon
5421,1,congruent,0.33462864999999997,1,simon
5422,1,incongruent,0.36793429099999997,1,simon
5423,1,incongruent,0.451118016,1,simon
5424,1,congruent,0.434881327,1,simon
5425,1,congruent,0.33468264799999997,1,simon
5426,1,congruent,0.384675906,1,simon
5427,1,congruent,0.351346034,1,simon
5428,1,congruent,0.451501989,1,simon
5429,1,congruent,0.351370385,1,simon
5430,1,incongruent,0.468189909,1,simon
5431,1,congruent,0.451474777,1,simon
5432,1,incongruent,0.518171398,1,simon
5433,1,congruent,0.484724894,1,simon
5434,1,incongruent,0.40134444,1,simon
5435,1,congruent,0.468142251,1,simon
5436,1,congruent,0.418117907,1,simon
5437,1,incongruent,0.418025111,1,simon
5438,1,incongruent,0.384690957,1,simon
5439,1,incongruent,0.351459155,1,simon
5440,1,congruent,0.46813986999999996,1,simon
5441,1,incongruent,0.484886822,1,simon
5442,1,incongruent,0.368004014,1,simon
5443,1,incongruent,0.384616205,1,simon
5444,1,incongruent,0.384657826,1,simon
5445,1,congruent,0.384689954,1,simon
5446,1,incongruent,0.418108944,1,simon
5447,1,congruent,0.568251351,1,simon
5448,1,incongruent,0.368084078,1,simon
5449,1,congruent,0.484785606,1,simon
5450,1,incongruent,0.451382488,1,simon
5451,1,congruent,0.468096281,1,simon
5452,1,incongruent,0.41807636000000004,1,simon
5453,1,incongruent,0.48480362000000005,1,simon
5454,1,congruent,0.40143354,1,simon
5455,1,congruent,0.40138820199999997,1,simon
5456,1,incongruent,0.418080659,1,simon
5457,1,incongruent,0.43477655800000004,1,simon
5458,1,incongruent,0.41799633199999997,1,simon
5459,1,congruent,0.451502393,1,simon
5460,1,congruent,0.40143365599999997,1,simon
5461,1,incongruent,0.41817112500000003,1,simon
5462,1,congruent,0.434797059,1,simon
5463,1,congruent,0.80182303,1,simon
5464,1,congruent,0.36804382199999996,1,simon
5465,1,congruent,0.451433216,1,simon
5466,1,congruent,0.418025308,1,simon
5467,1,incongruent,0.38476105,1,simon
5468,1,congruent,0.36801187900000004,1,simon
5469,1,congruent,0.384690209,1,simon
5470,1,congruent,0.351339983,1,simon
5471,1,incongruent,0.484767957,1,simon
5472,1,incongruent,0.31803929900000005,1,simon
5473,1,congruent,0.401443725,1,simon
5474,1,incongruent,0.33477779199999996,0,simon
5475,1,congruent,0.368089632,1,simon
5476,1,incongruent,0.38464763,1,simon
5477,1,congruent,0.31800569100000003,1,simon
5478,1,incongruent,0.468124922,1,simon
5479,1,incongruent,0.384704245,1,simon
5480,1,congruent,0.35099980599999997,1,simon
5481,1,congruent,0.33467088100000003,1,simon
5482,1,incongruent,0.434659467,1,simon
5483,1,congruent,0.351342328,1,simon
5484,1,incongruent,0.434735836,1,simon
5485,1,congruent,0.484833089,1,simon
5486,1,incongruent,0.451485049,1,simon
5487,1,congruent,0.468105494,1,simon
5488,1,congruent,0.31796341,1,simon
5489,1,congruent,0.35137983,1,simon
5490,1,congruent,0.351390305,1,simon
5491,1,congruent,0.28465718199999995,1,simon
5492,1,incongruent,0.40128492899999996,1,simon
5493,1,congruent,0.35121894200000003,0,simon
5494,1,congruent,0.368076924,1,simon
5495,1,congruent,0.317976885,1,simon
5496,1,congruent,0.334702374,1,simon
5497,1,incongruent,0.40139011399999996,1,simon
5498,1,congruent,0.334595304,1,simon
5499,1,congruent,0.401361036,1,simon
5500,1,incongruent,0.45142494299999997,1,simon
5501,1,incongruent,0.46812395199999995,1,simon
5502,1,incongruent,0.38468185499999996,1,simon
5503,1,congruent,0.35140045400000003,1,simon
5504,1,incongruent,0.384660477,1,simon
5505,1,congruent,0.33468783,0,simon
5506,1,incongruent,0.40135800899999996,1,simon
5507,1,congruent,0.351391368,1,simon
5508,1,incongruent,0.31794676299999997,1,simon
5509,1,congruent,0.401313178,1,simon
5510,1,congruent,0.48480848800000004,1,simon
5511,1,incongruent,0.401375409,1,simon
5512,1,congruent,0.368018238,1,simon
5513,1,incongruent,0.418182143,1,simon
5514,1,congruent,0.317926812,1,simon
5515,1,incongruent,0.468172779,1,simon
5516,1,congruent,0.41811581999999997,1,simon
5517,1,incongruent,0.417958198,1,simon
5518,1,incongruent,0.401382038,1,simon
5519,1,congruent,0.46809393899999996,1,simon
5520,1,congruent,0.401436705,1,simon
5521,1,incongruent,0.468068028,1,simon
5522,1,incongruent,0.368039697,1,simon
5523,1,incongruent,0.5682618119999999,1,simon
5524,1,incongruent,0.401425853,1,simon
5525,1,incongruent,0.518168368,1,simon
5526,1,congruent,0.484840729,1,simon
5527,1,incongruent,0.468151445,1,simon
5528,1,incongruent,0.351347421,1,simon
5529,1,congruent,0.401395717,1,simon
5530,1,incongruent,0.351311783,1,simon
5531,1,incongruent,0.351266476,1,simon
5532,1,incongruent,0.43466961600000004,1,simon
5533,1,congruent,0.5014671119999999,1,simon
5534,1,incongruent,0.43457024,1,simon
5535,1,congruent,0.568243991,1,simon
5536,1,incongruent,0.534917155,1,simon
5537,1,incongruent,0.384732344,1,simon
5538,1,congruent,0.401339672,1,simon
5539,1,congruent,0.434822556,1,simon
5540,1,incongruent,0.401464461,1,simon
5541,1,congruent,0.35136734799999997,1,simon
5542,1,incongruent,0.401360076,1,simon
5543,1,incongruent,0.334699831,1,simon
5544,1,incongruent,0.334619807,1,simon
5545,1,congruent,0.317695467,1,simon
5546,1,congruent,0.38459283299999997,1,simon
5547,1,congruent,0.267919873,1,simon
5548,1,incongruent,0.36806880200000003,1,simon
5549,1,congruent,0.351293478,1,simon
5550,1,congruent,0.33467430200000003,1,simon
5551,1,incongruent,0.41806779699999996,1,simon
5552,1,incongruent,0.284596674,1,simon
5553,1,congruent,0.368084715,1,simon
5554,1,incongruent,0.368043115,1,simon
5555,1,congruent,0.401264385,1,simon
5556,1,congruent,0.301377155,1,simon
5557,1,congruent,0.284617341,1,simon
5558,1,incongruent,0.351334975,1,simon
5559,1,incongruent,0.351340482,1,simon
5560,1,congruent,0.301160039,1,simon
5561,1,incongruent,0.401340994,1,simon
5562,1,congruent,0.301276879,1,simon
5563,1,incongruent,0.38471222899999996,1,simon
5564,1,congruent,0.301015682,1,simon
5565,1,congruent,0.334571946,1,simon
5566,1,incongruent,0.36798785900000003,1,simon
5567,1,congruent,0.368008134,1,simon
5568,1,congruent,0.31797501,1,simon
5569,1,incongruent,0.368037579,1,simon
5570,1,incongruent,0.31794416200000003,1,simon
5571,1,incongruent,0.351347238,1,simon
5572,1,congruent,0.41809954800000004,1,simon
5573,1,incongruent,0.43466946300000003,1,simon
5574,1,incongruent,0.368078239,1,simon
5575,1,incongruent,0.467805433,1,simon
5576,1,congruent,0.38476687099999995,1,simon
5577,1,incongruent,0.40144799,1,simon
5578,1,incongruent,0.45150564400000004,1,simon
5579,1,congruent,0.401420427,0,simon
5580,1,congruent,0.418085261,1,simon
5581,1,congruent,0.451352548,1,simon
5582,1,congruent,0.40143719,0,simon
5583,1,incongruent,0.351367591,0,simon
5584,1,congruent,0.5181392610000001,1,simon
5585,1,incongruent,0.401378032,1,simon
5586,1,incongruent,0.334702571,1,simon
5587,1,congruent,0.384604544,1,simon
5588,1,congruent,0.401325759,1,simon
5589,1,congruent,0.351397108,1,simon
5590,1,incongruent,0.334666951,1,simon
5591,1,incongruent,0.334719895,1,simon
5592,1,incongruent,0.384625071,1,simon
5593,1,congruent,0.468181764,1,simon
5594,1,congruent,0.351360083,1,simon
5595,1,incongruent,0.434437531,1,simon
5596,1,incongruent,0.367983054,1,simon
5597,1,congruent,0.33462652200000004,1,simon
5598,1,incongruent,0.318023349,0,simon
5599,1,incongruent,0.484869018,1,simon
5600,1,congruent,0.368100441,1,simon
5601,1,incongruent,0.351344746,1,simon
5602,1,incongruent,0.368041097,1,simon
5603,1,congruent,0.284571287,1,simon
5604,1,congruent,0.368051279,1,simon
5605,1,incongruent,0.368059095,1,simon
5606,1,congruent,0.351346875,1,simon
5607,1,incongruent,0.35138535000000004,0,simon
5608,1,incongruent,0.41806672,1,simon
5609,1,congruent,0.3012586,1,simon
5610,1,congruent,0.36801211699999997,1,simon
5611,1,congruent,0.418101586,1,simon
5612,1,incongruent,0.484803707,1,simon
5613,1,incongruent,0.418057524,1,simon
5614,1,congruent,0.468200254,1,simon
5615,1,congruent,0.368011391,1,simon
5616,1,incongruent,0.751792172,1,simon
5617,1,incongruent,0.434660349,1,simon
5618,1,incongruent,0.40138987600000003,1,simon
5619,1,congruent,0.301282127,1,simon
5620,1,congruent,0.284562349,1,simon
5621,1,incongruent,0.351353847,1,simon
5622,1,congruent,0.401397352,1,simon
5623,1,congruent,0.31797528599999997,1,simon
5624,1,congruent,0.368065584,1,simon
5625,1,congruent,0.451465279,1,simon
5626,1,congruent,0.384768789,1,simon
5627,1,incongruent,0.36800809700000003,1,simon
5628,1,incongruent,0.401352811,1,simon
5629,1,incongruent,0.368061054,1,simon
5630,1,incongruent,0.48480120899999996,1,simon
5631,1,congruent,0.38470138600000003,1,simon
5632,1,incongruent,0.5179998729999999,1,simon
5633,1,incongruent,0.418090106,1,simon
5634,1,incongruent,0.36769289,1,simon
5635,1,congruent,0.284601809,1,simon
5636,1,congruent,0.351351534,1,simon
5637,1,incongruent,0.41817657,1,simon
5638,1,congruent,0.28455314299999995,1,simon
5639,1,congruent,0.351301597,0,simon
5640,1,incongruent,0.40141874,1,simon
5641,1,congruent,0.33466581300000003,1,simon
5642,1,incongruent,0.367997935,1,simon
5643,1,incongruent,0.368024422,1,simon
5644,1,incongruent,0.401301888,1,simon
5645,1,incongruent,0.367983393,1,simon
5646,1,congruent,0.368047611,1,simon
5647,1,congruent,0.351273528,0,simon
5648,1,congruent,0.317863165,1,simon
5649,1,congruent,0.368043624,1,simon
5650,1,incongruent,0.40144416,1,simon
5651,1,congruent,0.41806835200000003,1,simon
5652,1,incongruent,0.35134762399999997,1,simon
5653,1,incongruent,0.41798678499999997,1,simon
5654,1,congruent,0.38468186,1,simon
5655,1,incongruent,0.451437025,1,simon
5656,1,congruent,0.38471385500000005,0,simon
5657,1,congruent,0.334661049,1,simon
5658,1,incongruent,0.434742455,0,simon
5659,1,incongruent,0.45148281300000004,1,simon
5660,1,congruent,0.484839043,1,simon
5661,1,congruent,0.468135986,1,simon
5662,1,congruent,0.317858839,1,simon
5663,1,incongruent,0.5348893769999999,1,simon
5664,1,incongruent,0.401486604,1,simon
5665,1,incongruent,0.351325033,1,simon
5666,1,incongruent,0.351404248,1,simon
5667,1,incongruent,0.384709321,1,simon
5668,1,incongruent,0.367766822,1,simon
5669,1,congruent,0.317939405,1,simon
5670,1,incongruent,0.3512944,1,simon
5671,1,incongruent,0.284630831,1,simon
5672,1,incongruent,0.36802562699999997,1,simon
5673,1,incongruent,0.568280618,1,simon
5674,1,congruent,0.384730011,1,simon
5675,1,incongruent,0.40139035100000003,1,simon
5676,1,congruent,0.351316408,1,simon
5677,1,congruent,0.317941653,1,simon
5678,1,congruent,0.401376101,1,simon
5679,1,congruent,0.35136900200000004,1,simon
5680,1,incongruent,0.434792853,1,simon
5681,1,congruent,0.30132454599999997,1,simon
5682,1,incongruent,0.368000338,1,simon
5683,1,congruent,0.334649109,1,simon
5684,1,incongruent,0.401366224,1,simon
5685,1,incongruent,0.56826365,1,simon
5686,1,incongruent,0.35132507700000004,1,simon
5687,1,congruent,0.384779423,1,simon
5688,1,congruent,0.418078592,1,simon
5689,1,congruent,0.351459107,1,simon
5690,1,congruent,0.351333738,1,simon
5691,1,incongruent,0.418115047,1,simon
5692,1,incongruent,0.384729692,1,simon
5693,1,congruent,0.368071389,1,simon
5694,1,incongruent,0.36803295100000005,1,simon
5695,1,incongruent,0.35112388499999997,0,simon
5696,1,congruent,0.35138948799999997,1,simon
5697,1,congruent,0.518073822,1,simon
5698,1,congruent,0.334617763,1,simon
5699,1,congruent,0.334672075,1,simon
5700,1,congruent,0.301239125,1,simon
5701,1,congruent,0.3847522,1,simon
5702,1,congruent,0.418095254,1,simon
5703,1,incongruent,0.367933382,1,simon
5704,1,incongruent,0.317952134,0,simon
5705,1,congruent,0.401405017,1,simon
5706,1,incongruent,0.434714877,1,simon
5707,1,congruent,0.334721483,1,simon
5708,1,incongruent,0.351305642,1,simon
5709,10,incongruent,0.36800334900000004,1,simon
5710,10,congruent,0.33464834000000004,1,simon
5711,10,congruent,0.31806532499999995,1,simon
5712,10,congruent,0.301215963,1,simon
5713,10,incongruent,0.351281942,1,simon
5714,10,incongruent,0.40135749600000004,1,simon
5715,10,congruent,0.334562549,1,simon
5716,10,congruent,0.368057284,1,simon
5717,10,congruent,0.367773093,1,simon
5718,10,incongruent,0.41802174999999997,1,simon
5719,10,congruent,0.401463887,0,simon
5720,10,incongruent,0.468165464,1,simon
5721,10,incongruent,0.367984358,1,simon
5722,10,incongruent,0.434811125,1,simon
5723,10,congruent,0.451482685,1,simon
5724,10,incongruent,0.36801885399999995,1,simon
5725,10,incongruent,0.46813547699999997,1,simon
5726,10,incongruent,0.418055594,1,simon
5727,10,congruent,0.334708259,1,simon
5728,10,incongruent,0.43483250399999995,1,simon
5729,10,incongruent,0.367911785,1,simon
5730,10,congruent,0.31802910100000004,1,simon
5731,10,congruent,0.368126362,1,simon
5732,10,incongruent,0.5014226350000001,1,simon
5733,10,congruent,0.33471830399999997,1,simon
5734,10,incongruent,0.41809152499999996,1,simon
5735,10,incongruent,0.38460150800000004,1,simon
5736,10,incongruent,0.318021592,1,simon
5737,10,incongruent,0.31801439800000003,1,simon
5738,10,incongruent,0.30118184600000003,1,simon
5739,10,incongruent,0.301167367,1,simon
5740,10,congruent,0.301345029,0,simon
5741,10,congruent,0.41807001000000005,1,simon
5742,10,incongruent,0.434681178,1,simon
5743,10,incongruent,0.28459177199999997,0,simon
5744,10,congruent,0.45143094100000003,1,simon
5745,10,congruent,0.301208278,1,simon
5746,10,incongruent,0.384652875,1,simon
5747,10,congruent,0.368067941,1,simon
5748,10,congruent,0.301236722,1,simon
5749,10,incongruent,0.418054353,1,simon
5750,10,congruent,0.5514802839999999,1,simon
5751,10,incongruent,0.40135672099999997,1,simon
5752,10,incongruent,0.40146588000000005,1,simon
5753,10,incongruent,0.35140338000000004,1,simon
5754,10,congruent,0.53480371,1,simon
5755,10,congruent,0.434888132,1,simon
5756,10,congruent,0.334631717,1,simon
5757,10,congruent,0.33470372800000003,1,simon
5758,10,congruent,0.334614514,1,simon
5759,10,congruent,0.401471743,1,simon
5760,10,congruent,0.35129580099999996,1,simon
5761,10,incongruent,0.41813481,1,simon
5762,10,incongruent,0.36798127399999997,1,simon
5763,10,congruent,0.35129262099999997,1,simon
5764,10,congruent,0.318000089,1,simon
5765,10,congruent,0.43481430899999995,1,simon
5766,10,congruent,0.401489404,1,simon
5767,10,congruent,0.384748602,1,simon
5768,10,congruent,0.43487164100000003,1,simon
5769,10,incongruent,0.518127388,1,simon
5770,10,congruent,0.418142546,1,simon
5771,10,congruent,0.36805417999999995,1,simon
5772,10,congruent,0.401447989,1,simon
5773,10,incongruent,0.468201835,1,simon
5774,10,incongruent,0.43483214600000003,1,simon
5775,10,congruent,0.6349715109999999,1,simon
5776,10,congruent,0.468155579,1,simon
5777,10,congruent,0.45143060500000004,1,simon
5778,10,incongruent,0.451422792,1,simon
5779,10,incongruent,0.384667219,1,simon
5780,10,incongruent,0.368020709,1,simon
5781,10,congruent,0.501491714,1,simon
5782,10,incongruent,0.351327989,1,simon
5783,10,incongruent,0.43476580000000004,1,simon
5784,10,congruent,0.368033236,1,simon
5785,10,incongruent,0.317918558,1,simon
5786,10,incongruent,0.351387667,1,simon
5787,10,incongruent,0.434786779,1,simon
5788,10,incongruent,0.384755025,1,simon
5789,10,incongruent,0.41774888099999996,1,simon
5790,10,congruent,0.368038247,0,simon
5791,10,congruent,0.434822257,1,simon
5792,10,congruent,0.334662099,1,simon
5793,10,incongruent,0.418093544,1,simon
5794,10,incongruent,0.384645477,1,simon
5795,10,congruent,0.351399537,1,simon
5796,10,incongruent,0.48482302600000005,1,simon
5797,10,congruent,0.368073468,1,simon
5798,10,incongruent,0.368058405,1,simon
5799,10,incongruent,0.368012006,1,simon
5800,10,congruent,0.301262228,1,simon
5801,10,incongruent,0.418092591,1,simon
5802,10,incongruent,0.418057252,1,simon
5803,10,incongruent,0.351328395,1,simon
5804,10,congruent,0.534886823,1,simon
5805,10,congruent,0.31798345499999997,1,simon
5806,10,incongruent,0.45156714899999995,1,simon
5807,10,incongruent,0.351041267,1,simon
5808,10,congruent,0.301328388,1,simon
5809,10,incongruent,0.317897395,0,simon
5810,10,congruent,0.451357705,0,simon
5811,10,incongruent,0.55155851,1,simon
5812,10,congruent,0.484853302,1,simon
5813,10,incongruent,0.45140903200000004,1,simon
5814,10,incongruent,0.418093158,1,simon
5815,10,congruent,0.451480931,1,simon
5816,10,congruent,0.367974267,1,simon
5817,10,congruent,0.26797726,1,simon
5818,10,incongruent,0.434819931,1,simon
5819,10,congruent,0.36803187000000004,1,simon
5820,10,congruent,0.36796630199999997,1,simon
5821,10,congruent,0.584920702,1,simon
5822,10,congruent,0.351373905,1,simon
5823,10,incongruent,0.45156131699999996,1,simon
5824,10,incongruent,0.401303489,1,simon
5825,10,incongruent,0.31797251899999995,0,simon
5826,10,incongruent,0.384715664,1,simon
5827,10,incongruent,0.351356643,1,simon
5828,10,congruent,0.434698427,1,simon
5829,10,incongruent,0.38468109399999995,1,simon
5830,10,congruent,0.368135284,1,simon
5831,10,congruent,0.38463841000000004,1,simon
5832,10,incongruent,0.351328853,1,simon
5833,10,incongruent,0.35125085,1,simon
5834,10,congruent,0.351356413,1,simon
5835,10,congruent,0.35137897500000004,1,simon
5836,10,congruent,0.284601196,1,simon
5837,10,incongruent,0.451418461,1,simon
5838,10,congruent,0.48481815,1,simon
5839,10,incongruent,0.31803198,1,simon
5840,10,congruent,0.368086436,1,simon
5841,10,congruent,0.36802759500000004,1,simon
5842,10,congruent,0.434727017,1,simon
5843,10,incongruent,0.334701841,0,simon
5844,10,congruent,0.351355921,1,simon
5845,10,incongruent,0.43473845,1,simon
5846,10,incongruent,0.351358476,1,simon
5847,10,congruent,0.451440566,1,simon
5848,10,incongruent,0.368054969,1,simon
5849,10,congruent,0.33432355,1,simon
5850,10,congruent,0.368113222,1,simon
5851,10,congruent,0.318033683,1,simon
5852,10,congruent,0.367917771,1,simon
5853,10,incongruent,0.41814867299999997,1,simon
5854,10,incongruent,0.43481557600000004,1,simon
5855,10,incongruent,0.334703822,1,simon
5856,10,congruent,0.368057262,1,simon
5857,10,incongruent,0.418087397,1,simon
5858,10,incongruent,0.418153239,1,simon
5859,10,incongruent,0.401432462,1,simon
5860,10,congruent,0.384682304,1,simon
5861,10,congruent,0.33470194,1,simon
5862,10,congruent,0.351317427,1,simon
5863,10,incongruent,0.468183313,1,simon
5864,10,incongruent,0.401107635,1,simon
5865,10,congruent,0.351357506,0,simon
5866,10,incongruent,0.40135097200000003,1,simon
5867,10,incongruent,0.43479700000000004,1,simon
5868,10,congruent,0.367987508,1,simon
5869,10,incongruent,0.367971374,1,simon
5870,10,congruent,0.484817524,1,simon
5871,10,incongruent,0.501547453,1,simon
5872,10,incongruent,0.401350068,1,simon
5873,10,congruent,0.434784026,1,simon
5874,10,incongruent,0.401443799,1,simon
5875,10,congruent,0.40137530600000004,0,simon
5876,10,congruent,0.36809121,1,simon
5877,10,incongruent,0.685023188,1,simon
5878,10,incongruent,0.351303158,1,simon
5879,10,incongruent,0.367931516,1,simon
5880,10,congruent,0.48483506899999995,1,simon
5881,10,incongruent,0.368002337,1,simon
5882,10,incongruent,0.401321119,1,simon
5883,10,incongruent,0.384720585,1,simon
5884,10,congruent,0.418071452,1,simon
5885,10,incongruent,0.368028454,1,simon
5886,10,incongruent,0.401476365,1,simon
5887,10,congruent,0.368140215,1,simon
5888,10,congruent,0.334650134,1,simon
5889,10,incongruent,0.434831796,1,simon
5890,10,incongruent,0.50149953,1,simon
5891,10,congruent,0.618310245,1,simon
5892,10,congruent,0.318000995,1,simon
5893,10,incongruent,0.418101286,1,simon
5894,10,congruent,0.301294334,1,simon
5895,10,incongruent,0.367938286,1,simon
5896,10,incongruent,0.33477621799999996,1,simon
5897,10,incongruent,0.28463377700000003,1,simon
5898,10,congruent,0.351313099,1,simon
5899,10,congruent,0.31801529900000003,1,simon
5900,10,incongruent,0.401379859,1,simon
5901,10,congruent,0.384699,1,simon
5902,10,congruent,0.334657,1,simon
5903,10,congruent,0.36789599399999995,1,simon
5904,10,incongruent,0.36797703000000004,1,simon
5905,10,congruent,0.38484941500000003,1,simon
5906,10,incongruent,0.434749777,1,simon
5907,10,congruent,0.36799421,1,simon
5908,10,incongruent,0.401372857,1,simon
5909,10,incongruent,0.368084271,1,simon
5910,10,congruent,0.384766332,1,simon
5911,10,incongruent,0.40138944400000004,1,simon
5912,10,congruent,0.41801154100000004,1,simon
5913,10,incongruent,0.317971998,1,simon
5914,10,incongruent,0.451482758,1,simon
5915,10,incongruent,0.28450516,1,simon
5916,10,incongruent,0.451419048,0,simon
5917,10,congruent,0.401204922,1,simon
5918,10,incongruent,0.36804862200000005,1,simon
5919,10,congruent,0.43480908,1,simon
5920,10,congruent,0.334665483,1,simon
5921,10,congruent,0.384709379,1,simon
5922,10,incongruent,0.418012881,1,simon
5923,10,congruent,0.401412146,1,simon
5924,10,congruent,0.351304573,1,simon
5925,10,congruent,0.334529312,1,simon
5926,10,incongruent,0.40137681,1,simon
5927,10,congruent,0.40139883400000004,1,simon
5928,10,congruent,0.40132686100000003,1,simon
5929,10,congruent,0.40142939,1,simon
5930,10,incongruent,0.367977971,0,simon
5931,10,congruent,0.45152512100000003,1,simon
5932,10,congruent,0.317978547,1,simon
5933,10,congruent,0.38472979500000004,1,simon
5934,10,incongruent,0.434810222,1,simon
5935,10,incongruent,0.3346184,1,simon
5936,10,congruent,0.40145345400000004,1,simon
5937,10,congruent,0.36802947799999997,1,simon
5938,10,incongruent,0.35135641700000003,0,simon
5939,10,incongruent,0.351316961,1,simon
5940,10,congruent,0.384645018,1,simon
5941,10,congruent,0.267942499,0,simon
5942,10,congruent,0.418128084,1,simon
5943,10,congruent,0.334754029,1,simon
5944,10,congruent,0.284650236,1,simon
5945,10,congruent,0.30134568500000003,1,simon
5946,10,incongruent,0.267995269,1,simon
5947,10,congruent,0.384703739,1,simon
5948,10,incongruent,0.40120803899999996,1,simon
5949,10,incongruent,0.551540421,1,simon
5950,10,congruent,0.351355751,1,simon
5951,10,incongruent,0.384777875,1,simon
5952,10,congruent,0.401458227,1,simon
5953,10,incongruent,0.368010602,1,simon
5954,10,congruent,0.451427623,0,simon
5955,10,incongruent,0.434778505,1,simon
5956,10,congruent,0.36807841,1,simon
5957,10,incongruent,0.384704511,1,simon
5958,10,congruent,0.43476520900000004,1,simon
5959,10,incongruent,0.484816069,1,simon
5960,10,incongruent,0.368085229,0,simon
5961,10,incongruent,0.38463585100000003,1,simon
5962,10,congruent,0.334667381,1,simon
5963,10,congruent,0.3846715,1,simon
5964,10,congruent,0.31800035200000004,1,simon
5965,10,incongruent,0.401468074,1,simon
5966,10,incongruent,0.384702051,1,simon
5967,10,congruent,0.451354001,1,simon
5968,10,congruent,0.45150460800000003,1,simon
5969,10,congruent,0.368007381,1,simon
5970,10,incongruent,0.484823347,1,simon
5971,10,congruent,0.43468306,1,simon
5972,10,congruent,0.5182232259999999,1,simon
5973,10,incongruent,0.334762471,1,simon
5974,10,incongruent,0.384736675,1,simon
5975,10,congruent,0.368069095,1,simon
5976,10,congruent,0.367991195,1,simon
5977,10,incongruent,0.401425068,1,simon
5978,10,incongruent,0.334600769,1,simon
5979,10,congruent,0.301313967,1,simon
5980,10,incongruent,0.334706881,1,simon
5981,10,congruent,0.317988926,1,simon
5982,10,incongruent,0.401430138,1,simon
5983,10,incongruent,0.384723437,1,simon
5984,10,incongruent,0.384375865,1,simon
5985,10,congruent,0.40136355300000004,1,simon
5986,10,incongruent,0.40146132,1,simon
5987,10,incongruent,0.368080248,1,simon
5988,10,incongruent,0.40135792400000003,1,simon
5989,10,incongruent,0.368075398,1,simon
5990,10,congruent,0.317975195,1,simon
5991,10,incongruent,0.36793364300000003,1,simon
5992,10,congruent,0.451475213,1,simon
5993,10,incongruent,0.36807062,1,simon
5994,10,incongruent,0.351277357,1,simon
5995,10,incongruent,0.35139740399999997,1,simon
5996,10,congruent,0.434779879,1,simon
5997,10,incongruent,0.46816310099999997,1,simon
5998,10,congruent,0.301327702,1,simon
5999,10,congruent,0.317950806,1,simon
6000,10,incongruent,0.40129617500000003,1,simon
6001,10,incongruent,0.36799994500000005,1,simon
6002,10,congruent,0.33444847,1,simon
6003,10,incongruent,0.351373376,1,simon
6004,10,congruent,0.41814534400000003,1,simon
6005,10,congruent,0.418122324,1,simon
6006,10,incongruent,0.368027058,1,simon
6007,10,congruent,0.384728125,1,simon
6008,10,congruent,0.317949803,1,simon
6009,10,congruent,0.351351461,1,simon
6010,10,incongruent,0.36801426,1,simon
6011,10,incongruent,0.334683932,1,simon
6012,10,congruent,0.368009064,1,simon
6013,10,incongruent,0.451448571,1,simon
6014,10,incongruent,0.334636279,1,simon
6015,10,incongruent,0.351288881,1,simon
6016,10,incongruent,0.367919825,1,simon
6017,10,incongruent,0.384700654,1,simon
6018,10,incongruent,0.317939381,0,simon
6019,10,congruent,0.434809386,1,simon
6020,10,congruent,0.30130933299999996,1,simon
6021,10,congruent,0.301210039,1,simon
6022,10,incongruent,0.468188673,1,simon
6023,10,congruent,0.317965129,1,simon
6024,10,incongruent,0.384758162,1,simon
6025,10,congruent,0.334689986,1,simon
6026,10,incongruent,0.317917027,0,simon
6027,10,congruent,0.351371557,1,simon
6028,10,congruent,0.384718131,1,simon
6029,10,incongruent,0.368081259,0,simon
6030,10,congruent,0.434780579,1,simon
6031,10,congruent,0.334663143,1,simon
6032,10,incongruent,0.33471754499999995,1,simon
6033,10,congruent,0.501469187,1,simon
6034,10,congruent,0.318008821,1,simon
6035,10,congruent,0.35136231700000004,1,simon
6036,10,incongruent,0.38469122299999997,1,simon
6037,10,incongruent,0.401430256,1,simon
6038,10,congruent,0.41805235900000004,1,simon
6039,10,congruent,0.384685581,1,simon
6040,10,congruent,0.35139516200000004,1,simon
6041,10,congruent,0.5850030940000001,1,simon
6042,10,incongruent,0.40107558899999995,1,simon
6043,10,incongruent,0.56823288,1,simon
6044,10,incongruent,0.33463882,1,simon
6045,11,incongruent,0.451487345,1,simon
6046,11,incongruent,0.41803903600000003,1,simon
6047,11,congruent,0.48487566099999996,1,simon
6048,11,congruent,0.334663717,1,simon
6049,11,congruent,0.301307471,1,simon
6050,11,incongruent,0.351292877,0,simon
6051,11,congruent,0.6183154409999999,1,simon
6052,11,congruent,0.351358019,1,simon
6053,11,congruent,0.334722618,1,simon
6054,11,congruent,0.30128894300000003,1,simon
6055,11,incongruent,0.551469831,1,simon
6056,11,incongruent,0.35123160400000003,0,simon
6057,11,incongruent,0.468059412,1,simon
6058,11,congruent,0.31796659899999996,1,simon
6059,11,congruent,0.434833987,1,simon
6060,11,congruent,0.36801697899999997,1,simon
6061,11,incongruent,0.33464081,0,simon
6062,11,congruent,0.351349262,1,simon
6063,11,incongruent,0.46811213500000004,1,simon
6064,11,congruent,0.484799252,1,simon
6065,11,congruent,0.301298151,1,simon
6066,11,congruent,0.33472262,1,simon
6067,11,incongruent,0.434794925,1,simon
6068,11,incongruent,0.401458944,1,simon
6069,11,congruent,0.41808075,1,simon
6070,11,congruent,0.36803549700000004,1,simon
6071,11,congruent,0.317807748,1,simon
6072,11,incongruent,0.334630402,1,simon
6073,11,incongruent,0.33466425099999997,0,simon
6074,11,incongruent,0.468201353,1,simon
6075,11,incongruent,0.48483652899999996,1,simon
6076,11,incongruent,0.41811381799999997,1,simon
6077,11,congruent,0.568240092,1,simon
6078,11,incongruent,0.501562468,1,simon
6079,11,congruent,0.5014742529999999,1,simon
6080,11,incongruent,0.451406882,1,simon
6081,11,congruent,0.35129109799999997,1,simon
6082,11,incongruent,0.468193722,1,simon
6083,11,incongruent,0.501466661,1,simon
6084,11,incongruent,0.418083779,1,simon
6085,11,incongruent,0.5515821009999999,1,simon
6086,11,congruent,0.518154685,1,simon
6087,11,incongruent,0.38472154199999997,1,simon
6088,11,congruent,0.334693417,1,simon
6089,11,incongruent,0.384677577,1,simon
6090,11,congruent,0.468079504,0,simon
6091,11,incongruent,0.46810942499999997,1,simon
6092,11,congruent,0.33459392200000004,1,simon
6093,11,congruent,0.317922487,1,simon
6094,11,incongruent,0.434808882,1,simon
6095,11,congruent,0.401409603,1,simon
6096,11,congruent,0.38472691200000003,1,simon
6097,11,incongruent,0.484842559,1,simon
6098,11,incongruent,0.36791269899999995,1,simon
6099,11,incongruent,0.384678715,1,simon
6100,11,congruent,0.434791202,1,simon
6101,11,congruent,0.484811919,1,simon
6102,11,incongruent,0.31797161599999996,1,simon
6103,11,congruent,0.30131557400000003,1,simon
6104,11,incongruent,0.28463220699999997,0,simon
6105,11,incongruent,0.518169853,1,simon
6106,11,congruent,0.351351305,1,simon
6107,11,congruent,0.28464540899999996,1,simon
6108,11,incongruent,0.451412081,1,simon
6109,11,incongruent,0.367980113,1,simon
6110,11,congruent,0.367974757,1,simon
6111,11,incongruent,0.434781405,1,simon
6112,11,congruent,0.301142171,1,simon
6113,11,incongruent,0.434629494,1,simon
6114,11,incongruent,0.267887279,1,simon
6115,11,congruent,0.351317709,1,simon
6116,11,incongruent,0.25117721,0,simon
6117,11,congruent,0.401380246,1,simon
6118,11,incongruent,0.401336592,1,simon
6119,11,incongruent,0.367993091,1,simon
6120,11,congruent,0.434734827,1,simon
6121,11,incongruent,0.384667822,1,simon
6122,11,congruent,0.518158687,1,simon
6123,11,congruent,0.334623513,1,simon
6124,11,congruent,0.31796525400000003,1,simon
6125,11,congruent,0.368033423,1,simon
6126,11,congruent,0.35137003099999997,1,simon
6127,11,congruent,0.351249985,1,simon
6128,11,congruent,0.35134067399999996,1,simon
6129,11,congruent,0.31795682,1,simon
6130,11,congruent,0.334668388,1,simon
6131,11,incongruent,0.384658101,1,simon
6132,11,incongruent,0.501377586,1,simon
6133,11,incongruent,0.41804080099999996,0,simon
6134,11,congruent,0.35127270499999996,1,simon
6135,11,incongruent,0.35129227100000004,1,simon
6136,11,incongruent,0.35143934,1,simon
6137,11,incongruent,0.30126732500000003,1,simon
6138,11,incongruent,0.401335602,1,simon
6139,11,incongruent,0.484961936,1,simon
6140,11,congruent,0.384665707,1,simon
6141,11,incongruent,0.568285025,1,simon
6142,11,incongruent,0.468126193,1,simon
6143,11,congruent,0.5181971989999999,1,simon
6144,11,incongruent,0.384728768,1,simon
6145,11,congruent,0.45150065699999997,0,simon
6146,11,congruent,0.334733319,1,simon
6147,11,incongruent,0.384727847,1,simon
6148,11,congruent,0.585029507,1,simon
6149,11,congruent,0.41811303,1,simon
6150,11,incongruent,0.368074617,1,simon
6151,11,congruent,0.334671808,1,simon
6152,11,incongruent,0.451411047,1,simon
6153,11,congruent,0.351367106,1,simon
6154,11,incongruent,0.334769856,0,simon
6155,11,incongruent,0.284630654,1,simon
6156,11,congruent,0.43470662099999996,1,simon
6157,11,congruent,0.301224424,1,simon
6158,11,incongruent,0.30133831400000005,0,simon
6159,11,incongruent,0.40136518,1,simon
6160,11,congruent,0.401401325,1,simon
6161,11,congruent,0.317984912,1,simon
6162,11,congruent,0.351344375,1,simon
6163,11,congruent,0.351313908,1,simon
6164,11,incongruent,0.484827889,1,simon
6165,11,congruent,0.534814662,1,simon
6166,11,incongruent,0.35138063799999997,0,simon
6167,11,congruent,0.5014779970000001,1,simon
6168,11,incongruent,0.35136697400000005,1,simon
6169,11,incongruent,0.36798738400000003,0,simon
6170,11,congruent,0.451514696,1,simon
6171,11,congruent,0.284642461,1,simon
6172,11,incongruent,0.5181489699999999,1,simon
6173,11,incongruent,0.38468881099999996,1,simon
6174,11,congruent,0.41807470999999996,1,simon
6175,11,congruent,0.35134814999999997,1,simon
6176,11,incongruent,0.45141168499999995,1,simon
6177,11,incongruent,0.518152521,1,simon
6178,11,incongruent,0.568201598,1,simon
6179,11,congruent,0.7516541929999999,1,simon
6180,11,congruent,0.30129870799999997,1,simon
6181,11,incongruent,0.40139619499999996,1,simon
6182,11,congruent,0.368072149,1,simon
6183,11,incongruent,0.384617775,1,simon
6184,11,incongruent,0.31792900500000004,0,simon
6185,11,congruent,0.368018057,1,simon
6186,11,incongruent,0.401493403,1,simon
6187,11,incongruent,0.25129021700000004,0,simon
6188,11,congruent,0.384711025,1,simon
6189,11,incongruent,0.368016875,0,simon
6190,11,incongruent,0.434737794,1,simon
6191,11,congruent,0.334373781,1,simon
6192,11,congruent,0.418113893,1,simon
6193,11,congruent,0.334687574,1,simon
6194,11,incongruent,0.401383539,1,simon
6195,11,incongruent,0.518202669,1,simon
6196,11,congruent,0.301358009,1,simon
6197,11,incongruent,0.36806724300000004,1,simon
6198,11,incongruent,0.384738713,1,simon
6199,11,incongruent,0.418032213,1,simon
6200,11,congruent,0.418080846,1,simon
6201,11,incongruent,0.41802626299999995,1,simon
6202,11,incongruent,0.401461025,1,simon
6203,11,congruent,0.384665581,0,simon
6204,11,incongruent,0.501476291,1,simon
6205,11,congruent,0.301327874,1,simon
6206,11,congruent,0.384771048,1,simon
6207,11,congruent,0.31799265000000004,1,simon
6208,11,incongruent,0.434685419,1,simon
6209,11,incongruent,0.384693302,1,simon
6210,11,congruent,0.468191624,1,simon
6211,11,congruent,0.45151715400000003,1,simon
6212,11,incongruent,0.518267831,1,simon
6213,11,incongruent,0.28458507,1,simon
6214,11,incongruent,0.38466326,1,simon
6215,11,incongruent,0.351383333,1,simon
6216,11,incongruent,0.367995125,1,simon
6217,11,incongruent,0.334583133,1,simon
6218,11,incongruent,0.351365844,1,simon
6219,11,incongruent,0.334641209,1,simon
6220,11,congruent,0.534880943,1,simon
6221,11,congruent,0.301310674,1,simon
6222,11,incongruent,0.401414132,1,simon
6223,11,incongruent,0.351345708,1,simon
6224,11,incongruent,0.401467807,1,simon
6225,11,incongruent,0.368051709,1,simon
6226,11,congruent,0.401455871,1,simon
6227,11,congruent,0.351358842,1,simon
6228,11,incongruent,0.401373196,1,simon
6229,11,incongruent,0.451381458,1,simon
6230,11,congruent,0.384737709,1,simon
6231,11,congruent,0.334680251,1,simon
6232,11,congruent,0.351460912,1,simon
6233,11,congruent,0.351296961,1,simon
6234,11,incongruent,0.41803019999999996,1,simon
6235,11,incongruent,0.43478808700000005,1,simon
6236,11,congruent,0.33443831,1,simon
6237,11,incongruent,0.501403758,1,simon
6238,11,incongruent,0.5181774349999999,1,simon
6239,11,congruent,0.367746507,1,simon
6240,11,congruent,0.501586395,1,simon
6241,11,incongruent,0.368130229,1,simon
6242,11,congruent,0.36801646299999996,1,simon
6243,11,congruent,0.318080794,1,simon
6244,11,congruent,0.284503062,1,simon
6245,11,incongruent,0.35131865599999995,0,simon
6246,11,congruent,0.334677944,1,simon
6247,11,incongruent,0.418038181,1,simon
6248,11,incongruent,0.401496061,1,simon
6249,11,congruent,0.31809790800000004,1,simon
6250,11,congruent,0.351287691,1,simon
6251,11,congruent,0.284308047,1,simon
6252,11,congruent,0.317958223,1,simon
6253,11,congruent,0.334689118,1,simon
6254,11,incongruent,0.468131321,1,simon
6255,11,incongruent,0.468087319,1,simon
6256,11,congruent,0.401287646,1,simon
6257,11,incongruent,0.468194359,1,simon
6258,11,incongruent,0.48480569300000004,1,simon
6259,11,congruent,0.334674148,1,simon
6260,11,congruent,0.284582725,1,simon
6261,11,incongruent,0.31798463400000004,0,simon
6262,11,congruent,0.418125079,1,simon
6263,11,congruent,0.351261603,1,simon
6264,11,incongruent,0.351393026,0,simon
6265,11,congruent,0.417820951,1,simon
6266,11,congruent,0.35131823100000004,1,simon
6267,11,congruent,0.317878727,1,simon
6268,11,incongruent,0.46819315699999997,0,simon
6269,11,congruent,0.301255465,1,simon
6270,11,congruent,0.384658061,1,simon
6271,11,incongruent,0.318031405,1,simon
6272,11,congruent,0.43481839,1,simon
6273,11,congruent,0.284674989,1,simon
6274,11,congruent,0.284646433,1,simon
6275,11,congruent,0.28465529500000003,1,simon
6276,11,incongruent,0.518235385,1,simon
6277,11,congruent,0.36799974300000005,1,simon
6278,11,incongruent,0.301260953,1,simon
6279,11,incongruent,0.351310265,1,simon
6280,11,congruent,0.451399972,1,simon
6281,11,congruent,0.35130445600000004,1,simon
6282,11,incongruent,0.334722211,0,simon
6283,11,incongruent,0.5682269999999999,1,simon
6284,11,incongruent,0.284626808,1,simon
6285,11,congruent,0.40133112699999995,0,simon
6286,11,incongruent,0.468182304,1,simon
6287,11,congruent,0.384678473,1,simon
6288,11,incongruent,0.5514848889999999,1,simon
6289,11,incongruent,0.401420381,1,simon
6290,11,incongruent,0.384668656,1,simon
6291,11,incongruent,0.41806503700000003,1,simon
6292,11,congruent,0.36803400599999997,1,simon
6293,11,congruent,0.301249457,1,simon
6294,11,congruent,0.301319145,1,simon
6295,11,incongruent,0.41804669,1,simon
6296,11,incongruent,0.367985464,1,simon
6297,11,congruent,0.41812066499999995,0,simon
6298,11,congruent,0.534862482,1,simon
6299,11,incongruent,0.45143941,1,simon
6300,11,incongruent,0.40142149,1,simon
6301,11,incongruent,0.301286369,1,simon
6302,11,congruent,0.301232189,1,simon
6303,11,congruent,0.318026891,1,simon
6304,11,congruent,0.384741147,1,simon
6305,11,incongruent,0.35131138900000003,1,simon
6306,11,congruent,0.351267987,1,simon
6307,11,congruent,0.36794245000000003,1,simon
6308,11,incongruent,0.43482484699999996,1,simon
6309,11,incongruent,0.301321608,1,simon
6310,11,incongruent,0.351350126,1,simon
6311,11,congruent,0.38473446,1,simon
6312,11,incongruent,0.25121898,1,simon
6313,11,incongruent,0.351299242,0,simon
6314,11,incongruent,0.501457573,1,simon
6315,11,congruent,0.41814896599999996,1,simon
6316,11,incongruent,0.41797629399999997,1,simon
6317,11,congruent,0.35130431,1,simon
6318,11,incongruent,0.36797791,1,simon
6319,11,incongruent,0.334733116,1,simon
6320,11,congruent,0.38473823199999996,0,simon
6321,11,congruent,0.40141925900000003,1,simon
6322,11,congruent,0.451475171,1,simon
6323,11,congruent,0.368015623,1,simon
6324,11,congruent,0.36803343,1,simon
6325,11,incongruent,0.31793799,1,simon
6326,11,congruent,0.36797363,1,simon
6327,11,incongruent,0.367971946,1,simon
6328,11,incongruent,0.401418595,1,simon
6329,11,congruent,0.317926261,1,simon
6330,11,congruent,0.301261938,1,simon
6331,11,congruent,0.301226294,1,simon
6332,11,incongruent,0.30129142000000003,0,simon
6333,11,congruent,0.33470027399999996,1,simon
6334,11,congruent,0.384752405,1,simon
6335,11,congruent,0.251191178,1,simon
6336,11,incongruent,0.418072574,1,simon
6337,11,incongruent,0.21779437699999998,1,simon
6338,11,congruent,0.35138614,0,simon
6339,11,congruent,0.38475154199999995,1,simon
6340,11,congruent,0.318009411,1,simon
6341,11,incongruent,0.534951959,1,simon
6342,11,incongruent,0.401433419,1,simon
6343,11,congruent,0.368011225,1,simon
6344,11,incongruent,0.301324433,1,simon
6345,11,incongruent,0.384657139,1,simon
6346,11,incongruent,0.351213431,1,simon
6347,11,incongruent,0.384698924,1,simon
6348,11,congruent,0.551551881,1,simon
6349,11,incongruent,0.5181555959999999,1,simon
6350,11,congruent,0.501536337,1,simon
6351,11,incongruent,0.30116487200000003,0,simon
6352,11,congruent,0.384639207,1,simon
6353,11,congruent,0.31800158599999995,1,simon
6354,11,incongruent,0.5349174339999999,1,simon
6355,11,incongruent,0.33458067599999997,1,simon
6356,11,congruent,0.267851686,0,simon
6357,11,congruent,0.318033362,1,simon
6358,11,congruent,0.351301162,1,simon
6359,11,congruent,0.35135477800000003,1,simon
6360,11,congruent,0.334705788,1,simon
6361,11,incongruent,0.36801368,0,simon
6362,11,incongruent,0.451502867,1,simon
6363,11,congruent,0.334666765,1,simon
6364,11,congruent,0.33463711,1,simon
6365,11,congruent,0.334628993,1,simon
6366,11,incongruent,0.451462193,1,simon
6367,11,incongruent,0.317944787,0,simon
6368,11,congruent,0.41816161799999996,1,simon
6369,11,congruent,0.367988049,1,simon
6370,11,congruent,0.35126354400000004,1,simon
6371,11,incongruent,0.501449181,1,simon
6372,11,incongruent,0.434664133,1,simon
6373,11,incongruent,0.384756611,1,simon
6374,11,incongruent,0.368086076,1,simon
6375,11,incongruent,0.367912215,1,simon
6376,11,incongruent,0.501539583,1,simon
6377,11,congruent,0.551516302,1,simon
6378,11,incongruent,0.35140640300000003,1,simon
6379,11,incongruent,0.334577747,1,simon
6380,12,incongruent,0.618216929,1,simon
6381,12,incongruent,0.334604668,1,simon
6382,12,incongruent,0.5349260490000001,1,simon
6383,12,congruent,0.40135695800000004,1,simon
6384,12,incongruent,0.468202871,1,simon
6385,12,incongruent,0.71835274,1,simon
6386,12,congruent,0.484815293,1,simon
6387,12,incongruent,0.534880879,0,simon
6388,12,congruent,0.401409994,1,simon
6389,12,incongruent,0.55146455,1,simon
6390,12,congruent,0.351311495,1,simon
6391,12,incongruent,0.568234304,1,simon
6392,12,incongruent,0.468178287,1,simon
6393,12,incongruent,0.5015205859999999,1,simon
6394,12,congruent,0.5849901869999999,1,simon
6395,12,congruent,0.468065018,1,simon
6396,12,congruent,0.451398435,1,simon
6397,12,congruent,0.434734939,1,simon
6398,12,congruent,0.418056213,1,simon
6399,12,congruent,0.501467604,1,simon
6400,12,incongruent,0.40139430299999995,0,simon
6401,12,incongruent,0.501391472,1,simon
6402,12,incongruent,0.351336178,1,simon
6403,12,incongruent,0.501511543,1,simon
6404,12,congruent,0.38473267,1,simon
6405,12,incongruent,0.518182094,1,simon
6406,12,congruent,0.41808968900000004,1,simon
6407,12,incongruent,0.518176565,1,simon
6408,12,incongruent,0.518161853,1,simon
6409,12,congruent,0.41800128000000003,1,simon
6410,12,incongruent,0.45148348600000004,1,simon
6411,12,incongruent,0.451433208,1,simon
6412,12,congruent,0.5182288989999999,1,simon
6413,12,incongruent,0.434667521,1,simon
6414,12,incongruent,0.518194859,1,simon
6415,12,congruent,0.384740323,1,simon
6416,12,congruent,0.41813777199999996,1,simon
6417,12,congruent,0.468082912,1,simon
6418,12,incongruent,0.551605769,1,simon
6419,12,congruent,0.601595775,1,simon
6420,12,congruent,0.401421244,1,simon
6421,12,congruent,0.484818353,1,simon
6422,12,congruent,0.484797586,1,simon
6423,12,incongruent,0.5515994470000001,1,simon
6424,12,congruent,0.451459542,1,simon
6425,12,incongruent,0.534907621,1,simon
6426,12,congruent,0.501469126,1,simon
6427,12,congruent,0.384778994,1,simon
6428,12,congruent,0.368011863,1,simon
6429,12,incongruent,0.351053044,0,simon
6430,12,incongruent,0.501517063,1,simon
6431,12,congruent,0.468160907,1,simon
6432,12,congruent,0.368039393,1,simon
6433,12,incongruent,0.43475915400000004,1,simon
6434,12,congruent,0.41807644800000004,1,simon
6435,12,incongruent,0.618218209,1,simon
6436,12,incongruent,0.46799886900000004,1,simon
6437,12,congruent,0.384658711,1,simon
6438,12,congruent,0.36805612200000004,1,simon
6439,12,congruent,0.401288343,1,simon
6440,12,incongruent,0.518257133,1,simon
6441,12,congruent,0.401368572,1,simon
6442,12,congruent,0.384773259,1,simon
6443,12,incongruent,0.5849052269999999,1,simon
6444,12,congruent,0.351354374,1,simon
6445,12,congruent,0.534923335,1,simon
6446,12,congruent,0.418083263,1,simon
6447,12,incongruent,0.55152931,1,simon
6448,12,incongruent,0.334654042,1,simon
6449,12,incongruent,0.551577449,1,simon
6450,12,incongruent,0.418025869,1,simon
6451,12,congruent,0.451330826,1,simon
6452,12,incongruent,0.501518472,1,simon
6453,12,congruent,0.46821295300000004,1,simon
6454,12,congruent,0.36797156999999997,1,simon
6455,12,incongruent,0.434707218,1,simon
6456,12,congruent,0.36806860799999996,1,simon
6457,12,congruent,0.35138907,1,simon
6458,12,congruent,0.334644711,1,simon
6459,12,incongruent,0.318022345,0,simon
6460,12,incongruent,0.36802466399999995,1,simon
6461,12,congruent,0.468144252,1,simon
6462,12,incongruent,0.501464222,1,simon
6463,12,congruent,0.451423784,1,simon
6464,12,congruent,0.468178715,1,simon
6465,12,incongruent,0.7351742870000001,1,simon
6466,12,incongruent,0.384740743,1,simon
6467,12,incongruent,0.534867038,1,simon
6468,12,congruent,0.501452824,1,simon
6469,12,incongruent,0.451512187,1,simon
6470,12,incongruent,0.551532827,1,simon
6471,12,incongruent,0.651667923,1,simon
6472,12,incongruent,0.501491111,1,simon
6473,12,incongruent,0.368050678,1,simon
6474,12,incongruent,0.38471572800000003,1,simon
6475,12,incongruent,0.367714461,1,simon
6476,12,incongruent,0.468113207,1,simon
6477,12,incongruent,0.45142423400000004,1,simon
6478,12,congruent,0.418079646,1,simon
6479,12,congruent,0.401517,1,simon
6480,12,incongruent,0.5014050050000001,1,simon
6481,12,congruent,0.501540082,1,simon
6482,12,congruent,0.468070551,1,simon
6483,12,congruent,0.41811117200000003,1,simon
6484,12,incongruent,0.634877947,1,simon
6485,12,congruent,0.401386482,1,simon
6486,12,incongruent,0.551552948,1,simon
6487,12,congruent,0.468129587,1,simon
6488,12,congruent,0.368016456,1,simon
6489,12,congruent,0.367706639,1,simon
6490,12,incongruent,0.534822899,1,simon
6491,12,congruent,0.251177347,1,simon
6492,12,incongruent,0.41819637,1,simon
6493,12,incongruent,0.401450718,1,simon
6494,12,congruent,0.368041187,1,simon
6495,12,congruent,0.30103549199999996,1,simon
6496,12,incongruent,0.318012328,0,simon
6497,12,congruent,0.284572704,1,simon
6498,12,congruent,0.35131445,1,simon
6499,12,congruent,0.384751382,1,simon
6500,12,incongruent,0.351294704,1,simon
6501,12,congruent,0.551571553,1,simon
6502,12,congruent,0.334676597,1,simon
6503,12,incongruent,0.4848941,1,simon
6504,12,incongruent,0.367936079,1,simon
6505,12,incongruent,0.484772009,1,simon
6506,12,congruent,0.3513741,1,simon
6507,12,congruent,0.38466198300000004,1,simon
6508,12,congruent,0.401446696,1,simon
6509,12,incongruent,0.451471671,1,simon
6510,12,incongruent,0.434545321,1,simon
6511,12,incongruent,0.43476978000000005,1,simon
6512,12,congruent,0.50147386,1,simon
6513,12,congruent,0.384718214,1,simon
6514,12,congruent,0.43443690199999996,1,simon
6515,12,incongruent,0.43481212599999997,1,simon
6516,12,incongruent,0.568206777,1,simon
6517,12,incongruent,0.31788472,1,simon
6518,12,congruent,0.334535088,1,simon
6519,12,incongruent,0.551619032,1,simon
6520,12,congruent,0.401396596,1,simon
6521,12,incongruent,0.368065425,0,simon
6522,12,congruent,0.568318319,1,simon
6523,12,congruent,0.384641419,1,simon
6524,12,congruent,0.5515360140000001,1,simon
6525,12,incongruent,0.434773918,1,simon
6526,12,congruent,0.40141153500000004,1,simon
6527,12,incongruent,0.45135102,1,simon
6528,12,incongruent,0.484829091,1,simon
6529,12,congruent,0.41806550600000003,1,simon
6530,12,congruent,0.401346111,1,simon
6531,12,congruent,0.384694927,1,simon
6532,12,incongruent,0.43481478900000003,1,simon
6533,12,congruent,0.5849291799999999,0,simon
6534,12,incongruent,0.46810260899999995,1,simon
6535,12,congruent,1.018784251,1,simon
6536,12,incongruent,0.785161673,1,simon
6537,12,congruent,0.401377894,1,simon
6538,12,incongruent,0.46809541,1,simon
6539,12,incongruent,0.885328142,1,simon
6540,12,incongruent,0.534844457,1,simon
6541,12,incongruent,0.7351491969999999,1,simon
6542,12,incongruent,0.584833208,1,simon
6543,12,congruent,0.501464814,1,simon
6544,12,congruent,0.401411081,1,simon
6545,12,incongruent,0.501568637,1,simon
6546,12,incongruent,0.501586507,1,simon
6547,12,congruent,0.468097908,1,simon
6548,12,congruent,0.468137535,1,simon
6549,12,incongruent,0.534866258,1,simon
6550,12,incongruent,0.40144750900000004,1,simon
6551,12,incongruent,0.418045118,1,simon
6552,12,congruent,0.384667171,1,simon
6553,12,incongruent,0.501493926,1,simon
6554,12,congruent,0.31802722,1,simon
6555,12,incongruent,0.418012914,1,simon
6556,12,congruent,0.41810256900000003,1,simon
6557,12,congruent,0.468130843,1,simon
6558,12,congruent,0.468145937,1,simon
6559,12,congruent,0.384780889,1,simon
6560,12,congruent,0.46818261,1,simon
6561,12,incongruent,0.468149471,1,simon
6562,12,incongruent,0.451476343,1,simon
6563,12,congruent,0.468180829,1,simon
6564,12,congruent,0.451474174,1,simon
6565,12,incongruent,0.451499731,1,simon
6566,12,incongruent,0.434719919,1,simon
6567,12,incongruent,0.45150660699999995,1,simon
6568,12,incongruent,0.334688881,1,simon
6569,12,incongruent,0.401433824,1,simon
6570,12,incongruent,0.401378659,1,simon
6571,12,incongruent,0.45151250800000003,1,simon
6572,12,incongruent,0.334676154,0,simon
6573,12,congruent,0.467971605,1,simon
6574,12,incongruent,0.46809558399999995,1,simon
6575,12,congruent,0.434822961,1,simon
6576,12,congruent,0.33471605899999995,1,simon
6577,12,congruent,0.384704133,1,simon
6578,12,congruent,0.334671291,1,simon
6579,12,incongruent,0.451397672,1,simon
6580,12,congruent,0.434738968,1,simon
6581,12,incongruent,0.5515649989999999,1,simon
6582,12,incongruent,0.401366407,1,simon
6583,12,incongruent,0.40145187600000004,1,simon
6584,12,congruent,0.418042463,1,simon
6585,12,congruent,0.46809201100000003,1,simon
6586,12,incongruent,0.584957638,1,simon
6587,12,incongruent,0.434716904,1,simon
6588,12,congruent,0.46812134099999997,1,simon
6589,12,congruent,0.534770706,1,simon
6590,12,congruent,0.935319087,1,simon
6591,12,congruent,0.634997793,1,simon
6592,12,incongruent,1.0354848300000001,1,simon
6593,12,congruent,1.202332845,1,simon
6594,12,congruent,0.5348204409999999,1,simon
6595,12,congruent,0.36794166,1,simon
6596,12,incongruent,0.43472461900000003,1,simon
6597,12,incongruent,0.35137948,1,simon
6598,12,congruent,0.5682547530000001,1,simon
6599,12,incongruent,0.568212603,1,simon
6600,12,incongruent,0.451489252,1,simon
6601,12,incongruent,0.718459207,1,simon
6602,12,congruent,0.501469609,1,simon
6603,12,congruent,0.43474120099999997,1,simon
6604,12,congruent,0.618306155,1,simon
6605,12,incongruent,0.384772957,0,simon
6606,12,incongruent,0.41811544500000003,0,simon
6607,12,congruent,0.36808786400000004,1,simon
6608,12,incongruent,0.46819818199999996,1,simon
6609,12,congruent,0.384742588,1,simon
6610,12,congruent,0.501551335,1,simon
6611,12,incongruent,0.518167354,1,simon
6612,12,congruent,0.417734271,1,simon
6613,12,incongruent,0.401288797,1,simon
6614,12,incongruent,0.418108704,1,simon
6615,12,congruent,0.43473306,1,simon
6616,12,incongruent,0.551614783,1,simon
6617,12,congruent,0.36805742199999997,1,simon
6618,12,congruent,0.918601374,1,simon
6619,12,congruent,0.801901063,1,simon
6620,12,congruent,0.468157228,1,simon
6621,12,congruent,0.518215357,1,simon
6622,12,congruent,0.551454981,1,simon
6623,12,congruent,0.434745483,1,simon
6624,12,congruent,0.43476129100000005,1,simon
6625,12,incongruent,1.002048143,1,simon
6626,12,congruent,0.401347173,1,simon
6627,12,incongruent,0.601707789,1,simon
6628,12,congruent,0.401348534,1,simon
6629,12,incongruent,0.551472797,1,simon
6630,12,incongruent,0.5514941240000001,1,simon
6631,12,incongruent,0.618385907,1,simon
6632,12,congruent,0.601534712,1,simon
6633,12,congruent,0.65168082,1,simon
6634,12,incongruent,0.7517673079999999,1,simon
6635,12,incongruent,0.40124933700000004,1,simon
6636,12,congruent,0.384720893,1,simon
6637,12,incongruent,0.451409618,1,simon
6638,12,incongruent,0.451448963,1,simon
6639,12,incongruent,0.418155481,1,simon
6640,12,congruent,0.5348703779999999,1,simon
6641,12,incongruent,0.6684276690000001,1,simon
6642,12,incongruent,0.61828342,1,simon
6643,12,incongruent,0.5349426979999999,1,simon
6644,12,congruent,0.41808023,1,simon
6645,12,incongruent,0.96868017,1,simon
6646,12,congruent,0.9520361199999999,1,simon
6647,12,congruent,1.0854931799999998,1,simon
6648,12,congruent,0.618306956,1,simon
6649,12,incongruent,0.501543272,1,simon
6650,12,congruent,0.768521944,1,simon
6651,12,congruent,0.668409542,1,simon
6652,12,incongruent,0.785151873,1,simon
6653,12,incongruent,1.168963962,1,simon
6654,12,congruent,0.7517573169999999,1,simon
6655,12,incongruent,0.368017381,0,simon
6656,12,incongruent,0.368045203,0,simon
6657,12,incongruent,0.518086505,1,simon
6658,12,congruent,0.484879383,1,simon
6659,12,incongruent,0.45139324599999997,1,simon
6660,12,incongruent,0.468035326,1,simon
6661,12,incongruent,0.418052008,1,simon
6662,12,incongruent,0.351366353,1,simon
6663,12,congruent,0.451353017,1,simon
6664,12,incongruent,0.46814210100000003,1,simon
6665,12,congruent,0.384765902,1,simon
6666,12,incongruent,0.401401236,1,simon
6667,12,incongruent,0.401319904,1,simon
6668,12,congruent,0.484893004,1,simon
6669,12,incongruent,0.5182505310000001,1,simon
6670,12,incongruent,0.468201532,1,simon
6671,12,congruent,0.401379916,1,simon
6672,12,congruent,0.46816753499999997,1,simon
6673,12,incongruent,0.501520986,1,simon
6674,12,incongruent,0.401367751,1,simon
6675,12,congruent,0.301260435,1,simon
6676,12,congruent,0.367958144,1,simon
6677,12,incongruent,0.418099366,1,simon
6678,12,incongruent,0.48472717899999995,1,simon
6679,12,incongruent,0.468073532,1,simon
6680,12,congruent,0.5181439440000001,1,simon
6681,12,congruent,0.468182139,1,simon
6682,12,incongruent,0.568291597,1,simon
6683,12,congruent,0.484766419,1,simon
6684,12,incongruent,0.51825486,1,simon
6685,12,congruent,0.451427831,1,simon
6686,12,incongruent,0.45151170100000004,1,simon
6687,12,congruent,0.568258881,1,simon
6688,12,congruent,0.401313563,1,simon
6689,12,congruent,0.885271858,1,simon
6690,12,incongruent,0.5850002980000001,1,simon
6691,12,incongruent,0.718380308,1,simon
6692,12,incongruent,0.6182903740000001,1,simon
6693,12,congruent,0.484701679,1,simon
6694,12,congruent,0.451446522,1,simon
6695,12,incongruent,0.618192723,1,simon
6696,12,congruent,0.418063507,1,simon
6697,12,congruent,0.401396085,1,simon
6698,12,incongruent,0.484834757,1,simon
6699,12,incongruent,0.50145821,1,simon
6700,12,congruent,0.417961419,1,simon
6701,12,congruent,0.43476831,1,simon
6702,12,incongruent,0.518198919,1,simon
6703,12,incongruent,0.41815806,1,simon
6704,12,congruent,0.45155373600000004,1,simon
6705,12,incongruent,0.5682815440000001,1,simon
6706,12,congruent,0.60166891,1,simon
6707,12,incongruent,0.518195886,1,simon
6708,12,incongruent,0.451398768,1,simon
6709,12,congruent,0.568285007,1,simon
6710,12,congruent,0.418107214,1,simon
6711,12,congruent,0.401453442,1,simon
6712,12,congruent,0.401447922,1,simon
6713,12,congruent,0.384751896,1,simon
6714,12,congruent,0.835198572,1,simon
6715,13,congruent,0.5849181160000001,1,simon
6716,13,congruent,0.384615428,1,simon
6717,13,incongruent,0.451463663,1,simon
6718,13,incongruent,0.451403577,1,simon
6719,13,incongruent,0.451416481,1,simon
6720,13,congruent,0.434733687,1,simon
6721,13,incongruent,0.43481798,1,simon
6722,13,congruent,0.351391703,1,simon
6723,13,congruent,0.551566325,1,simon
6724,13,congruent,0.36796267,1,simon
6725,13,incongruent,0.368144126,0,simon
6726,13,incongruent,0.584925366,1,simon
6727,13,congruent,0.618307986,1,simon
6728,13,incongruent,0.501559685,1,simon
6729,13,congruent,0.501515253,1,simon
6730,13,incongruent,0.434667988,1,simon
6731,13,congruent,0.518181074,1,simon
6732,13,congruent,0.401450786,1,simon
6733,13,congruent,0.368029902,1,simon
6734,13,congruent,0.534839855,1,simon
6735,13,congruent,0.368036878,1,simon
6736,13,congruent,0.301339499,1,simon
6737,13,incongruent,0.334607239,0,simon
6738,13,incongruent,0.5849051670000001,1,simon
6739,13,incongruent,0.418056684,1,simon
6740,13,congruent,0.518208714,1,simon
6741,13,incongruent,0.38481219099999997,0,simon
6742,13,congruent,0.384691236,1,simon
6743,13,incongruent,0.534904545,1,simon
6744,13,congruent,0.334657426,1,simon
6745,13,congruent,0.41807415600000003,1,simon
6746,13,incongruent,0.46819530200000004,1,simon
6747,13,incongruent,0.451395308,1,simon
6748,13,congruent,0.434825742,1,simon
6749,13,congruent,0.368020222,1,simon
6750,13,congruent,0.38480631,1,simon
6751,13,congruent,0.401364526,1,simon
6752,13,congruent,0.40137539099999997,1,simon
6753,13,incongruent,0.45144912,1,simon
6754,13,incongruent,0.351321259,1,simon
6755,13,congruent,0.418090542,1,simon
6756,13,congruent,0.418100318,1,simon
6757,13,congruent,0.384722661,1,simon
6758,13,incongruent,0.48477159999999997,1,simon
6759,13,incongruent,0.48487402500000004,1,simon
6760,13,incongruent,0.451532779,1,simon
6761,13,incongruent,0.41806193999999997,0,simon
6762,13,incongruent,0.668289228,1,simon
6763,13,incongruent,0.384619608,1,simon
6764,13,incongruent,0.41809234500000003,1,simon
6765,13,incongruent,0.401384931,1,simon
6766,13,incongruent,0.434828883,1,simon
6767,13,incongruent,0.418070948,1,simon
6768,13,incongruent,0.468191365,1,simon
6769,13,congruent,0.434720475,1,simon
6770,13,congruent,0.384730257,1,simon
6771,13,incongruent,1.202398649,1,simon
6772,13,incongruent,0.351388806,1,simon
6773,13,congruent,0.35140749,1,simon
6774,13,congruent,0.418084168,1,simon
6775,13,incongruent,0.468066808,1,simon
6776,13,congruent,0.30135279800000003,1,simon
6777,13,congruent,0.334713622,1,simon
6778,13,congruent,0.384632727,1,simon
6779,13,incongruent,0.33471652999999996,1,simon
6780,13,congruent,0.40135778499999997,1,simon
6781,13,congruent,0.367967863,1,simon
6782,13,incongruent,0.384649061,1,simon
6783,13,congruent,0.368041012,1,simon
6784,13,congruent,0.317620803,1,simon
6785,13,incongruent,0.31793305299999997,0,simon
6786,13,congruent,0.334680775,1,simon
6787,13,incongruent,0.38462845900000003,1,simon
6788,13,congruent,0.484822307,1,simon
6789,13,congruent,0.35132656700000003,1,simon
6790,13,incongruent,0.267828349,0,simon
6791,13,incongruent,0.351229835,1,simon
6792,13,incongruent,0.36798062800000003,1,simon
6793,13,congruent,0.451394572,1,simon
6794,13,incongruent,0.451322053,1,simon
6795,13,congruent,0.518194364,1,simon
6796,13,congruent,0.317905139,1,simon
6797,13,incongruent,0.33474225,1,simon
6798,13,incongruent,0.31796891299999996,1,simon
6799,13,incongruent,0.45143663900000003,1,simon
6800,13,congruent,0.334582618,1,simon
6801,13,incongruent,0.38477764000000003,1,simon
6802,13,congruent,0.43473064299999997,1,simon
6803,13,incongruent,0.451390226,1,simon
6804,13,incongruent,0.33460022,1,simon
6805,13,incongruent,0.318006343,1,simon
6806,13,congruent,0.368104054,1,simon
6807,13,incongruent,0.401426268,1,simon
6808,13,incongruent,0.518185981,1,simon
6809,13,incongruent,0.43472890999999997,1,simon
6810,13,incongruent,0.368142525,1,simon
6811,13,congruent,0.501544356,1,simon
6812,13,incongruent,0.384692088,1,simon
6813,13,congruent,0.5848973620000001,0,simon
6814,13,incongruent,0.534817385,1,simon
6815,13,congruent,0.33456480299999997,1,simon
6816,13,congruent,0.51824413,1,simon
6817,13,incongruent,0.38473532899999996,1,simon
6818,13,congruent,0.518208574,1,simon
6819,13,congruent,0.384645008,1,simon
6820,13,incongruent,0.501458391,1,simon
6821,13,congruent,0.334623478,1,simon
6822,13,congruent,0.417972476,0,simon
6823,13,congruent,0.384669976,1,simon
6824,13,incongruent,0.434830483,1,simon
6825,13,incongruent,0.35135756300000004,1,simon
6826,13,congruent,0.351343801,1,simon
6827,13,incongruent,0.434825196,1,simon
6828,13,congruent,0.334643093,1,simon
6829,13,congruent,0.351213698,0,simon
6830,13,congruent,0.451504207,1,simon
6831,13,incongruent,0.451401181,1,simon
6832,13,incongruent,0.418105939,1,simon
6833,13,congruent,0.434820137,1,simon
6834,13,incongruent,0.351235714,1,simon
6835,13,incongruent,0.401451414,1,simon
6836,13,congruent,0.35132016299999996,1,simon
6837,13,congruent,0.367975375,1,simon
6838,13,congruent,0.35136053700000003,1,simon
6839,13,incongruent,0.317957973,0,simon
6840,13,incongruent,0.384692925,0,simon
6841,13,congruent,0.468121896,1,simon
6842,13,incongruent,0.401276213,1,simon
6843,13,incongruent,0.45144587,1,simon
6844,13,congruent,0.501500021,1,simon
6845,13,incongruent,0.401457911,1,simon
6846,13,incongruent,0.368048051,1,simon
6847,13,congruent,0.518239791,1,simon
6848,13,congruent,0.301292754,1,simon
6849,13,incongruent,0.368108814,0,simon
6850,13,congruent,0.334680018,1,simon
6851,13,incongruent,0.284624653,0,simon
6852,13,congruent,0.568202167,1,simon
6853,13,congruent,0.43483494899999997,1,simon
6854,13,incongruent,0.501568936,1,simon
6855,13,incongruent,0.468145691,1,simon
6856,13,incongruent,0.368028914,1,simon
6857,13,congruent,0.4180406,1,simon
6858,13,incongruent,0.53482788,1,simon
6859,13,congruent,0.41810331500000003,1,simon
6860,13,incongruent,0.351393354,1,simon
6861,13,incongruent,0.401438008,1,simon
6862,13,incongruent,0.384680023,1,simon
6863,13,congruent,0.468176147,1,simon
6864,13,incongruent,0.401315181,1,simon
6865,13,congruent,0.501526104,1,simon
6866,13,incongruent,0.40142288400000004,1,simon
6867,13,congruent,0.451454641,1,simon
6868,13,incongruent,0.518107124,1,simon
6869,13,congruent,0.801889575,1,simon
6870,13,incongruent,0.40141585700000004,1,simon
6871,13,incongruent,0.35101430299999997,1,simon
6872,13,congruent,0.301271913,1,simon
6873,13,incongruent,0.28454840000000003,0,simon
6874,13,incongruent,0.401453467,1,simon
6875,13,congruent,0.33466276800000005,1,simon
6876,13,incongruent,0.41803560599999995,1,simon
6877,13,congruent,0.40132986,1,simon
6878,13,congruent,0.317930006,1,simon
6879,13,congruent,0.301287323,1,simon
6880,13,congruent,0.317994973,1,simon
6881,13,congruent,0.31799693,1,simon
6882,13,congruent,0.30130571300000003,1,simon
6883,13,congruent,0.601621081,1,simon
6884,13,incongruent,0.401367904,1,simon
6885,13,incongruent,0.418126473,1,simon
6886,13,incongruent,0.351219942,0,simon
6887,13,incongruent,0.368083899,1,simon
6888,13,incongruent,0.384689389,1,simon
6889,13,congruent,0.5515229349999999,1,simon
6890,13,congruent,0.384681009,1,simon
6891,13,incongruent,0.418120671,1,simon
6892,13,congruent,0.401339425,1,simon
6893,13,incongruent,0.334667902,1,simon
6894,13,congruent,0.317950164,1,simon
6895,13,incongruent,0.36807073300000004,1,simon
6896,13,incongruent,0.40134563300000003,1,simon
6897,13,incongruent,0.434731647,1,simon
6898,13,incongruent,0.38465113100000003,1,simon
6899,13,congruent,0.401318307,1,simon
6900,13,incongruent,0.41809027099999996,1,simon
6901,13,incongruent,0.301281503,1,simon
6902,13,incongruent,0.334631713,1,simon
6903,13,congruent,0.468183978,1,simon
6904,13,incongruent,0.368069802,1,simon
6905,13,congruent,0.367952269,1,simon
6906,13,congruent,0.36796230100000005,1,simon
6907,13,congruent,0.401363195,1,simon
6908,13,congruent,0.451417511,1,simon
6909,13,congruent,0.33468969499999995,1,simon
6910,13,incongruent,0.251245328,1,simon
6911,13,incongruent,0.40141624000000004,1,simon
6912,13,congruent,0.45148913599999996,1,simon
6913,13,incongruent,0.31792318999999997,1,simon
6914,13,congruent,0.384716763,1,simon
6915,13,incongruent,0.384793606,1,simon
6916,13,incongruent,0.367922901,1,simon
6917,13,congruent,0.368000075,0,simon
6918,13,incongruent,0.41812338899999996,1,simon
6919,13,congruent,0.384661224,1,simon
6920,13,incongruent,0.35101993499999995,1,simon
6921,13,congruent,0.434773042,1,simon
6922,13,incongruent,0.317939275,1,simon
6923,13,congruent,0.28461522100000003,1,simon
6924,13,incongruent,0.351284641,0,simon
6925,13,congruent,0.40139673,1,simon
6926,13,congruent,0.468169672,1,simon
6927,13,congruent,0.301327586,1,simon
6928,13,congruent,0.251238441,1,simon
6929,13,congruent,0.367940357,1,simon
6930,13,incongruent,0.401440332,1,simon
6931,13,incongruent,0.38477973200000004,1,simon
6932,13,congruent,0.30122506800000004,1,simon
6933,13,congruent,0.43481573100000004,1,simon
6934,13,incongruent,0.36801538699999997,1,simon
6935,13,congruent,0.334685203,1,simon
6936,13,congruent,0.351366743,1,simon
6937,13,incongruent,0.351293166,1,simon
6938,13,congruent,0.434788124,1,simon
6939,13,congruent,0.48481992,1,simon
6940,13,congruent,0.301268526,1,simon
6941,13,congruent,0.317869095,1,simon
6942,13,congruent,0.25124935,1,simon
6943,13,incongruent,0.301214645,0,simon
6944,13,congruent,0.334728491,1,simon
6945,13,incongruent,0.3013417,0,simon
6946,13,congruent,0.41807118600000004,1,simon
6947,13,congruent,0.284589908,1,simon
6948,13,congruent,0.318031211,1,simon
6949,13,incongruent,0.38466587500000005,1,simon
6950,13,incongruent,0.31801812,1,simon
6951,13,incongruent,0.317646745,1,simon
6952,13,incongruent,0.35121812799999996,1,simon
6953,13,incongruent,0.451449769,1,simon
6954,13,congruent,0.35133739,1,simon
6955,13,congruent,0.351241362,1,simon
6956,13,incongruent,0.368065998,1,simon
6957,13,incongruent,0.31797335600000004,1,simon
6958,13,incongruent,0.45156872299999995,1,simon
6959,13,incongruent,0.501546597,1,simon
6960,13,congruent,0.368060474,1,simon
6961,13,congruent,0.418119521,1,simon
6962,13,incongruent,0.38467749700000003,1,simon
6963,13,congruent,0.418069072,0,simon
6964,13,incongruent,0.367974152,1,simon
6965,13,incongruent,0.30128125,1,simon
6966,13,congruent,0.434829541,1,simon
6967,13,incongruent,0.48465768000000004,1,simon
6968,13,congruent,0.38462025899999996,1,simon
6969,13,congruent,0.401397898,1,simon
6970,13,incongruent,0.418086084,1,simon
6971,13,congruent,0.41804508399999996,0,simon
6972,13,incongruent,0.384676306,1,simon
6973,13,incongruent,0.33470104199999995,1,simon
6974,13,incongruent,0.38475019,1,simon
6975,13,congruent,0.284610504,1,simon
6976,13,congruent,0.30126612399999997,1,simon
6977,13,congruent,0.33459463899999997,1,simon
6978,13,incongruent,0.36805288999999997,1,simon
6979,13,incongruent,0.43479199799999996,1,simon
6980,13,congruent,0.334607175,1,simon
6981,13,congruent,0.40137237,1,simon
6982,13,incongruent,0.418053415,1,simon
6983,13,congruent,0.38460300799999997,1,simon
6984,13,incongruent,0.368023241,1,simon
6985,13,congruent,0.35133856100000005,1,simon
6986,13,congruent,0.351381842,0,simon
6987,13,incongruent,0.468129399,1,simon
6988,13,incongruent,0.451417022,1,simon
6989,13,incongruent,0.384724196,1,simon
6990,13,congruent,0.368042172,1,simon
6991,13,incongruent,0.40143185,1,simon
6992,13,incongruent,0.334625287,1,simon
6993,13,congruent,0.518212751,1,simon
6994,13,congruent,0.434765162,1,simon
6995,13,congruent,0.568304308,1,simon
6996,13,incongruent,0.284638554,0,simon
6997,13,incongruent,0.434828338,1,simon
6998,13,incongruent,0.367996903,1,simon
6999,13,congruent,0.36799377299999997,1,simon
7000,13,congruent,0.434812137,0,simon
7001,13,incongruent,0.35138827,0,simon
7002,13,congruent,0.901991126,1,simon
7003,13,incongruent,0.43470443799999997,1,simon
7004,13,incongruent,0.434775627,1,simon
7005,13,congruent,0.5182254470000001,1,simon
7006,13,incongruent,0.41810553,1,simon
7007,13,incongruent,0.384760817,1,simon
7008,13,congruent,0.35135851300000004,1,simon
7009,13,incongruent,0.384645426,1,simon
7010,13,congruent,0.334676359,1,simon
7011,13,incongruent,0.351287966,1,simon
7012,13,incongruent,0.384667508,1,simon
7013,13,congruent,0.401453006,1,simon
7014,13,congruent,0.384739084,1,simon
7015,13,incongruent,0.367979915,1,simon
7016,13,incongruent,0.417841207,1,simon
7017,13,congruent,0.368119447,1,simon
7018,13,incongruent,0.334656106,1,simon
7019,13,incongruent,0.351356458,1,simon
7020,13,congruent,0.33469230099999997,1,simon
7021,13,congruent,0.3012608,1,simon
7022,13,incongruent,0.301306888,0,simon
7023,13,congruent,0.33460743000000004,1,simon
7024,13,incongruent,0.30133058799999995,0,simon
7025,13,congruent,0.48487982399999996,1,simon
7026,13,congruent,0.384737475,1,simon
7027,13,incongruent,0.484787135,1,simon
7028,13,congruent,0.384608046,1,simon
7029,13,congruent,0.518181425,1,simon
7030,13,incongruent,0.401077534,1,simon
7031,13,congruent,0.434808829,0,simon
7032,13,incongruent,0.418137304,1,simon
7033,13,congruent,0.484815475,1,simon
7034,13,congruent,0.33468156499999996,1,simon
7035,13,incongruent,0.35126213,1,simon
7036,13,incongruent,0.351369913,1,simon
7037,13,incongruent,0.451483896,1,simon
7038,13,congruent,0.368058715,1,simon
7039,13,incongruent,0.3847122,0,simon
7040,13,congruent,0.418036431,1,simon
7041,13,congruent,0.384749663,1,simon
7042,13,congruent,0.301294842,1,simon
7043,13,congruent,0.568220499,1,simon
7044,13,incongruent,0.401383568,1,simon
7045,13,incongruent,0.384671753,0,simon
7046,13,incongruent,0.8852801570000001,1,simon
7047,13,congruent,0.334696507,1,simon
7048,13,incongruent,0.451500168,1,simon
7049,13,congruent,0.40138156199999997,1,simon
7050,13,congruent,0.334634861,1,simon
7051,14,congruent,0.451438204,1,simon
7052,14,incongruent,0.38469425,1,simon
7053,14,incongruent,0.451486375,1,simon
7054,14,incongruent,0.384733742,1,simon
7055,14,incongruent,0.317993222,1,simon
7056,14,congruent,0.317944071,1,simon
7057,14,incongruent,0.28445146499999996,0,simon
7058,14,incongruent,0.401354852,1,simon
7059,14,congruent,0.334382074,1,simon
7060,14,incongruent,0.368057185,1,simon
7061,14,incongruent,0.351298626,1,simon
7062,14,incongruent,0.28457939099999996,1,simon
7063,14,congruent,0.45147653200000004,1,simon
7064,14,congruent,0.351363547,1,simon
7065,14,congruent,0.334529247,1,simon
7066,14,congruent,0.367961986,1,simon
7067,14,incongruent,0.401413631,1,simon
7068,14,incongruent,0.301007765,1,simon
7069,14,incongruent,0.33460131,1,simon
7070,14,incongruent,0.33465297800000005,1,simon
7071,14,incongruent,0.35133195100000003,1,simon
7072,14,congruent,0.401410456,1,simon
7073,14,congruent,0.601565118,1,simon
7074,14,congruent,0.31797263600000003,1,simon
7075,14,congruent,0.41803229,1,simon
7076,14,incongruent,0.418028011,1,simon
7077,14,incongruent,0.434684069,1,simon
7078,14,incongruent,0.41814197999999997,1,simon
7079,14,incongruent,0.33461782799999995,1,simon
7080,14,incongruent,0.301209804,1,simon
7081,14,congruent,0.351300453,0,simon
7082,14,congruent,0.501574132,1,simon
7083,14,congruent,0.368048716,1,simon
7084,14,congruent,0.334643499,1,simon
7085,14,incongruent,0.35131656099999997,0,simon
7086,14,congruent,0.41804532699999997,1,simon
7087,14,incongruent,0.46814157,1,simon
7088,14,incongruent,0.351326592,1,simon
7089,14,congruent,0.418024824,1,simon
7090,14,congruent,0.351377707,1,simon
7091,14,congruent,0.36798375,1,simon
7092,14,congruent,0.317973901,1,simon
7093,14,congruent,0.33465688899999996,1,simon
7094,14,congruent,0.384714303,1,simon
7095,14,incongruent,0.35140168699999996,1,simon
7096,14,congruent,0.484850299,1,simon
7097,14,incongruent,0.401334698,1,simon
7098,14,incongruent,0.318043234,1,simon
7099,14,congruent,0.40141357099999997,1,simon
7100,14,congruent,0.301304719,1,simon
7101,14,incongruent,0.334696484,1,simon
7102,14,incongruent,0.334685699,1,simon
7103,14,congruent,0.835035335,1,simon
7104,14,congruent,0.384773828,1,simon
7105,14,congruent,0.30129078,1,simon
7106,14,incongruent,0.451487032,1,simon
7107,14,incongruent,0.5182304520000001,1,simon
7108,14,congruent,0.518126746,1,simon
7109,14,incongruent,0.367894738,1,simon
7110,14,congruent,0.43481045999999995,1,simon
7111,14,congruent,0.33461429,1,simon
7112,14,incongruent,0.36797384299999997,1,simon
7113,14,congruent,0.317933863,1,simon
7114,14,incongruent,0.30130373400000005,0,simon
7115,14,incongruent,0.367998516,1,simon
7116,14,incongruent,0.418112418,1,simon
7117,14,congruent,0.3680704,1,simon
7118,14,congruent,0.301237998,1,simon
7119,14,incongruent,0.551626613,1,simon
7120,14,incongruent,0.418157397,1,simon
7121,14,incongruent,0.301265018,1,simon
7122,14,incongruent,0.317906772,1,simon
7123,14,congruent,0.334712864,1,simon
7124,14,congruent,0.267974612,1,simon
7125,14,incongruent,0.26801895000000003,1,simon
7126,14,congruent,0.351380383,1,simon
7127,14,incongruent,0.26790266,1,simon
7128,14,incongruent,0.31787988699999997,1,simon
7129,14,incongruent,0.217866996,1,simon
7130,14,congruent,0.351024192,1,simon
7131,14,incongruent,0.284619867,1,simon
7132,14,incongruent,0.30133259700000004,1,simon
7133,14,incongruent,0.267907396,1,simon
7134,14,congruent,0.40146430299999997,0,simon
7135,14,congruent,0.318014993,1,simon
7136,14,incongruent,0.35129766,1,simon
7137,14,congruent,0.318013531,1,simon
7138,14,congruent,0.251196491,1,simon
7139,14,congruent,0.33477384899999996,1,simon
7140,14,congruent,0.267849623,1,simon
7141,14,incongruent,0.38472128,1,simon
7142,14,incongruent,0.35135724199999996,1,simon
7143,14,congruent,0.384656341,1,simon
7144,14,congruent,0.251242897,0,simon
7145,14,incongruent,0.418129796,1,simon
7146,14,congruent,0.317919571,1,simon
7147,14,incongruent,0.434760231,1,simon
7148,14,congruent,0.334700239,1,simon
7149,14,incongruent,0.401296109,1,simon
7150,14,incongruent,0.418034821,1,simon
7151,14,congruent,0.31798103,1,simon
7152,14,congruent,0.284495343,1,simon
7153,14,congruent,0.33454447,1,simon
7154,14,congruent,0.334675138,1,simon
7155,14,congruent,0.368042256,1,simon
7156,14,incongruent,0.351352351,1,simon
7157,14,incongruent,0.351036985,1,simon
7158,14,congruent,0.351397042,1,simon
7159,14,congruent,0.318016044,1,simon
7160,14,incongruent,0.367966076,1,simon
7161,14,incongruent,0.334656481,1,simon
7162,14,congruent,0.301282463,1,simon
7163,14,congruent,0.434745494,1,simon
7164,14,congruent,0.317988042,1,simon
7165,14,congruent,0.284578468,1,simon
7166,14,incongruent,0.518206639,1,simon
7167,14,congruent,0.401362919,0,simon
7168,14,congruent,0.384728167,1,simon
7169,14,incongruent,0.46817849699999997,1,simon
7170,14,incongruent,0.301287596,1,simon
7171,14,congruent,0.30131444,1,simon
7172,14,incongruent,0.367988507,1,simon
7173,14,congruent,0.36806896499999997,1,simon
7174,14,incongruent,0.31792923300000003,0,simon
7175,14,congruent,0.301257025,1,simon
7176,14,incongruent,0.33467461600000004,1,simon
7177,14,incongruent,0.267867978,0,simon
7178,14,congruent,0.301255707,1,simon
7179,14,congruent,0.284543743,1,simon
7180,14,congruent,0.317923479,1,simon
7181,14,incongruent,0.885341235,1,simon
7182,14,congruent,0.51816808,1,simon
7183,14,incongruent,0.384628034,1,simon
7184,14,congruent,0.384748912,1,simon
7185,14,congruent,0.28458914399999996,1,simon
7186,14,incongruent,0.334346851,1,simon
7187,14,congruent,0.301288711,1,simon
7188,14,incongruent,0.351351543,1,simon
7189,14,congruent,0.41806865699999995,1,simon
7190,14,incongruent,0.45147908999999997,1,simon
7191,14,incongruent,0.701769242,1,simon
7192,14,incongruent,0.584885,1,simon
7193,14,incongruent,0.36793191799999997,1,simon
7194,14,congruent,0.33464434,1,simon
7195,14,congruent,0.33463991499999995,1,simon
7196,14,congruent,0.301257407,1,simon
7197,14,incongruent,0.401430106,1,simon
7198,14,congruent,0.434688619,1,simon
7199,14,congruent,0.418132876,1,simon
7200,14,congruent,0.38473954600000004,1,simon
7201,14,incongruent,0.48483585,1,simon
7202,14,incongruent,0.368064391,1,simon
7203,14,congruent,0.401398077,1,simon
7204,14,congruent,0.43474529,1,simon
7205,14,congruent,0.434783665,1,simon
7206,14,incongruent,0.501503511,1,simon
7207,14,incongruent,0.434739949,1,simon
7208,14,incongruent,0.451490884,1,simon
7209,14,incongruent,0.41814368,1,simon
7210,14,congruent,0.468102273,0,simon
7211,14,incongruent,0.30129295700000003,1,simon
7212,14,congruent,0.334699236,0,simon
7213,14,incongruent,0.7518686800000001,1,simon
7214,14,incongruent,0.334673757,1,simon
7215,14,incongruent,0.334608358,1,simon
7216,14,incongruent,0.38480474400000003,1,simon
7217,14,incongruent,0.351033315,1,simon
7218,14,congruent,0.351213363,1,simon
7219,14,congruent,0.384772116,1,simon
7220,14,incongruent,0.318014928,1,simon
7221,14,congruent,0.301227349,1,simon
7222,14,congruent,0.317896005,1,simon
7223,14,incongruent,0.317967041,1,simon
7224,14,incongruent,0.28452238,1,simon
7225,14,congruent,0.30127766500000003,1,simon
7226,14,incongruent,0.284670658,0,simon
7227,14,congruent,0.33464804800000003,1,simon
7228,14,incongruent,1.2023152609999999,1,simon
7229,14,congruent,0.451354152,1,simon
7230,14,congruent,0.31801385800000004,1,simon
7231,14,incongruent,0.401433141,1,simon
7232,14,incongruent,0.384691707,1,simon
7233,14,congruent,0.401450186,1,simon
7234,14,incongruent,0.318025821,1,simon
7235,14,incongruent,0.36805827199999996,1,simon
7236,14,congruent,0.368064732,1,simon
7237,14,congruent,0.33471328699999997,1,simon
7238,14,incongruent,0.30134483,1,simon
7239,14,congruent,0.30122211600000004,1,simon
7240,14,incongruent,0.36799234200000003,1,simon
7241,14,congruent,0.31798659900000004,1,simon
7242,14,congruent,0.45143404600000003,1,simon
7243,14,incongruent,0.33462362100000004,1,simon
7244,14,incongruent,0.685090492,1,simon
7245,14,incongruent,0.318038399,1,simon
7246,14,incongruent,0.30118034899999996,1,simon
7247,14,congruent,0.317898941,1,simon
7248,14,congruent,0.301268419,1,simon
7249,14,incongruent,0.38467675700000004,1,simon
7250,14,congruent,0.33471515,1,simon
7251,14,congruent,0.418044784,1,simon
7252,14,incongruent,0.5849091439999999,1,simon
7253,14,incongruent,0.351317592,1,simon
7254,14,congruent,0.33466969799999996,1,simon
7255,14,congruent,0.30130423100000003,1,simon
7256,14,incongruent,0.284558345,0,simon
7257,14,incongruent,0.40144218,1,simon
7258,14,incongruent,0.40138001700000003,1,simon
7259,14,incongruent,0.267966545,1,simon
7260,14,congruent,0.31808506999999997,1,simon
7261,14,incongruent,0.48486181800000006,1,simon
7262,14,incongruent,0.351303022,1,simon
7263,14,incongruent,0.367980295,1,simon
7264,14,congruent,0.250923877,1,simon
7265,14,congruent,0.284651548,1,simon
7266,14,congruent,0.284571322,1,simon
7267,14,congruent,0.30125512099999996,1,simon
7268,14,congruent,0.30130678899999996,1,simon
7269,14,congruent,0.368073491,1,simon
7270,14,incongruent,0.284575319,1,simon
7271,14,incongruent,0.384698508,1,simon
7272,14,congruent,0.301301445,1,simon
7273,14,congruent,0.334670254,1,simon
7274,14,incongruent,0.368079595,1,simon
7275,14,incongruent,0.351398715,1,simon
7276,14,incongruent,0.301331964,1,simon
7277,14,incongruent,0.284548433,1,simon
7278,14,incongruent,0.317922099,1,simon
7279,14,incongruent,0.38463957299999996,1,simon
7280,14,congruent,0.334682734,1,simon
7281,14,incongruent,0.267887498,0,simon
7282,14,congruent,0.267792106,1,simon
7283,14,incongruent,0.301297538,0,simon
7284,14,incongruent,0.368088506,1,simon
7285,14,congruent,0.36793654099999995,1,simon
7286,14,congruent,0.31795936599999997,1,simon
7287,14,congruent,0.40143116500000003,1,simon
7288,14,incongruent,0.418025007,1,simon
7289,14,congruent,0.301315807,1,simon
7290,14,incongruent,0.40135439300000003,1,simon
7291,14,incongruent,0.384758717,1,simon
7292,14,incongruent,0.334679065,1,simon
7293,14,incongruent,0.40132150899999997,1,simon
7294,14,incongruent,0.317975468,1,simon
7295,14,congruent,0.368073154,1,simon
7296,14,incongruent,0.317853183,0,simon
7297,14,incongruent,0.384636553,1,simon
7298,14,congruent,0.48479517600000005,1,simon
7299,14,incongruent,0.28464850799999997,0,simon
7300,14,congruent,0.46818244499999995,1,simon
7301,14,incongruent,0.384638107,1,simon
7302,14,congruent,0.28463827300000005,1,simon
7303,14,congruent,0.267892778,1,simon
7304,14,incongruent,0.351312385,1,simon
7305,14,congruent,0.31800974200000004,1,simon
7306,14,incongruent,0.334571483,1,simon
7307,14,incongruent,0.317978901,1,simon
7308,14,congruent,0.318015787,1,simon
7309,14,congruent,0.28456318599999997,1,simon
7310,14,congruent,0.284647054,1,simon
7311,14,congruent,0.33457433200000003,1,simon
7312,14,incongruent,0.367941026,1,simon
7313,14,incongruent,0.334621156,1,simon
7314,14,congruent,0.384754325,1,simon
7315,14,congruent,0.26758070700000003,1,simon
7316,14,congruent,0.301342647,1,simon
7317,14,congruent,0.351347505,1,simon
7318,14,congruent,0.284569264,1,simon
7319,14,congruent,0.301311555,1,simon
7320,14,congruent,0.384769959,1,simon
7321,14,congruent,0.267937561,1,simon
7322,14,incongruent,0.351305741,1,simon
7323,14,congruent,0.301339494,1,simon
7324,14,incongruent,0.201126598,0,simon
7325,14,incongruent,0.401412908,1,simon
7326,14,congruent,0.317953347,1,simon
7327,14,incongruent,0.334658913,1,simon
7328,14,congruent,1.085455171,1,simon
7329,14,congruent,0.368067708,1,simon
7330,14,incongruent,0.301283774,0,simon
7331,14,incongruent,0.434798874,1,simon
7332,14,incongruent,0.301298275,1,simon
7333,14,incongruent,0.334635925,1,simon
7334,14,incongruent,0.334659022,1,simon
7335,14,congruent,0.351396868,0,simon
7336,14,incongruent,0.30129305,1,simon
7337,14,incongruent,0.317622322,1,simon
7338,14,incongruent,0.284540505,1,simon
7339,14,congruent,0.38466354999999997,1,simon
7340,14,congruent,0.26785361999999996,1,simon
7341,14,incongruent,0.351332731,1,simon
7342,14,congruent,0.317951205,1,simon
7343,14,incongruent,0.384699207,1,simon
7344,14,congruent,0.334634516,1,simon
7345,14,congruent,0.267957487,1,simon
7346,14,congruent,0.35133177,1,simon
7347,14,incongruent,0.418112645,1,simon
7348,14,congruent,0.30127139,1,simon
7349,14,congruent,0.318033479,0,simon
7350,14,congruent,0.35131857,1,simon
7351,14,incongruent,0.251241289,1,simon
7352,14,incongruent,0.36802631,1,simon
7353,14,incongruent,0.301258888,1,simon
7354,14,incongruent,0.45141696000000003,1,simon
7355,14,congruent,0.351401863,1,simon
7356,14,incongruent,0.46818186700000003,1,simon
7357,14,congruent,0.334619576,1,simon
7358,14,incongruent,0.317964197,1,simon
7359,14,incongruent,0.267925426,1,simon
7360,14,incongruent,0.251273172,1,simon
7361,14,incongruent,0.267645782,1,simon
7362,14,congruent,0.28457800200000005,0,simon
7363,14,incongruent,0.334623154,1,simon
7364,14,congruent,0.401448877,1,simon
7365,14,incongruent,0.5515999540000001,1,simon
7366,14,congruent,0.41809977600000003,1,simon
7367,14,incongruent,0.318004337,1,simon
7368,14,congruent,0.36803842200000003,1,simon
7369,14,congruent,0.384759234,1,simon
7370,14,congruent,0.284605514,1,simon
7371,14,congruent,0.284588231,1,simon
7372,14,incongruent,0.451465025,1,simon
7373,14,incongruent,0.418178531,1,simon
7374,14,congruent,0.334588708,1,simon
7375,14,congruent,0.368072532,1,simon
7376,14,congruent,0.334609259,1,simon
7377,14,incongruent,0.351356841,1,simon
7378,14,congruent,0.317937817,1,simon
7379,14,congruent,0.284646793,1,simon
7380,14,incongruent,0.267933491,1,simon
7381,14,congruent,0.334626894,1,simon
7382,14,incongruent,0.284639385,1,simon
7383,14,incongruent,0.384657869,1,simon
7384,14,congruent,0.317974737,1,simon
7385,14,congruent,0.35130593299999996,1,simon
7386,14,congruent,0.384774418,1,simon
7387,15,incongruent,0.5848963770000001,1,simon
7388,15,congruent,0.317972374,1,simon
7389,15,congruent,0.33467722400000005,1,simon
7390,15,incongruent,0.36806412699999996,1,simon
7391,15,incongruent,0.33468715400000004,1,simon
7392,15,incongruent,0.368030802,1,simon
7393,15,incongruent,0.284632253,1,simon
7394,15,incongruent,0.317976675,1,simon
7395,15,incongruent,0.40142945300000005,1,simon
7396,15,incongruent,0.434783531,1,simon
7397,15,incongruent,0.33467684200000003,1,simon
7398,15,congruent,0.351365199,0,simon
7399,15,congruent,0.63505661,0,simon
7400,15,congruent,0.618276028,1,simon
7401,15,incongruent,0.351462565,1,simon
7402,15,congruent,0.48476723,1,simon
7403,15,congruent,0.334709285,1,simon
7404,15,congruent,0.601599036,1,simon
7405,15,incongruent,0.46809758900000004,1,simon
7406,15,incongruent,0.401419969,1,simon
7407,15,incongruent,0.384659043,1,simon
7408,15,congruent,0.31794513999999996,1,simon
7409,15,incongruent,0.384699166,1,simon
7410,15,incongruent,0.251237547,1,simon
7411,15,congruent,0.301227716,1,simon
7412,15,congruent,0.317938304,1,simon
7413,15,incongruent,0.301209821,0,simon
7414,15,congruent,0.368075427,1,simon
7415,15,congruent,0.368008136,1,simon
7416,15,congruent,0.318038743,1,simon
7417,15,congruent,0.301306384,1,simon
7418,15,incongruent,0.40138460800000003,0,simon
7419,15,congruent,0.768471111,1,simon
7420,15,incongruent,0.451437363,1,simon
7421,15,incongruent,0.418104867,1,simon
7422,15,congruent,0.31795214800000005,1,simon
7423,15,congruent,0.351304229,1,simon
7424,15,congruent,0.417932852,1,simon
7425,15,incongruent,0.317863905,0,simon
7426,15,incongruent,0.5849775519999999,1,simon
7427,15,congruent,0.36797558199999997,1,simon
7428,15,congruent,0.334629934,1,simon
7429,15,congruent,0.418032099,1,simon
7430,15,congruent,0.384655475,1,simon
7431,15,incongruent,0.451520087,1,simon
7432,15,incongruent,0.317965051,1,simon
7433,15,congruent,0.31798463400000004,0,simon
7434,15,congruent,0.418036543,0,simon
7435,15,incongruent,0.584923031,1,simon
7436,15,congruent,0.384718083,0,simon
7437,15,congruent,0.568210085,1,simon
7438,15,congruent,0.351325519,1,simon
7439,15,incongruent,0.418072246,1,simon
7440,15,incongruent,0.384710636,1,simon
7441,15,incongruent,0.434797915,1,simon
7442,15,incongruent,0.451490882,1,simon
7443,15,incongruent,0.518211136,1,simon
7444,15,congruent,0.334639115,1,simon
7445,15,incongruent,0.401350826,1,simon
7446,15,congruent,0.334639325,1,simon
7447,15,incongruent,0.384765368,1,simon
7448,15,congruent,0.434663365,1,simon
7449,15,incongruent,0.35140045400000003,1,simon
7450,15,congruent,0.368011098,1,simon
7451,15,incongruent,0.46816911499999997,1,simon
7452,15,congruent,0.418046221,1,simon
7453,15,congruent,0.41802391899999997,1,simon
7454,15,incongruent,0.318010823,0,simon
7455,15,incongruent,0.401122392,1,simon
7456,15,incongruent,0.351377724,1,simon
7457,15,incongruent,0.351414954,1,simon
7458,15,incongruent,0.38476606700000004,1,simon
7459,15,incongruent,0.351383353,1,simon
7460,15,congruent,0.501454633,1,simon
7461,15,incongruent,0.384761834,1,simon
7462,15,congruent,0.48484887099999996,1,simon
7463,15,incongruent,0.43483828,1,simon
7464,15,congruent,0.384748129,1,simon
7465,15,congruent,0.351353667,1,simon
7466,15,incongruent,0.38467063100000004,1,simon
7467,15,incongruent,0.40136136800000005,1,simon
7468,15,congruent,0.33457639299999997,1,simon
7469,15,incongruent,0.267891377,0,simon
7470,15,congruent,0.501474916,1,simon
7471,15,congruent,0.35139781,1,simon
7472,15,congruent,0.401388021,1,simon
7473,15,congruent,0.401394504,1,simon
7474,15,congruent,0.401369198,1,simon
7475,15,congruent,0.36802311600000004,1,simon
7476,15,incongruent,0.40137545,1,simon
7477,15,incongruent,0.31791080899999996,1,simon
7478,15,incongruent,0.267923319,1,simon
7479,15,congruent,0.38476016199999996,1,simon
7480,15,incongruent,0.30131088,0,simon
7481,15,incongruent,0.401311,1,simon
7482,15,incongruent,0.334653701,1,simon
7483,15,congruent,0.401062869,1,simon
7484,15,congruent,0.284608144,1,simon
7485,15,incongruent,0.33468314099999996,1,simon
7486,15,congruent,0.35134361599999997,1,simon
7487,15,congruent,0.384756143,1,simon
7488,15,congruent,0.43479774600000004,1,simon
7489,15,congruent,0.38468352,1,simon
7490,15,incongruent,0.334675432,1,simon
7491,15,incongruent,0.317957786,1,simon
7492,15,incongruent,0.284625666,1,simon
7493,15,incongruent,0.284397315,0,simon
7494,15,congruent,0.618225967,1,simon
7495,15,congruent,0.317968703,1,simon
7496,15,congruent,0.31789622300000003,1,simon
7497,15,congruent,0.318025018,1,simon
7498,15,incongruent,0.301336069,0,simon
7499,15,congruent,0.35126774,1,simon
7500,15,congruent,0.351221709,1,simon
7501,15,incongruent,0.318042728,0,simon
7502,15,congruent,0.701787034,1,simon
7503,15,incongruent,0.48487719399999996,1,simon
7504,15,congruent,0.484816409,1,simon
7505,15,incongruent,0.36798158999999997,1,simon
7506,15,congruent,0.334654705,1,simon
7507,15,incongruent,0.351312008,1,simon
7508,15,congruent,0.301327293,0,simon
7509,15,congruent,0.685096462,1,simon
7510,15,congruent,0.351298316,1,simon
7511,15,congruent,0.351353237,1,simon
7512,15,incongruent,0.33461262199999997,1,simon
7513,15,congruent,0.35131816600000004,1,simon
7514,15,incongruent,0.584963798,1,simon
7515,15,congruent,0.568171067,1,simon
7516,15,incongruent,0.40134830499999996,1,simon
7517,15,congruent,0.33459442,1,simon
7518,15,congruent,0.317932748,1,simon
7519,15,incongruent,0.41813768599999995,1,simon
7520,15,incongruent,0.46819101799999996,1,simon
7521,15,congruent,0.5850006059999999,1,simon
7522,15,congruent,0.3180162,1,simon
7523,15,congruent,0.468119545,1,simon
7524,15,congruent,0.31793873,1,simon
7525,15,incongruent,0.401415538,1,simon
7526,15,incongruent,0.384667196,1,simon
7527,15,incongruent,0.534847303,1,simon
7528,15,congruent,0.40140209099999996,1,simon
7529,15,incongruent,0.401446793,1,simon
7530,15,incongruent,0.334655298,1,simon
7531,15,incongruent,0.418056081,1,simon
7532,15,congruent,0.334661276,1,simon
7533,15,congruent,0.301238458,1,simon
7534,15,incongruent,0.317975919,0,simon
7535,15,congruent,0.367996684,1,simon
7536,15,congruent,0.31801328,1,simon
7537,15,incongruent,0.418152013,1,simon
7538,15,incongruent,0.35140828900000004,1,simon
7539,15,incongruent,0.317967708,1,simon
7540,15,congruent,0.484897377,1,simon
7541,15,incongruent,0.351235448,1,simon
7542,15,congruent,0.584926242,1,simon
7543,15,incongruent,0.451400922,1,simon
7544,15,incongruent,0.33462309900000003,1,simon
7545,15,congruent,0.317948822,1,simon
7546,15,incongruent,0.451414557,1,simon
7547,15,incongruent,0.401342219,1,simon
7548,15,incongruent,0.33459956799999996,1,simon
7549,15,incongruent,0.30131118900000003,1,simon
7550,15,incongruent,0.31795727,1,simon
7551,15,congruent,0.300950387,0,simon
7552,15,congruent,0.468207479,1,simon
7553,15,congruent,0.334697347,1,simon
7554,15,incongruent,0.40138527199999996,1,simon
7555,15,incongruent,0.384657356,1,simon
7556,15,congruent,1.2023709429999998,1,simon
7557,15,congruent,0.317931037,1,simon
7558,15,incongruent,0.33463178,1,simon
7559,15,congruent,0.334660757,0,simon
7560,15,incongruent,0.45143207,1,simon
7561,15,incongruent,0.384751769,1,simon
7562,15,incongruent,0.334525142,1,simon
7563,15,incongruent,0.46812792200000003,1,simon
7564,15,congruent,0.334639614,0,simon
7565,15,incongruent,0.368060208,1,simon
7566,15,incongruent,0.334700672,1,simon
7567,15,congruent,0.46816266100000004,1,simon
7568,15,congruent,0.30132088599999995,1,simon
7569,15,congruent,0.35121105199999997,1,simon
7570,15,congruent,0.351347743,1,simon
7571,15,congruent,0.301385427,1,simon
7572,15,incongruent,0.284563244,0,simon
7573,15,incongruent,0.434774053,1,simon
7574,15,incongruent,0.38475319,1,simon
7575,15,incongruent,0.334722877,1,simon
7576,15,incongruent,0.334710378,1,simon
7577,15,congruent,0.384670843,1,simon
7578,15,incongruent,0.451475075,1,simon
7579,15,incongruent,0.384736806,1,simon
7580,15,congruent,0.284641849,0,simon
7581,15,congruent,0.418193508,1,simon
7582,15,incongruent,0.401441956,0,simon
7583,15,incongruent,0.38467534000000003,0,simon
7584,15,congruent,0.384663606,1,simon
7585,15,congruent,0.384659823,1,simon
7586,15,congruent,0.351409866,1,simon
7587,15,congruent,0.384738048,1,simon
7588,15,congruent,0.351328927,1,simon
7589,15,incongruent,0.35132772999999995,1,simon
7590,15,congruent,0.518227816,1,simon
7591,15,congruent,0.41809740799999995,1,simon
7592,15,incongruent,0.334599211,1,simon
7593,15,incongruent,0.317922633,1,simon
7594,15,congruent,0.351283544,0,simon
7595,15,incongruent,0.384690381,1,simon
7596,15,congruent,0.5349538250000001,1,simon
7597,15,congruent,0.418139425,1,simon
7598,15,incongruent,0.484848552,1,simon
7599,15,congruent,0.367921855,0,simon
7600,15,incongruent,0.53478782,1,simon
7601,15,incongruent,0.368018173,1,simon
7602,15,congruent,0.367980279,1,simon
7603,15,congruent,0.301291926,1,simon
7604,15,incongruent,0.301273675,0,simon
7605,15,incongruent,0.368094414,1,simon
7606,15,incongruent,0.351343359,1,simon
7607,15,congruent,0.368075695,1,simon
7608,15,congruent,0.418141485,1,simon
7609,15,incongruent,0.418126259,1,simon
7610,15,congruent,0.36804636,1,simon
7611,15,incongruent,0.36803603900000004,1,simon
7612,15,incongruent,0.401330874,1,simon
7613,15,congruent,0.384743434,0,simon
7614,15,incongruent,0.401377176,1,simon
7615,15,incongruent,0.5515846,1,simon
7616,15,congruent,0.35100953399999996,1,simon
7617,15,congruent,0.33469182599999997,1,simon
7618,15,congruent,0.267966788,1,simon
7619,15,congruent,0.318010825,1,simon
7620,15,congruent,0.334648858,1,simon
7621,15,congruent,0.334682231,1,simon
7622,15,congruent,0.317876244,1,simon
7623,15,incongruent,0.451413481,1,simon
7624,15,incongruent,0.318031312,1,simon
7625,15,congruent,0.334628101,1,simon
7626,15,incongruent,0.284639069,1,simon
7627,15,incongruent,0.384591677,1,simon
7628,15,incongruent,0.36801844899999997,1,simon
7629,15,congruent,0.5015519709999999,1,simon
7630,15,congruent,0.30127957400000005,1,simon
7631,15,incongruent,0.351378505,1,simon
7632,15,incongruent,0.31799731600000003,1,simon
7633,15,congruent,0.5347800979999999,1,simon
7634,15,incongruent,0.401458335,1,simon
7635,15,incongruent,0.35135661199999996,1,simon
7636,15,congruent,0.301255374,1,simon
7637,15,congruent,0.401160325,1,simon
7638,15,incongruent,0.35132719700000004,1,simon
7639,15,incongruent,0.384669586,1,simon
7640,15,congruent,0.368044822,0,simon
7641,15,congruent,0.401423205,0,simon
7642,15,congruent,0.468130486,1,simon
7643,15,incongruent,0.451520199,1,simon
7644,15,incongruent,0.351330465,1,simon
7645,15,congruent,0.534931645,1,simon
7646,15,incongruent,0.368053754,1,simon
7647,15,congruent,0.40139959700000005,1,simon
7648,15,congruent,0.33460319800000005,1,simon
7649,15,congruent,0.334677061,1,simon
7650,15,congruent,0.384742768,1,simon
7651,15,incongruent,0.401461276,1,simon
7652,15,incongruent,0.317962391,1,simon
7653,15,congruent,0.368023533,1,simon
7654,15,congruent,0.401485197,1,simon
7655,15,incongruent,0.401424828,1,simon
7656,15,incongruent,0.38477768300000004,1,simon
7657,15,congruent,0.334592237,1,simon
7658,15,congruent,0.367992319,1,simon
7659,15,incongruent,0.351239727,1,simon
7660,15,incongruent,0.334669622,1,simon
7661,15,incongruent,0.351399566,1,simon
7662,15,incongruent,0.334638338,1,simon
7663,15,congruent,0.5015449980000001,1,simon
7664,15,congruent,0.351368595,1,simon
7665,15,incongruent,0.367970546,1,simon
7666,15,incongruent,0.368046547,1,simon
7667,15,congruent,0.5179822430000001,1,simon
7668,15,incongruent,0.401341837,1,simon
7669,15,incongruent,0.300962465,1,simon
7670,15,incongruent,0.5682803689999999,1,simon
7671,15,congruent,0.5849626960000001,1,simon
7672,15,incongruent,0.43477608300000004,0,simon
7673,15,congruent,0.30131151,1,simon
7674,15,congruent,0.334719346,1,simon
7675,15,congruent,0.317919909,1,simon
7676,15,congruent,0.31801527399999996,1,simon
7677,15,congruent,0.317903819,1,simon
7678,15,congruent,0.30122373599999996,1,simon
7679,15,congruent,0.351396909,0,simon
7680,15,incongruent,0.351374595,1,simon
7681,15,incongruent,0.38468964299999997,1,simon
7682,15,congruent,0.334359712,0,simon
7683,15,congruent,0.551554138,1,simon
7684,15,congruent,0.43445879200000004,1,simon
7685,15,congruent,0.33455678,1,simon
7686,15,congruent,0.351333302,1,simon
7687,15,incongruent,0.451504715,1,simon
7688,15,congruent,0.31799791800000005,1,simon
7689,15,incongruent,0.384651168,1,simon
7690,15,congruent,0.40144536,1,simon
7691,15,incongruent,0.318000747,1,simon
7692,15,incongruent,0.301285748,1,simon
7693,15,incongruent,0.36808628299999996,1,simon
7694,15,incongruent,0.41812823200000004,1,simon
7695,15,congruent,0.35137472200000003,1,simon
7696,15,congruent,0.384630464,1,simon
7697,15,incongruent,0.468175212,1,simon
7698,15,incongruent,0.35140200800000004,1,simon
7699,15,incongruent,0.36793840699999997,1,simon
7700,15,incongruent,0.31788025,0,simon
7701,15,incongruent,0.38476112,1,simon
7702,15,incongruent,0.31795800100000005,1,simon
7703,15,congruent,0.384750524,1,simon
7704,15,congruent,0.384691107,1,simon
7705,15,incongruent,0.401339329,1,simon
7706,15,incongruent,0.351273773,1,simon
7707,15,incongruent,0.41812589,1,simon
7708,15,congruent,0.401391675,1,simon
7709,15,congruent,0.351228051,1,simon
7710,15,congruent,0.401339843,1,simon
7711,15,congruent,0.367995046,1,simon
7712,15,incongruent,0.534748764,1,simon
7713,15,congruent,0.334602235,1,simon
7714,15,incongruent,0.351325377,0,simon
7715,15,incongruent,0.401402451,1,simon
7716,15,incongruent,0.317994298,1,simon
7717,15,congruent,0.38475135,0,simon
7718,15,congruent,0.351341075,1,simon
7719,15,congruent,0.351400302,1,simon
7720,15,incongruent,0.401282602,1,simon
7721,15,incongruent,0.418102274,1,simon
7722,15,incongruent,0.301336238,1,simon
7723,16,incongruent,0.634929897,1,simon
7724,16,incongruent,0.334519515,1,simon
7725,16,incongruent,0.301251212,1,simon
7726,16,congruent,0.318045976,0,simon
7727,16,congruent,0.317940494,1,simon
7728,16,congruent,0.284569142,1,simon
7729,16,incongruent,0.384757321,1,simon
7730,16,incongruent,0.28452182800000003,1,simon
7731,16,incongruent,0.384691006,1,simon
7732,16,incongruent,0.451447672,1,simon
7733,16,incongruent,0.35134198,1,simon
7734,16,incongruent,0.33463955900000003,1,simon
7735,16,congruent,0.401450047,1,simon
7736,16,congruent,0.367704111,1,simon
7737,16,congruent,0.33468643,1,simon
7738,16,congruent,0.401295617,1,simon
7739,16,incongruent,0.35131784499999996,0,simon
7740,16,incongruent,0.584892011,1,simon
7741,16,congruent,0.384677075,1,simon
7742,16,congruent,0.384660482,1,simon
7743,16,congruent,0.334695554,1,simon
7744,16,incongruent,0.384690574,1,simon
7745,16,incongruent,0.31793508400000003,0,simon
7746,16,congruent,0.45149557700000004,1,simon
7747,16,congruent,0.451400464,0,simon
7748,16,congruent,0.5349167539999999,1,simon
7749,16,congruent,0.317961499,1,simon
7750,16,congruent,0.351273686,1,simon
7751,16,incongruent,0.351382729,1,simon
7752,16,congruent,0.384520632,1,simon
7753,16,incongruent,0.351301718,1,simon
7754,16,incongruent,0.401298804,1,simon
7755,16,incongruent,0.568302238,1,simon
7756,16,incongruent,0.367734673,1,simon
7757,16,congruent,0.5349400719999999,1,simon
7758,16,congruent,0.368029111,1,simon
7759,16,congruent,0.36798263800000003,1,simon
7760,16,congruent,0.384728233,1,simon
7761,16,incongruent,0.434658763,1,simon
7762,16,congruent,0.351323677,1,simon
7763,16,incongruent,0.40141046999999996,1,simon
7764,16,incongruent,0.351309015,1,simon
7765,16,congruent,0.41798022300000004,1,simon
7766,16,incongruent,0.368004975,1,simon
7767,16,congruent,0.40142264499999997,1,simon
7768,16,incongruent,0.401442598,1,simon
7769,16,congruent,0.451569088,1,simon
7770,16,incongruent,0.401400078,1,simon
7771,16,incongruent,0.40135810600000005,1,simon
7772,16,congruent,0.33471182499999996,1,simon
7773,16,congruent,0.351357815,1,simon
7774,16,incongruent,0.417791706,1,simon
7775,16,congruent,0.418118654,1,simon
7776,16,incongruent,0.5347774930000001,1,simon
7777,16,incongruent,0.418064346,1,simon
7778,16,congruent,0.41806230499999997,1,simon
7779,16,incongruent,0.851930079,1,simon
7780,16,congruent,0.401349586,1,simon
7781,16,incongruent,0.384658378,1,simon
7782,16,congruent,0.301301497,1,simon
7783,16,congruent,0.35142598500000005,1,simon
7784,16,congruent,0.301337334,1,simon
7785,16,incongruent,0.418053772,1,simon
7786,16,congruent,0.418059694,1,simon
7787,16,incongruent,0.501496554,1,simon
7788,16,congruent,0.334681336,1,simon
7789,16,incongruent,0.38472180100000003,1,simon
7790,16,congruent,0.334678807,1,simon
7791,16,incongruent,0.334568698,1,simon
7792,16,congruent,0.31801496500000004,1,simon
7793,16,congruent,0.334601524,1,simon
7794,16,incongruent,0.384741331,1,simon
7795,16,incongruent,0.351373384,1,simon
7796,16,incongruent,0.40134967899999996,1,simon
7797,16,congruent,0.351451145,1,simon
7798,16,congruent,0.334653644,1,simon
7799,16,incongruent,0.367989002,0,simon
7800,16,incongruent,0.451453294,1,simon
7801,16,incongruent,0.351347882,1,simon
7802,16,congruent,0.36796403400000005,1,simon
7803,16,incongruent,0.351327204,1,simon
7804,16,congruent,0.351348903,1,simon
7805,16,congruent,0.401314574,1,simon
7806,16,incongruent,0.351368012,1,simon
7807,16,incongruent,0.384715256,1,simon
7808,16,congruent,0.417998119,1,simon
7809,16,incongruent,0.41810562900000003,1,simon
7810,16,incongruent,0.43473759100000003,1,simon
7811,16,congruent,0.368001154,1,simon
7812,16,congruent,0.418058179,1,simon
7813,16,congruent,0.334693498,1,simon
7814,16,congruent,0.351215082,1,simon
7815,16,incongruent,0.384637779,0,simon
7816,16,incongruent,0.5181848179999999,1,simon
7817,16,congruent,0.317973746,1,simon
7818,16,incongruent,0.28456486000000003,1,simon
7819,16,congruent,0.367978354,1,simon
7820,16,congruent,0.384697862,1,simon
7821,16,incongruent,0.301340954,1,simon
7822,16,incongruent,0.48482778000000004,1,simon
7823,16,incongruent,0.401366768,1,simon
7824,16,congruent,0.351293618,1,simon
7825,16,congruent,0.36803263199999997,1,simon
7826,16,congruent,0.384608208,1,simon
7827,16,congruent,0.368062385,1,simon
7828,16,incongruent,0.43481184300000003,1,simon
7829,16,congruent,0.384602607,1,simon
7830,16,incongruent,0.468135864,1,simon
7831,16,incongruent,0.401392046,1,simon
7832,16,incongruent,0.334546118,1,simon
7833,16,incongruent,0.35124385999999996,1,simon
7834,16,congruent,0.38473780599999996,1,simon
7835,16,congruent,0.451491827,1,simon
7836,16,incongruent,0.38466005200000003,1,simon
7837,16,congruent,0.35134884899999996,1,simon
7838,16,congruent,0.35137398999999997,1,simon
7839,16,congruent,0.351374687,1,simon
7840,16,incongruent,0.334559388,1,simon
7841,16,incongruent,0.451417558,1,simon
7842,16,incongruent,0.384725097,1,simon
7843,16,congruent,0.38474550199999996,1,simon
7844,16,congruent,0.418078339,1,simon
7845,16,congruent,0.384767486,1,simon
7846,16,incongruent,0.401351697,1,simon
7847,16,incongruent,0.368061404,1,simon
7848,16,incongruent,0.401364687,1,simon
7849,16,incongruent,0.418115431,1,simon
7850,16,incongruent,0.384724698,1,simon
7851,16,incongruent,0.401405318,1,simon
7852,16,congruent,0.384685832,1,simon
7853,16,congruent,0.334622151,1,simon
7854,16,incongruent,0.351352108,1,simon
7855,16,congruent,0.35131784299999996,1,simon
7856,16,incongruent,0.384723454,1,simon
7857,16,congruent,0.384638884,1,simon
7858,16,congruent,0.401434646,1,simon
7859,16,congruent,0.40141387700000003,1,simon
7860,16,incongruent,0.48480863900000004,1,simon
7861,16,congruent,0.351338707,1,simon
7862,16,incongruent,0.401421552,1,simon
7863,16,congruent,0.367906052,1,simon
7864,16,incongruent,0.367904312,1,simon
7865,16,incongruent,0.40139628299999996,1,simon
7866,16,congruent,0.40135883699999997,1,simon
7867,16,congruent,0.368022633,1,simon
7868,16,congruent,0.384698475,1,simon
7869,16,incongruent,0.40127283599999997,1,simon
7870,16,congruent,0.368028238,1,simon
7871,16,congruent,0.401401922,1,simon
7872,16,incongruent,0.351257008,0,simon
7873,16,incongruent,0.48481203900000003,1,simon
7874,16,congruent,0.401410973,1,simon
7875,16,congruent,0.351344149,1,simon
7876,16,congruent,0.267827961,0,simon
7877,16,congruent,0.635035212,1,simon
7878,16,congruent,0.31788942200000003,1,simon
7879,16,congruent,0.45135592,1,simon
7880,16,congruent,0.36801148,1,simon
7881,16,incongruent,0.501560525,1,simon
7882,16,incongruent,0.401396807,1,simon
7883,16,incongruent,0.384703497,1,simon
7884,16,congruent,0.9186428499999999,1,simon
7885,16,incongruent,0.451515506,1,simon
7886,16,incongruent,0.451492529,1,simon
7887,16,incongruent,0.367922752,1,simon
7888,16,incongruent,0.418075008,1,simon
7889,16,incongruent,0.418136666,1,simon
7890,16,incongruent,0.60169519,1,simon
7891,16,incongruent,0.434776317,1,simon
7892,16,incongruent,0.368050205,1,simon
7893,16,congruent,0.33459895,0,simon
7894,16,incongruent,0.417828116,1,simon
7895,16,congruent,0.384736575,1,simon
7896,16,incongruent,0.401401643,1,simon
7897,16,incongruent,0.384704517,1,simon
7898,16,incongruent,0.41811596900000003,1,simon
7899,16,incongruent,0.40144732099999997,1,simon
7900,16,incongruent,0.418040103,1,simon
7901,16,incongruent,0.384679401,1,simon
7902,16,congruent,0.418105556,1,simon
7903,16,incongruent,0.401358933,1,simon
7904,16,incongruent,0.401453149,1,simon
7905,16,incongruent,0.5849283000000001,1,simon
7906,16,incongruent,0.451514921,1,simon
7907,16,congruent,0.384710946,1,simon
7908,16,incongruent,0.418053463,1,simon
7909,16,incongruent,0.368070631,1,simon
7910,16,incongruent,0.41803856899999997,1,simon
7911,16,incongruent,0.384714864,1,simon
7912,16,incongruent,0.368083759,1,simon
7913,16,congruent,0.351242987,1,simon
7914,16,congruent,0.36808135399999997,1,simon
7915,16,congruent,0.301330467,1,simon
7916,16,congruent,0.334622482,1,simon
7917,16,congruent,0.384660553,1,simon
7918,16,congruent,0.384700763,1,simon
7919,16,incongruent,0.8351872220000001,1,simon
7920,16,congruent,0.317901098,1,simon
7921,16,incongruent,0.367907396,1,simon
7922,16,incongruent,0.401468951,1,simon
7923,16,incongruent,0.351297316,1,simon
7924,16,congruent,0.401359094,1,simon
7925,16,congruent,0.401405755,1,simon
7926,16,congruent,0.5682981039999999,1,simon
7927,16,congruent,0.368033464,1,simon
7928,16,congruent,0.368029564,1,simon
7929,16,incongruent,0.367950266,0,simon
7930,16,congruent,0.38462158399999996,1,simon
7931,16,congruent,0.251223803,1,simon
7932,16,incongruent,0.48485488400000004,1,simon
7933,16,incongruent,0.434729762,1,simon
7934,16,incongruent,0.418046659,1,simon
7935,16,congruent,0.401404087,1,simon
7936,16,congruent,0.351374161,1,simon
7937,16,congruent,0.334670112,1,simon
7938,16,congruent,0.6016446489999999,1,simon
7939,16,congruent,0.33472098699999997,1,simon
7940,16,incongruent,0.38445158700000004,1,simon
7941,16,congruent,0.368087214,1,simon
7942,16,congruent,0.434640105,1,simon
7943,16,congruent,0.334701668,1,simon
7944,16,congruent,0.518165403,1,simon
7945,16,incongruent,0.384690917,1,simon
7946,16,congruent,0.45144690600000004,1,simon
7947,16,incongruent,0.401367731,1,simon
7948,16,incongruent,0.351404762,1,simon
7949,16,congruent,0.418080821,1,simon
7950,16,incongruent,0.418115201,1,simon
7951,16,incongruent,0.417977968,1,simon
7952,16,congruent,0.401374193,1,simon
7953,16,incongruent,0.384657761,1,simon
7954,16,incongruent,0.35134696200000004,1,simon
7955,16,incongruent,0.384762075,1,simon
7956,16,incongruent,0.434790513,1,simon
7957,16,congruent,0.451508752,1,simon
7958,16,incongruent,0.368082547,1,simon
7959,16,congruent,0.468172781,1,simon
7960,16,congruent,0.518260282,1,simon
7961,16,incongruent,0.484852867,1,simon
7962,16,congruent,0.468019634,1,simon
7963,16,congruent,0.5515635099999999,1,simon
7964,16,congruent,0.418145751,1,simon
7965,16,incongruent,0.401357815,1,simon
7966,16,incongruent,0.384706156,1,simon
7967,16,incongruent,0.368040262,1,simon
7968,16,congruent,0.46809775400000003,1,simon
7969,16,congruent,0.651652072,1,simon
7970,16,congruent,0.368030958,1,simon
7971,16,congruent,0.33470811,1,simon
7972,16,congruent,0.36805496,1,simon
7973,16,congruent,0.434815603,1,simon
7974,16,incongruent,0.384703034,1,simon
7975,16,congruent,0.351307449,1,simon
7976,16,incongruent,0.418033204,1,simon
7977,16,congruent,0.351291121,1,simon
7978,16,congruent,0.401442878,1,simon
7979,16,congruent,0.434724242,1,simon
7980,16,incongruent,0.6683218040000001,1,simon
7981,16,congruent,0.484793504,1,simon
7982,16,incongruent,0.45142773799999997,1,simon
7983,16,incongruent,0.368063146,1,simon
7984,16,incongruent,0.468120549,1,simon
7985,16,incongruent,0.367967104,1,simon
7986,16,congruent,0.41808401199999995,1,simon
7987,16,incongruent,0.38478283900000004,0,simon
7988,16,incongruent,0.434513078,1,simon
7989,16,congruent,0.434753241,1,simon
7990,16,incongruent,0.418126074,1,simon
7991,16,congruent,0.384683379,1,simon
7992,16,incongruent,0.40129652099999996,1,simon
7993,16,congruent,0.43479102999999997,1,simon
7994,16,incongruent,0.418059713,1,simon
7995,16,congruent,0.451352574,1,simon
7996,16,incongruent,0.418049822,1,simon
7997,16,congruent,0.418082929,1,simon
7998,16,congruent,0.685063942,1,simon
7999,16,congruent,0.5181770219999999,1,simon
8000,16,congruent,0.36790547900000004,1,simon
8001,16,incongruent,0.384746584,1,simon
8002,16,incongruent,0.484847196,1,simon
8003,16,incongruent,0.418064906,1,simon
8004,16,incongruent,0.301313381,1,simon
8005,16,congruent,0.351347336,1,simon
8006,16,congruent,0.334559983,1,simon
8007,16,incongruent,0.334654394,1,simon
8008,16,incongruent,0.38469562100000004,1,simon
8009,16,congruent,0.33463227,1,simon
8010,16,incongruent,0.367973414,1,simon
8011,16,congruent,0.418074359,1,simon
8012,16,incongruent,0.434708241,1,simon
8013,16,congruent,0.401419523,1,simon
8014,16,incongruent,0.434778379,1,simon
8015,16,congruent,0.3513578,1,simon
8016,16,incongruent,0.40137969900000003,1,simon
8017,16,incongruent,0.401394482,1,simon
8018,16,incongruent,0.384608353,1,simon
8019,16,incongruent,0.418050984,1,simon
8020,16,congruent,0.368079996,1,simon
8021,16,congruent,0.367969698,1,simon
8022,16,congruent,0.401341227,1,simon
8023,16,incongruent,0.401389783,1,simon
8024,16,incongruent,0.434629207,1,simon
8025,16,incongruent,0.384685432,1,simon
8026,16,incongruent,0.351325544,1,simon
8027,16,incongruent,0.384439107,1,simon
8028,16,congruent,0.45146757200000004,1,simon
8029,16,congruent,0.334638274,1,simon
8030,16,congruent,0.368004746,1,simon
8031,16,incongruent,0.401400534,1,simon
8032,16,incongruent,0.418045868,1,simon
8033,16,incongruent,0.468045816,1,simon
8034,16,congruent,0.38466655,1,simon
8035,16,congruent,0.501480607,1,simon
8036,16,congruent,0.384735636,1,simon
8037,16,incongruent,0.43473402800000005,1,simon
8038,16,incongruent,0.38473987,1,simon
8039,16,congruent,0.43470457900000004,1,simon
8040,16,incongruent,0.45149682,1,simon
8041,16,congruent,0.38475270699999997,1,simon
8042,16,incongruent,0.418081416,1,simon
8043,16,congruent,0.36801002899999996,1,simon
8044,16,congruent,0.418063074,1,simon
8045,16,incongruent,0.401382453,1,simon
8046,16,congruent,0.48482901500000003,1,simon
8047,16,congruent,0.418123433,1,simon
8048,16,incongruent,0.434732607,1,simon
8049,16,incongruent,0.434790805,1,simon
8050,16,congruent,0.534929539,1,simon
8051,16,congruent,0.451339161,1,simon
8052,16,incongruent,0.384697861,1,simon
8053,16,congruent,0.451480036,1,simon
8054,16,incongruent,0.46809983299999997,1,simon
8055,16,congruent,0.38463491299999997,1,simon
8056,16,congruent,0.401375341,1,simon
8057,16,congruent,0.368051803,1,simon
8058,16,congruent,0.401370572,1,simon
8059,2,congruent,0.701730654,1,simon
8060,2,congruent,0.318034684,1,simon
8061,2,incongruent,0.334701781,1,simon
8062,2,incongruent,0.351285614,1,simon
8063,2,incongruent,0.41806651699999997,1,simon
8064,2,incongruent,0.434821116,1,simon
8065,2,incongruent,0.418085226,1,simon
8066,2,incongruent,0.351349397,1,simon
8067,2,congruent,0.35136487499999997,0,simon
8068,2,congruent,0.31801176299999995,1,simon
8069,2,congruent,0.384649336,1,simon
8070,2,incongruent,0.40136837200000003,1,simon
8071,2,incongruent,0.301305326,1,simon
8072,2,incongruent,0.434841997,1,simon
8073,2,congruent,0.35132268299999997,0,simon
8074,2,incongruent,0.35139924,1,simon
8075,2,incongruent,0.334534489,1,simon
8076,2,congruent,0.501580865,1,simon
8077,2,congruent,0.368015957,1,simon
8078,2,incongruent,0.451370549,1,simon
8079,2,congruent,0.384729029,1,simon
8080,2,incongruent,0.384718995,1,simon
8081,2,congruent,0.384630874,1,simon
8082,2,congruent,0.384622715,1,simon
8083,2,incongruent,0.434718513,1,simon
8084,2,congruent,0.468050524,1,simon
8085,2,congruent,0.384766287,1,simon
8086,2,congruent,0.334705013,1,simon
8087,2,incongruent,0.45143292100000004,1,simon
8088,2,congruent,0.434744568,1,simon
8089,2,incongruent,0.384730297,1,simon
8090,2,congruent,0.41803742699999996,0,simon
8091,2,congruent,0.317999596,1,simon
8092,2,congruent,0.38467254300000003,1,simon
8093,2,congruent,0.351388744,1,simon
8094,2,congruent,0.28455621400000003,1,simon
8095,2,incongruent,0.46809639,1,simon
8096,2,incongruent,0.601653093,1,simon
8097,2,congruent,0.38470770800000004,1,simon
8098,2,congruent,0.267900791,1,simon
8099,2,incongruent,0.418036786,1,simon
8100,2,incongruent,0.351345791,1,simon
8101,2,incongruent,0.35131051,1,simon
8102,2,congruent,0.35129968,1,simon
8103,2,incongruent,0.46804467699999996,1,simon
8104,2,congruent,0.451515626,1,simon
8105,2,congruent,0.35135936500000003,1,simon
8106,2,incongruent,0.551485954,1,simon
8107,2,incongruent,0.668406255,1,simon
8108,2,congruent,0.484770206,1,simon
8109,2,congruent,0.351293205,1,simon
8110,2,congruent,0.401427341,1,simon
8111,2,incongruent,0.40141945900000003,1,simon
8112,2,incongruent,0.31798668300000005,1,simon
8113,2,incongruent,0.384697636,1,simon
8114,2,incongruent,0.38462278099999997,1,simon
8115,2,congruent,0.418127847,1,simon
8116,2,congruent,0.317909719,1,simon
8117,2,incongruent,0.368031387,1,simon
8118,2,incongruent,0.301323883,1,simon
8119,2,incongruent,0.251243912,1,simon
8120,2,incongruent,0.368087834,1,simon
8121,2,congruent,0.334682282,1,simon
8122,2,congruent,0.434861604,1,simon
8123,2,incongruent,0.468089395,1,simon
8124,2,incongruent,0.35140204599999997,1,simon
8125,2,incongruent,0.38466984400000004,1,simon
8126,2,congruent,0.334707041,0,simon
8127,2,incongruent,0.418036067,1,simon
8128,2,congruent,0.367979922,0,simon
8129,2,incongruent,0.384569473,1,simon
8130,2,congruent,0.384723994,1,simon
8131,2,congruent,0.384706901,1,simon
8132,2,incongruent,0.367981744,1,simon
8133,2,congruent,0.418101015,1,simon
8134,2,incongruent,0.384730923,1,simon
8135,2,congruent,0.334636153,1,simon
8136,2,congruent,0.36805391800000004,1,simon
8137,2,incongruent,0.368020772,1,simon
8138,2,congruent,0.367978199,1,simon
8139,2,incongruent,0.418146458,1,simon
8140,2,incongruent,0.351342775,1,simon
8141,2,congruent,0.484779358,1,simon
8142,2,incongruent,0.368025562,1,simon
8143,2,congruent,0.334638663,1,simon
8144,2,congruent,0.434749194,1,simon
8145,2,congruent,0.38476028500000004,1,simon
8146,2,congruent,0.284617251,1,simon
8147,2,incongruent,0.484824223,1,simon
8148,2,congruent,0.35132947400000003,0,simon
8149,2,congruent,0.418092684,1,simon
8150,2,incongruent,0.284546422,0,simon
8151,2,congruent,0.368093673,1,simon
8152,2,congruent,0.351375943,1,simon
8153,2,congruent,0.501536459,1,simon
8154,2,incongruent,0.35133176200000005,1,simon
8155,2,incongruent,0.451204654,1,simon
8156,2,incongruent,0.367700804,1,simon
8157,2,congruent,0.384746604,1,simon
8158,2,incongruent,0.451493668,1,simon
8159,2,congruent,0.418071503,1,simon
8160,2,incongruent,0.518207729,1,simon
8161,2,incongruent,0.43487521900000004,1,simon
8162,2,incongruent,0.518087989,1,simon
8163,2,incongruent,0.384782538,1,simon
8164,2,incongruent,0.368051346,1,simon
8165,2,incongruent,0.36794799699999997,1,simon
8166,2,congruent,0.368035877,1,simon
8167,2,incongruent,0.451503856,1,simon
8168,2,congruent,0.38460614,1,simon
8169,2,congruent,0.351351294,1,simon
8170,2,congruent,0.35133435100000004,1,simon
8171,2,congruent,0.501379488,1,simon
8172,2,congruent,0.31796006699999996,1,simon
8173,2,congruent,0.301322245,1,simon
8174,2,congruent,0.384657464,1,simon
8175,2,incongruent,0.36804290300000003,1,simon
8176,2,congruent,0.384854823,1,simon
8177,2,incongruent,0.38470861300000003,1,simon
8178,2,congruent,0.33468422600000003,1,simon
8179,2,incongruent,0.267870531,1,simon
8180,2,congruent,0.301343907,1,simon
8181,2,incongruent,0.30125986,1,simon
8182,2,congruent,0.31797940399999997,1,simon
8183,2,congruent,0.317965773,1,simon
8184,2,incongruent,0.284606402,1,simon
8185,2,congruent,0.284633346,1,simon
8186,2,congruent,0.28464221900000003,1,simon
8187,2,congruent,0.317714249,1,simon
8188,2,congruent,0.418009609,1,simon
8189,2,congruent,0.334677236,1,simon
8190,2,congruent,0.31801331099999997,1,simon
8191,2,incongruent,0.35138727999999997,1,simon
8192,2,incongruent,0.33467938199999997,1,simon
8193,2,incongruent,0.451366946,1,simon
8194,2,incongruent,0.384675909,1,simon
8195,2,congruent,0.35129509400000003,0,simon
8196,2,incongruent,0.401344859,1,simon
8197,2,congruent,0.6683358660000001,1,simon
8198,2,incongruent,0.351255043,1,simon
8199,2,incongruent,0.418089976,1,simon
8200,2,incongruent,0.38468378599999997,1,simon
8201,2,congruent,0.284500925,1,simon
8202,2,congruent,0.401393395,1,simon
8203,2,incongruent,0.351339725,1,simon
8204,2,incongruent,0.31802779800000003,1,simon
8205,2,congruent,0.33467390999999996,1,simon
8206,2,congruent,0.35126559700000004,1,simon
8207,2,incongruent,0.401461546,1,simon
8208,2,incongruent,0.368054338,1,simon
8209,2,congruent,0.267872342,1,simon
8210,2,incongruent,0.36804458,1,simon
8211,2,congruent,0.26785321,1,simon
8212,2,incongruent,0.351307487,1,simon
8213,2,incongruent,0.267877113,1,simon
8214,2,incongruent,0.35134487999999997,1,simon
8215,2,congruent,0.317997749,1,simon
8216,2,incongruent,0.31799803400000004,1,simon
8217,2,congruent,0.351325805,1,simon
8218,2,congruent,0.301169268,1,simon
8219,2,incongruent,0.368092839,1,simon
8220,2,incongruent,0.367988634,1,simon
8221,2,congruent,0.33469107200000003,1,simon
8222,2,congruent,0.25125848300000003,1,simon
8223,2,incongruent,0.30124447,0,simon
8224,2,incongruent,0.33467328700000004,1,simon
8225,2,incongruent,0.351333102,0,simon
8226,2,incongruent,0.368043411,1,simon
8227,2,incongruent,0.468125199,1,simon
8228,2,congruent,0.38467799,0,simon
8229,2,congruent,0.351382224,1,simon
8230,2,incongruent,0.46818800099999996,1,simon
8231,2,incongruent,0.384688268,1,simon
8232,2,incongruent,0.351344565,1,simon
8233,2,incongruent,0.384734555,1,simon
8234,2,incongruent,0.384679354,1,simon
8235,2,congruent,0.434784515,1,simon
8236,2,congruent,0.40136453699999997,1,simon
8237,2,congruent,0.301286548,1,simon
8238,2,congruent,0.317935966,1,simon
8239,2,incongruent,0.384779164,1,simon
8240,2,congruent,0.368077898,0,simon
8241,2,incongruent,0.384738374,0,simon
8242,2,congruent,0.384453383,0,simon
8243,2,incongruent,0.5181838870000001,1,simon
8244,2,congruent,0.384446612,1,simon
8245,2,incongruent,0.43471979,1,simon
8246,2,congruent,0.384818309,1,simon
8247,2,congruent,0.384775133,1,simon
8248,2,congruent,0.31794931400000004,1,simon
8249,2,incongruent,0.38472169300000003,1,simon
8250,2,congruent,0.334699884,1,simon
8251,2,incongruent,0.334606229,0,simon
8252,2,incongruent,0.28468226199999996,1,simon
8253,2,congruent,0.334665959,1,simon
8254,2,congruent,0.334646277,1,simon
8255,2,congruent,0.368021723,0,simon
8256,2,congruent,0.484574153,1,simon
8257,2,incongruent,0.45150653999999996,1,simon
8258,2,incongruent,0.584971087,1,simon
8259,2,incongruent,0.351390311,1,simon
8260,2,incongruent,0.284652165,1,simon
8261,2,incongruent,0.301289253,1,simon
8262,2,incongruent,0.36808794499999997,1,simon
8263,2,congruent,0.41807860399999996,1,simon
8264,2,congruent,0.301233536,1,simon
8265,2,congruent,0.28459663999999996,1,simon
8266,2,incongruent,0.251202764,0,simon
8267,2,congruent,0.384694482,1,simon
8268,2,congruent,0.334643831,1,simon
8269,2,incongruent,0.417961111,1,simon
8270,2,incongruent,0.368037893,1,simon
8271,2,incongruent,0.384776999,1,simon
8272,2,incongruent,0.41804024700000003,1,simon
8273,2,incongruent,0.401371115,1,simon
8274,2,congruent,0.384749279,1,simon
8275,2,incongruent,0.36794189,1,simon
8276,2,congruent,0.368015761,1,simon
8277,2,congruent,0.318022215,1,simon
8278,2,congruent,0.351379571,1,simon
8279,2,congruent,0.33464636799999997,1,simon
8280,2,congruent,0.317899176,1,simon
8281,2,incongruent,0.367977779,1,simon
8282,2,incongruent,0.368029072,1,simon
8283,2,congruent,0.418028505,1,simon
8284,2,congruent,0.301294954,1,simon
8285,2,congruent,0.351341719,1,simon
8286,2,incongruent,0.418073677,1,simon
8287,2,congruent,0.384687145,1,simon
8288,2,incongruent,0.36803641800000003,1,simon
8289,2,congruent,0.401448527,1,simon
8290,2,congruent,0.317721343,1,simon
8291,2,incongruent,0.518178271,1,simon
8292,2,incongruent,0.384576954,1,simon
8293,2,incongruent,0.418113386,1,simon
8294,2,incongruent,0.384762043,1,simon
8295,2,incongruent,0.418108,1,simon
8296,2,incongruent,0.418093439,1,simon
8297,2,congruent,0.351275506,1,simon
8298,2,congruent,0.384619916,1,simon
8299,2,incongruent,0.418076956,1,simon
8300,2,congruent,0.418072022,1,simon
8301,2,congruent,0.43473130800000004,1,simon
8302,2,congruent,0.418058666,1,simon
8303,2,incongruent,0.46820900899999995,1,simon
8304,2,congruent,0.384704627,1,simon
8305,2,incongruent,0.401369419,1,simon
8306,2,incongruent,0.401403599,1,simon
8307,2,congruent,0.401420662,1,simon
8308,2,incongruent,0.634911071,1,simon
8309,2,congruent,0.384619715,1,simon
8310,2,congruent,0.384714491,1,simon
8311,2,congruent,0.334666535,1,simon
8312,2,congruent,0.468081775,1,simon
8313,2,congruent,0.418080442,1,simon
8314,2,congruent,0.367962362,1,simon
8315,2,incongruent,0.30127033599999997,0,simon
8316,2,congruent,0.534925039,1,simon
8317,2,incongruent,0.367981396,1,simon
8318,2,incongruent,0.334405118,1,simon
8319,2,incongruent,0.351242025,1,simon
8320,2,congruent,0.401373563,1,simon
8321,2,incongruent,0.41806678599999997,1,simon
8322,2,incongruent,0.38465278399999997,1,simon
8323,2,incongruent,0.351383468,1,simon
8324,2,incongruent,0.38470167400000005,1,simon
8325,2,incongruent,0.434761922,1,simon
8326,2,congruent,0.41808544799999997,1,simon
8327,2,congruent,0.46813894800000005,1,simon
8328,2,incongruent,0.534935316,1,simon
8329,2,congruent,0.46803839799999997,1,simon
8330,2,incongruent,0.45144217,1,simon
8331,2,incongruent,0.685070709,1,simon
8332,2,congruent,0.418130382,1,simon
8333,2,incongruent,0.351382092,1,simon
8334,2,congruent,0.434825302,1,simon
8335,2,congruent,0.46811170700000004,1,simon
8336,2,congruent,0.317973328,1,simon
8337,2,incongruent,0.317951772,1,simon
8338,2,incongruent,0.36799571099999995,1,simon
8339,2,congruent,0.651701832,1,simon
8340,2,congruent,0.334714826,1,simon
8341,2,congruent,0.35129619100000004,1,simon
8342,2,incongruent,0.301333564,1,simon
8343,2,congruent,0.33477813900000003,1,simon
8344,2,congruent,0.31800662799999996,1,simon
8345,2,incongruent,0.301241384,1,simon
8346,2,congruent,0.351293026,1,simon
8347,2,incongruent,0.334702721,0,simon
8348,2,congruent,0.35130806000000003,1,simon
8349,2,congruent,0.30132203500000004,1,simon
8350,2,incongruent,0.40145608499999996,1,simon
8351,2,incongruent,0.31801968900000005,1,simon
8352,2,incongruent,0.334533661,1,simon
8353,2,congruent,0.368037484,1,simon
8354,2,congruent,0.35135071900000003,1,simon
8355,2,incongruent,0.468177189,1,simon
8356,2,congruent,0.40142342400000003,1,simon
8357,2,congruent,0.35141885500000003,1,simon
8358,2,congruent,0.334679731,1,simon
8359,2,congruent,0.317918069,1,simon
8360,2,incongruent,0.36793325499999996,0,simon
8361,2,incongruent,0.45137568800000005,1,simon
8362,2,incongruent,0.418099489,1,simon
8363,2,congruent,0.33465466400000005,1,simon
8364,2,congruent,0.367713862,1,simon
8365,2,incongruent,0.36797431599999997,1,simon
8366,2,incongruent,0.33472156799999997,1,simon
8367,2,incongruent,0.351263804,1,simon
8368,2,incongruent,0.43479455899999997,1,simon
8369,2,congruent,0.401455938,1,simon
8370,2,incongruent,0.334626975,0,simon
8371,2,congruent,0.41811638799999995,1,simon
8372,2,incongruent,0.351374012,1,simon
8373,2,incongruent,0.368145962,1,simon
8374,2,incongruent,0.284547904,1,simon
8375,2,incongruent,0.434803361,1,simon
8376,2,congruent,0.41779999900000003,1,simon
8377,2,congruent,0.368015788,1,simon
8378,2,incongruent,0.35129184500000005,1,simon
8379,2,incongruent,0.351307808,1,simon
8380,2,incongruent,0.317896821,1,simon
8381,2,congruent,0.33460090600000003,1,simon
8382,2,congruent,0.334663079,1,simon
8383,2,incongruent,0.434797707,1,simon
8384,2,congruent,0.351324118,1,simon
8385,2,congruent,0.36804285800000003,1,simon
8386,2,congruent,0.284295107,1,simon
8387,2,congruent,0.31786449,1,simon
8388,2,incongruent,0.301254316,1,simon
8389,2,congruent,0.35138679100000003,0,simon
8390,2,incongruent,0.468048292,1,simon
8391,2,incongruent,0.418025979,1,simon
8392,2,congruent,0.368020279,1,simon
8393,2,incongruent,0.45152111500000003,1,simon
8394,2,incongruent,0.434731197,1,simon
8395,3,congruent,0.418081317,1,simon
8396,3,congruent,0.334668547,1,simon
8397,3,incongruent,0.384776384,1,simon
8398,3,congruent,0.36797774600000005,1,simon
8399,3,incongruent,0.367971348,1,simon
8400,3,incongruent,0.368050044,1,simon
8401,3,incongruent,0.40132932499999996,1,simon
8402,3,congruent,0.317988393,1,simon
8403,3,congruent,0.418105185,1,simon
8404,3,congruent,0.334584182,1,simon
8405,3,incongruent,0.36808055,1,simon
8406,3,incongruent,0.368115549,1,simon
8407,3,incongruent,0.551529869,1,simon
8408,3,congruent,0.401340606,1,simon
8409,3,congruent,0.36807456,1,simon
8410,3,incongruent,0.38468685199999997,1,simon
8411,3,congruent,0.334728073,1,simon
8412,3,congruent,0.334687163,1,simon
8413,3,incongruent,0.367990184,1,simon
8414,3,congruent,0.367988926,1,simon
8415,3,incongruent,0.41814878,1,simon
8416,3,incongruent,0.30126977499999996,1,simon
8417,3,incongruent,0.368069052,1,simon
8418,3,incongruent,0.401450765,1,simon
8419,3,congruent,0.384681176,1,simon
8420,3,incongruent,0.434719377,1,simon
8421,3,congruent,0.334719387,1,simon
8422,3,incongruent,0.351302202,1,simon
8423,3,congruent,0.317914423,1,simon
8424,3,congruent,0.317909925,1,simon
8425,3,incongruent,0.484474804,1,simon
8426,3,incongruent,0.384709928,1,simon
8427,3,congruent,0.33460279800000003,1,simon
8428,3,incongruent,0.384678483,1,simon
8429,3,congruent,0.384759607,1,simon
8430,3,congruent,0.38470739,1,simon
8431,3,incongruent,0.351311027,1,simon
8432,3,incongruent,0.35135148800000005,1,simon
8433,3,congruent,0.651657817,1,simon
8434,3,incongruent,0.451462208,1,simon
8435,3,congruent,0.534861017,0,simon
8436,3,incongruent,0.401334765,1,simon
8437,3,incongruent,0.36806900000000004,1,simon
8438,3,incongruent,0.451480989,1,simon
8439,3,congruent,0.351294579,1,simon
8440,3,incongruent,0.36798559999999997,1,simon
8441,3,incongruent,0.40146054299999995,1,simon
8442,3,congruent,0.36800476200000004,1,simon
8443,3,congruent,0.384733161,1,simon
8444,3,incongruent,0.384765008,1,simon
8445,3,congruent,0.484852654,1,simon
8446,3,congruent,0.35140664,1,simon
8447,3,congruent,0.384491291,1,simon
8448,3,congruent,0.384743632,1,simon
8449,3,incongruent,0.40136798900000004,1,simon
8450,3,congruent,0.368026547,1,simon
8451,3,congruent,0.484847467,1,simon
8452,3,incongruent,0.518143581,1,simon
8453,3,incongruent,0.36800558,1,simon
8454,3,incongruent,0.368022268,1,simon
8455,3,incongruent,0.40145781199999997,1,simon
8456,3,incongruent,0.334401236,1,simon
8457,3,incongruent,0.368070357,1,simon
8458,3,incongruent,0.35138414,1,simon
8459,3,incongruent,0.301162027,1,simon
8460,3,incongruent,0.317988116,1,simon
8461,3,congruent,0.434840111,1,simon
8462,3,congruent,0.33458149600000003,1,simon
8463,3,incongruent,0.334717035,1,simon
8464,3,incongruent,0.351303392,1,simon
8465,3,congruent,0.334610977,1,simon
8466,3,incongruent,0.351296489,1,simon
8467,3,congruent,0.351283837,1,simon
8468,3,incongruent,0.334739573,1,simon
8469,3,congruent,0.384789463,1,simon
8470,3,congruent,0.317996945,1,simon
8471,3,congruent,0.384662363,1,simon
8472,3,incongruent,0.468127691,1,simon
8473,3,congruent,0.351291489,1,simon
8474,3,incongruent,0.334690186,1,simon
8475,3,congruent,0.334677747,1,simon
8476,3,incongruent,0.334656247,1,simon
8477,3,incongruent,0.35132751300000004,1,simon
8478,3,incongruent,0.384666225,1,simon
8479,3,incongruent,0.33461933099999996,1,simon
8480,3,congruent,0.301289782,1,simon
8481,3,incongruent,0.334646774,1,simon
8482,3,congruent,0.33460243900000003,1,simon
8483,3,incongruent,0.351288851,1,simon
8484,3,incongruent,0.317877022,1,simon
8485,3,incongruent,0.334680502,1,simon
8486,3,incongruent,0.33472910100000003,1,simon
8487,3,congruent,0.36776318300000005,1,simon
8488,3,congruent,0.40137152400000004,0,simon
8489,3,congruent,0.38464234599999997,1,simon
8490,3,congruent,0.317910775,1,simon
8491,3,congruent,0.351332837,1,simon
8492,3,incongruent,0.334627542,1,simon
8493,3,incongruent,0.35143136399999997,1,simon
8494,3,congruent,0.368003327,1,simon
8495,3,congruent,0.368003629,1,simon
8496,3,congruent,0.33463849,1,simon
8497,3,congruent,0.568173812,1,simon
8498,3,congruent,0.384678141,1,simon
8499,3,incongruent,0.367967844,1,simon
8500,3,congruent,0.38467840999999997,1,simon
8501,3,congruent,0.33435150399999997,1,simon
8502,3,congruent,0.317937546,1,simon
8503,3,incongruent,0.46819779699999997,1,simon
8504,3,congruent,0.351312278,1,simon
8505,3,congruent,0.33470726300000003,1,simon
8506,3,congruent,0.35119976,1,simon
8507,3,incongruent,0.40135659500000004,1,simon
8508,3,congruent,0.351230231,1,simon
8509,3,incongruent,0.351383321,1,simon
8510,3,incongruent,0.334650721,1,simon
8511,3,congruent,0.35147548,1,simon
8512,3,congruent,0.351369141,1,simon
8513,3,congruent,0.334652896,1,simon
8514,3,incongruent,0.434762765,1,simon
8515,3,incongruent,0.40145072699999995,1,simon
8516,3,incongruent,0.36802885300000004,1,simon
8517,3,congruent,0.35137701800000004,1,simon
8518,3,incongruent,0.46808392,1,simon
8519,3,congruent,0.35121168,1,simon
8520,3,congruent,0.334689832,1,simon
8521,3,incongruent,0.418081401,1,simon
8522,3,incongruent,0.368084901,1,simon
8523,3,incongruent,0.384497526,1,simon
8524,3,congruent,0.351312638,1,simon
8525,3,congruent,0.368084834,1,simon
8526,3,incongruent,0.368014809,1,simon
8527,3,incongruent,0.41805415,1,simon
8528,3,incongruent,0.351324225,1,simon
8529,3,incongruent,0.518198026,1,simon
8530,3,congruent,0.368073869,1,simon
8531,3,incongruent,0.31791256900000003,1,simon
8532,3,congruent,0.368088505,1,simon
8533,3,congruent,0.368070589,1,simon
8534,3,incongruent,0.401406296,1,simon
8535,3,incongruent,0.384699854,1,simon
8536,3,congruent,0.384655747,1,simon
8537,3,incongruent,0.40127662199999997,1,simon
8538,3,congruent,0.384487165,1,simon
8539,3,incongruent,0.434723496,1,simon
8540,3,congruent,0.367975151,1,simon
8541,3,congruent,0.501484374,1,simon
8542,3,congruent,0.384467989,1,simon
8543,3,incongruent,0.45146041200000003,1,simon
8544,3,congruent,0.41807399700000003,1,simon
8545,3,incongruent,0.434811165,1,simon
8546,3,congruent,0.351398353,1,simon
8547,3,congruent,0.401361588,1,simon
8548,3,incongruent,0.46813040300000003,1,simon
8549,3,congruent,0.401431839,1,simon
8550,3,congruent,0.384621239,1,simon
8551,3,incongruent,0.401376172,1,simon
8552,3,congruent,0.368011868,1,simon
8553,3,incongruent,0.351361536,1,simon
8554,3,congruent,0.36805587,1,simon
8555,3,congruent,0.534876514,1,simon
8556,3,congruent,0.401392556,1,simon
8557,3,incongruent,0.368095853,1,simon
8558,3,incongruent,0.384728356,1,simon
8559,3,incongruent,0.334709347,1,simon
8560,3,congruent,0.501566486,1,simon
8561,3,incongruent,0.368074363,1,simon
8562,3,congruent,0.384668486,1,simon
8563,3,incongruent,0.634950658,1,simon
8564,3,congruent,0.401338013,1,simon
8565,3,incongruent,0.351347493,1,simon
8566,3,congruent,0.351275587,1,simon
8567,3,congruent,0.334679795,1,simon
8568,3,congruent,0.351431483,1,simon
8569,3,incongruent,0.40138668899999996,1,simon
8570,3,congruent,0.334612036,1,simon
8571,3,incongruent,0.468042218,1,simon
8572,3,incongruent,0.35136461,1,simon
8573,3,incongruent,0.351340768,1,simon
8574,3,congruent,0.40142731099999995,1,simon
8575,3,congruent,0.368080438,1,simon
8576,3,incongruent,0.418057423,1,simon
8577,3,congruent,0.334606254,1,simon
8578,3,incongruent,0.351401503,1,simon
8579,3,congruent,0.36802164,1,simon
8580,3,incongruent,0.434666213,1,simon
8581,3,incongruent,0.38477327,1,simon
8582,3,incongruent,0.48481399199999997,1,simon
8583,3,congruent,0.6183058549999999,1,simon
8584,3,congruent,0.351387523,1,simon
8585,3,incongruent,0.568238512,1,simon
8586,3,congruent,0.48483461299999997,1,simon
8587,3,congruent,0.33468084499999995,1,simon
8588,3,congruent,0.351263659,1,simon
8589,3,congruent,0.401434767,1,simon
8590,3,congruent,0.351409117,1,simon
8591,3,incongruent,0.451383602,1,simon
8592,3,incongruent,0.368054585,1,simon
8593,3,incongruent,0.368031347,1,simon
8594,3,congruent,0.451364758,1,simon
8595,3,congruent,0.40140188899999996,1,simon
8596,3,congruent,0.36807867099999997,1,simon
8597,3,incongruent,0.5181320540000001,1,simon
8598,3,incongruent,0.451360163,1,simon
8599,3,congruent,0.534868126,1,simon
8600,3,incongruent,0.36800979300000003,1,simon
8601,3,incongruent,0.351322454,1,simon
8602,3,congruent,0.40137456200000005,1,simon
8603,3,incongruent,0.401454392,1,simon
8604,3,incongruent,0.384685149,1,simon
8605,3,congruent,0.468141676,1,simon
8606,3,congruent,0.318011954,1,simon
8607,3,incongruent,0.41804245900000003,1,simon
8608,3,incongruent,0.33461569300000005,1,simon
8609,3,incongruent,0.317929458,1,simon
8610,3,incongruent,0.25124281400000004,0,simon
8611,3,congruent,0.33467041000000003,1,simon
8612,3,incongruent,0.48487051800000003,1,simon
8613,3,congruent,0.31800199199999996,1,simon
8614,3,congruent,0.401382738,1,simon
8615,3,incongruent,0.351275758,1,simon
8616,3,congruent,0.368073576,1,simon
8617,3,congruent,0.384707614,1,simon
8618,3,incongruent,0.367968524,1,simon
8619,3,incongruent,0.367967727,1,simon
8620,3,congruent,0.33460982300000003,1,simon
8621,3,incongruent,0.36797929799999995,1,simon
8622,3,incongruent,0.301318958,1,simon
8623,3,incongruent,0.351450355,1,simon
8624,3,incongruent,0.318031051,1,simon
8625,3,congruent,0.317972109,1,simon
8626,3,congruent,0.351267025,1,simon
8627,3,congruent,0.367968387,1,simon
8628,3,congruent,0.31798702300000004,1,simon
8629,3,congruent,0.301168091,1,simon
8630,3,congruent,0.33465161,1,simon
8631,3,incongruent,0.367942612,1,simon
8632,3,incongruent,0.367909895,1,simon
8633,3,incongruent,0.351372857,1,simon
8634,3,incongruent,0.33471964200000004,1,simon
8635,3,congruent,0.468137262,1,simon
8636,3,congruent,0.35134776799999995,1,simon
8637,3,congruent,0.41802225099999996,1,simon
8638,3,incongruent,0.334604593,1,simon
8639,3,incongruent,0.351349447,1,simon
8640,3,congruent,0.334649825,1,simon
8641,3,incongruent,0.36802594099999997,1,simon
8642,3,incongruent,0.384601374,1,simon
8643,3,congruent,0.351364472,1,simon
8644,3,congruent,0.384772923,1,simon
8645,3,congruent,0.368078318,1,simon
8646,3,incongruent,0.401388477,1,simon
8647,3,congruent,0.418087389,1,simon
8648,3,congruent,0.31793288599999997,1,simon
8649,3,incongruent,0.334639773,1,simon
8650,3,congruent,0.401414209,1,simon
8651,3,congruent,0.41802696300000003,1,simon
8652,3,congruent,0.501520766,1,simon
8653,3,incongruent,0.40140914400000005,1,simon
8654,3,incongruent,0.301237445,0,simon
8655,3,incongruent,0.36807602100000003,1,simon
8656,3,incongruent,0.401383987,1,simon
8657,3,congruent,0.401437411,1,simon
8658,3,congruent,0.518258984,1,simon
8659,3,incongruent,0.38475323300000003,1,simon
8660,3,congruent,0.468162486,1,simon
8661,3,congruent,0.30132274000000003,1,simon
8662,3,congruent,0.334695122,1,simon
8663,3,congruent,0.334670945,1,simon
8664,3,incongruent,0.38462233900000004,1,simon
8665,3,incongruent,0.36799142,1,simon
8666,3,congruent,0.38473834,1,simon
8667,3,congruent,0.35141136,1,simon
8668,3,incongruent,0.434812185,1,simon
8669,3,incongruent,0.368027995,1,simon
8670,3,incongruent,0.334583439,1,simon
8671,3,incongruent,0.35136642,1,simon
8672,3,congruent,0.41802568300000004,1,simon
8673,3,incongruent,0.33452507800000003,1,simon
8674,3,incongruent,0.351373611,1,simon
8675,3,incongruent,0.501572542,1,simon
8676,3,congruent,0.367955333,1,simon
8677,3,incongruent,0.36801476,1,simon
8678,3,congruent,0.28467337099999995,1,simon
8679,3,congruent,0.334636082,1,simon
8680,3,incongruent,0.31798815,0,simon
8681,3,congruent,0.317918183,1,simon
8682,3,congruent,0.36807615299999996,1,simon
8683,3,incongruent,0.38478177799999996,1,simon
8684,3,incongruent,0.284596801,1,simon
8685,3,congruent,0.40136308000000004,1,simon
8686,3,congruent,0.368054556,1,simon
8687,3,incongruent,0.401360146,1,simon
8688,3,congruent,0.368020241,1,simon
8689,3,congruent,0.367981156,1,simon
8690,3,congruent,0.584959524,1,simon
8691,3,incongruent,0.401306635,1,simon
8692,3,congruent,0.401418692,1,simon
8693,3,incongruent,0.351341462,1,simon
8694,3,incongruent,0.33467988600000004,1,simon
8695,3,incongruent,0.318012619,1,simon
8696,3,incongruent,0.368089093,1,simon
8697,3,incongruent,0.401384226,1,simon
8698,3,congruent,0.318003471,1,simon
8699,3,congruent,0.36802096,1,simon
8700,3,congruent,0.351386781,1,simon
8701,3,incongruent,0.43481325800000004,1,simon
8702,3,incongruent,0.401353063,1,simon
8703,3,congruent,0.284564249,1,simon
8704,3,congruent,0.418193395,1,simon
8705,3,incongruent,0.551549004,1,simon
8706,3,congruent,0.534881484,1,simon
8707,3,incongruent,0.33460704700000005,1,simon
8708,3,congruent,0.41812593800000003,1,simon
8709,3,congruent,0.434764038,1,simon
8710,3,incongruent,0.38464362,1,simon
8711,3,congruent,0.384682695,1,simon
8712,3,incongruent,0.35134767499999997,1,simon
8713,3,congruent,0.351366267,1,simon
8714,3,incongruent,0.368029888,1,simon
8715,3,congruent,0.384769838,1,simon
8716,3,incongruent,0.418186971,1,simon
8717,3,incongruent,0.468203382,1,simon
8718,3,incongruent,0.351346133,1,simon
8719,3,incongruent,0.33456644599999996,1,simon
8720,3,congruent,0.40142709000000004,1,simon
8721,3,incongruent,0.351287132,1,simon
8722,3,incongruent,0.351322475,1,simon
8723,3,congruent,0.351311083,1,simon
8724,3,incongruent,0.368071743,1,simon
8725,3,congruent,0.38469600800000003,1,simon
8726,3,incongruent,0.36802487100000003,1,simon
8727,3,congruent,0.384664601,1,simon
8728,3,congruent,0.334632865,1,simon
8729,3,congruent,0.38476432499999996,1,simon
8730,3,incongruent,0.518166822,1,simon
8731,4,congruent,0.484801439,1,simon
8732,4,incongruent,0.484867292,1,simon
8733,4,congruent,0.45141182300000005,1,simon
8734,4,incongruent,0.48480361699999996,1,simon
8735,4,incongruent,0.401413845,1,simon
8736,4,incongruent,0.418046197,1,simon
8737,4,congruent,0.351400717,1,simon
8738,4,incongruent,0.317938326,1,simon
8739,4,incongruent,0.417988218,1,simon
8740,4,congruent,0.43473987,1,simon
8741,4,congruent,0.501517495,1,simon
8742,4,congruent,0.41807996000000003,1,simon
8743,4,congruent,0.301243412,1,simon
8744,4,congruent,0.31789667200000005,1,simon
8745,4,incongruent,0.301283204,0,simon
8746,4,incongruent,0.451407468,1,simon
8747,4,incongruent,0.418050854,1,simon
8748,4,incongruent,0.36806030700000003,1,simon
8749,4,incongruent,0.36799537099999996,1,simon
8750,4,congruent,0.38469828100000003,0,simon
8751,4,incongruent,0.351360077,1,simon
8752,4,congruent,0.384681091,1,simon
8753,4,incongruent,0.401366649,1,simon
8754,4,incongruent,0.351384194,1,simon
8755,4,congruent,0.5682668089999999,1,simon
8756,4,incongruent,0.384763753,1,simon
8757,4,incongruent,0.384760387,1,simon
8758,4,congruent,1.0187486239999999,1,simon
8759,4,congruent,0.301275729,1,simon
8760,4,congruent,0.284582394,1,simon
8761,4,incongruent,0.267948842,0,simon
8762,4,congruent,0.40133304,1,simon
8763,4,congruent,0.401385244,1,simon
8764,4,congruent,0.284634067,1,simon
8765,4,incongruent,0.284617279,0,simon
8766,4,congruent,0.28465671099999995,1,simon
8767,4,incongruent,0.501491069,1,simon
8768,4,incongruent,0.40139603799999996,1,simon
8769,4,incongruent,0.46816548399999997,1,simon
8770,4,incongruent,0.451446953,1,simon
8771,4,incongruent,0.368020443,1,simon
8772,4,congruent,0.40131806999999997,1,simon
8773,4,incongruent,0.718431318,1,simon
8774,4,congruent,0.6016854620000001,1,simon
8775,4,congruent,0.41812779499999997,1,simon
8776,4,congruent,0.384661603,1,simon
8777,4,congruent,0.468072546,1,simon
8778,4,congruent,0.36795738,1,simon
8779,4,incongruent,0.334682362,0,simon
8780,4,congruent,0.434764274,1,simon
8781,4,incongruent,0.534838063,1,simon
8782,4,incongruent,0.568236903,1,simon
8783,4,incongruent,0.501446364,1,simon
8784,4,congruent,0.418042215,1,simon
8785,4,congruent,0.534936974,1,simon
8786,4,congruent,0.401444809,1,simon
8787,4,incongruent,1.002041153,1,simon
8788,4,congruent,0.45133944600000003,1,simon
8789,4,congruent,0.18449438599999998,1,simon
8790,4,incongruent,0.36804641,0,simon
8791,4,incongruent,0.601654923,1,simon
8792,4,incongruent,0.551493389,1,simon
8793,4,incongruent,0.284570961,1,simon
8794,4,congruent,0.30132207099999997,0,simon
8795,4,incongruent,0.468192788,1,simon
8796,4,congruent,0.45134089499999996,1,simon
8797,4,incongruent,0.384704426,1,simon
8798,4,congruent,0.40138193699999997,1,simon
8799,4,incongruent,0.41815803,1,simon
8800,4,incongruent,0.401413051,1,simon
8801,4,incongruent,0.43477199,1,simon
8802,4,congruent,0.384695759,1,simon
8803,4,congruent,0.501530115,1,simon
8804,4,incongruent,0.43482662499999997,1,simon
8805,4,congruent,0.434764629,1,simon
8806,4,congruent,0.38459397100000003,1,simon
8807,4,congruent,0.468089716,1,simon
8808,4,congruent,0.40150166200000004,1,simon
8809,4,congruent,0.36805859700000004,1,simon
8810,4,incongruent,0.368063635,0,simon
8811,4,congruent,0.40139047,1,simon
8812,4,incongruent,0.334739469,0,simon
8813,4,incongruent,0.351410534,1,simon
8814,4,incongruent,0.46817202300000005,1,simon
8815,4,incongruent,0.368067791,1,simon
8816,4,incongruent,0.468156008,1,simon
8817,4,congruent,0.46807948099999996,1,simon
8818,4,congruent,0.35130116,1,simon
8819,4,congruent,0.334638284,1,simon
8820,4,incongruent,0.501466757,1,simon
8821,4,incongruent,0.33461866199999996,1,simon
8822,4,congruent,0.501390819,1,simon
8823,4,incongruent,0.484817082,1,simon
8824,4,congruent,0.301306422,1,simon
8825,4,congruent,0.368024061,1,simon
8826,4,congruent,0.40138508,1,simon
8827,4,congruent,0.451405787,1,simon
8828,4,congruent,0.367981718,0,simon
8829,4,congruent,0.701718508,1,simon
8830,4,congruent,0.935370586,1,simon
8831,4,congruent,0.28462836399999997,1,simon
8832,4,congruent,0.43478324700000004,1,simon
8833,4,incongruent,0.46810666900000003,1,simon
8834,4,congruent,0.35132385499999996,1,simon
8835,4,incongruent,0.635023299,1,simon
8836,4,incongruent,0.985390918,1,simon
8837,4,incongruent,0.43482701500000004,1,simon
8838,4,congruent,0.251212451,0,simon
8839,4,incongruent,0.58495948,1,simon
8840,4,incongruent,0.401380868,1,simon
8841,4,incongruent,0.5849052,1,simon
8842,4,incongruent,1.2023245260000002,1,simon
8843,4,incongruent,0.868541974,1,simon
8844,4,congruent,0.38467757799999996,1,simon
8845,4,incongruent,0.584953851,1,simon
8846,4,incongruent,0.31796865,1,simon
8847,4,incongruent,0.284602731,1,simon
8848,4,incongruent,0.384737544,1,simon
8849,4,incongruent,0.451505535,1,simon
8850,4,incongruent,0.284549217,1,simon
8851,4,incongruent,0.45144882000000003,1,simon
8852,4,congruent,0.351313651,0,simon
8853,4,congruent,0.551521167,0,simon
8854,4,congruent,0.384742952,1,simon
8855,4,incongruent,0.351399478,0,simon
8856,4,incongruent,0.785078064,1,simon
8857,4,congruent,0.568259049,1,simon
8858,4,congruent,1.202303546,1,simon
8859,4,congruent,0.418030634,1,simon
8860,4,congruent,0.284506328,1,simon
8861,4,incongruent,0.48479816899999995,1,simon
8862,4,congruent,0.468158415,1,simon
8863,4,incongruent,0.484867635,1,simon
8864,4,incongruent,0.501501155,1,simon
8865,4,congruent,0.38468854599999996,0,simon
8866,4,incongruent,0.451407433,1,simon
8867,4,incongruent,0.484826751,1,simon
8868,4,congruent,0.718366697,1,simon
8869,4,incongruent,0.618360986,1,simon
8870,4,incongruent,0.384758802,1,simon
8871,4,congruent,0.33468823400000003,1,simon
8872,4,incongruent,0.451474067,1,simon
8873,4,incongruent,0.43473555900000005,1,simon
8874,4,congruent,0.36808278899999997,1,simon
8875,4,congruent,0.45147561999999997,1,simon
8876,4,incongruent,0.417792712,1,simon
8877,4,congruent,0.267858284,1,simon
8878,4,congruent,0.418040028,1,simon
8879,4,congruent,0.685023294,1,simon
8880,4,incongruent,0.434729199,1,simon
8881,4,congruent,0.6182920820000001,1,simon
8882,4,congruent,0.351246083,1,simon
8883,4,congruent,0.33460126300000004,1,simon
8884,4,congruent,0.31789878800000004,1,simon
8885,4,incongruent,0.6015902529999999,1,simon
8886,4,incongruent,0.51819097,1,simon
8887,4,incongruent,0.417802135,1,simon
8888,4,congruent,0.417785284,1,simon
8889,4,incongruent,0.468050712,1,simon
8890,4,congruent,0.618343119,1,simon
8891,4,congruent,1.202340038,1,simon
8892,4,incongruent,0.43472265,1,simon
8893,4,congruent,0.484830615,1,simon
8894,4,congruent,0.351357732,1,simon
8895,4,incongruent,0.434657602,1,simon
8896,4,congruent,0.45154528699999996,1,simon
8897,4,congruent,0.484766744,1,simon
8898,4,incongruent,0.46815798799999997,1,simon
8899,4,congruent,0.451418096,0,simon
8900,4,incongruent,0.40138060799999997,0,simon
8901,4,congruent,0.468122931,1,simon
8902,4,incongruent,0.334623723,0,simon
8903,4,incongruent,0.434641637,1,simon
8904,4,congruent,0.418140625,1,simon
8905,4,congruent,0.434800698,1,simon
8906,4,congruent,0.38470547699999996,1,simon
8907,4,congruent,0.351385652,1,simon
8908,4,congruent,0.36797614700000003,1,simon
8909,4,incongruent,0.334701977,0,simon
8910,4,congruent,0.368025684,1,simon
8911,4,incongruent,0.484498901,1,simon
8912,4,congruent,0.35135924599999996,1,simon
8913,4,congruent,0.33477810599999996,1,simon
8914,4,incongruent,0.518188359,1,simon
8915,4,congruent,0.735129669,1,simon
8916,4,incongruent,0.451484688,1,simon
8917,4,congruent,0.634983976,0,simon
8918,4,incongruent,0.901974585,1,simon
8919,4,incongruent,0.418084199,1,simon
8920,4,congruent,0.41798262399999997,1,simon
8921,4,incongruent,0.451514128,1,simon
8922,4,congruent,0.5349360870000001,1,simon
8923,4,incongruent,0.401407826,0,simon
8924,4,congruent,1.052112849,1,simon
8925,4,incongruent,0.468191706,1,simon
8926,4,congruent,0.5683642579999999,1,simon
8927,4,incongruent,0.41809805,1,simon
8928,4,incongruent,0.351287458,1,simon
8929,4,congruent,0.417983676,1,simon
8930,4,congruent,0.384668285,1,simon
8931,4,incongruent,0.635047417,1,simon
8932,4,incongruent,0.58493849,1,simon
8933,4,incongruent,0.484879572,1,simon
8934,4,congruent,0.518175576,1,simon
8935,4,incongruent,0.568213636,1,simon
8936,4,congruent,0.384674665,1,simon
8937,4,incongruent,0.451573538,1,simon
8938,4,congruent,0.40139006699999996,1,simon
8939,4,congruent,0.451428936,1,simon
8940,4,incongruent,0.48478365,1,simon
8941,4,congruent,0.35135649,1,simon
8942,4,incongruent,0.418040212,1,simon
8943,4,incongruent,0.7184323739999999,1,simon
8944,4,incongruent,0.484694544,1,simon
8945,4,incongruent,0.38477785999999997,1,simon
8946,4,incongruent,0.484797421,1,simon
8947,4,incongruent,0.418062918,1,simon
8948,4,congruent,0.451397828,1,simon
8949,4,congruent,0.818496499,1,simon
8950,4,congruent,0.868630817,1,simon
8951,4,incongruent,0.451424984,1,simon
8952,4,incongruent,0.401470505,1,simon
8953,4,congruent,0.551673485,1,simon
8954,4,congruent,0.634960691,1,simon
8955,4,congruent,0.6684205369999999,1,simon
8956,4,congruent,0.334711528,1,simon
8957,4,incongruent,0.317942634,0,simon
8958,4,congruent,0.351370343,1,simon
8959,4,congruent,0.45145252599999997,1,simon
8960,4,incongruent,0.6349567869999999,1,simon
8961,4,incongruent,0.368027264,1,simon
8962,4,congruent,0.284476447,1,simon
8963,4,incongruent,0.267887593,1,simon
8964,4,incongruent,0.317845054,1,simon
8965,4,incongruent,0.284681776,0,simon
8966,4,congruent,0.401447296,1,simon
8967,4,incongruent,0.41801140600000003,1,simon
8968,4,congruent,0.301249165,1,simon
8969,4,incongruent,0.28463714599999995,1,simon
8970,4,congruent,0.551588364,1,simon
8971,4,incongruent,0.284624405,0,simon
8972,4,congruent,0.368037186,1,simon
8973,4,incongruent,0.334675328,1,simon
8974,4,incongruent,0.484738055,1,simon
8975,4,incongruent,0.38471104500000003,1,simon
8976,4,incongruent,0.351293246,1,simon
8977,4,congruent,0.401362646,1,simon
8978,4,incongruent,0.38473835500000003,1,simon
8979,4,incongruent,0.434770425,1,simon
8980,4,congruent,0.384674077,1,simon
8981,4,congruent,0.401390242,1,simon
8982,4,congruent,0.33461654199999996,1,simon
8983,4,incongruent,0.368045018,1,simon
8984,4,congruent,0.518182632,1,simon
8985,4,incongruent,0.401412566,1,simon
8986,4,congruent,0.434809232,1,simon
8987,4,congruent,0.384637001,1,simon
8988,4,incongruent,0.551551441,1,simon
8989,4,congruent,0.61827294,1,simon
8990,4,incongruent,0.468173577,1,simon
8991,4,incongruent,0.46819211,1,simon
8992,4,incongruent,0.301169492,1,simon
8993,4,congruent,0.501543855,1,simon
8994,4,congruent,0.401454891,1,simon
8995,4,incongruent,0.418107789,1,simon
8996,4,congruent,0.384668787,1,simon
8997,4,congruent,0.30103186,1,simon
8998,4,congruent,0.367992072,1,simon
8999,4,congruent,0.48476459899999996,1,simon
9000,4,congruent,0.384381634,1,simon
9001,4,incongruent,0.267903226,0,simon
9002,4,incongruent,0.551504234,1,simon
9003,4,congruent,0.401330619,1,simon
9004,4,congruent,0.43478592400000005,1,simon
9005,4,incongruent,0.33470141000000003,1,simon
9006,4,incongruent,0.33465227399999997,0,simon
9007,4,incongruent,0.401433186,1,simon
9008,4,congruent,0.434780251,1,simon
9009,4,incongruent,0.38477137800000005,1,simon
9010,4,congruent,0.301327314,1,simon
9011,4,congruent,0.61829254,0,simon
9012,4,incongruent,0.551628903,1,simon
9013,4,congruent,0.318020482,1,simon
9014,4,incongruent,0.35132316100000005,1,simon
9015,4,congruent,0.501543949,1,simon
9016,4,incongruent,0.284578983,0,simon
9017,4,incongruent,0.685028167,1,simon
9018,4,incongruent,0.618345149,1,simon
9019,4,congruent,0.801815699,1,simon
9020,4,congruent,0.351272584,1,simon
9021,4,incongruent,0.518229904,1,simon
9022,4,incongruent,0.301256872,0,simon
9023,4,congruent,0.434775234,1,simon
9024,4,congruent,0.36801285699999997,1,simon
9025,4,incongruent,0.368056656,0,simon
9026,4,congruent,0.918679662,1,simon
9027,4,congruent,0.384597963,1,simon
9028,4,incongruent,0.45143048700000005,1,simon
9029,4,incongruent,0.368088585,1,simon
9030,4,congruent,0.48469693999999997,1,simon
9031,4,congruent,0.368046466,1,simon
9032,4,incongruent,0.38470545,0,simon
9033,4,incongruent,0.40137682799999996,1,simon
9034,4,incongruent,0.4179969,1,simon
9035,4,congruent,0.368005854,0,simon
9036,4,congruent,0.318000698,1,simon
9037,4,congruent,0.30136077299999997,1,simon
9038,4,incongruent,0.30129579100000003,0,simon
9039,4,incongruent,0.367977988,0,simon
9040,4,congruent,0.701792297,1,simon
9041,4,congruent,0.368028319,1,simon
9042,4,incongruent,0.46819228700000004,1,simon
9043,4,congruent,0.36797756299999995,1,simon
9044,4,incongruent,0.384741562,1,simon
9045,4,incongruent,0.351283049,1,simon
9046,4,incongruent,0.33471890000000004,1,simon
9047,4,incongruent,0.351296176,1,simon
9048,4,congruent,0.467837898,1,simon
9049,4,incongruent,0.468165491,1,simon
9050,4,congruent,0.568165837,1,simon
9051,4,incongruent,0.451511186,1,simon
9052,4,congruent,0.501525452,1,simon
9053,4,incongruent,0.38469985300000004,1,simon
9054,4,incongruent,0.534929321,1,simon
9055,4,incongruent,0.41813097699999996,1,simon
9056,4,congruent,0.434758713,1,simon
9057,4,congruent,0.468200483,1,simon
9058,4,congruent,0.534888556,1,simon
9059,4,congruent,0.5348412130000001,0,simon
9060,4,congruent,0.8351989139999999,1,simon
9061,4,congruent,0.568248651,1,simon
9062,4,incongruent,0.584960256,1,simon
9063,4,congruent,0.7017548259999999,1,simon
9064,4,congruent,0.41815108199999995,1,simon
9065,4,incongruent,0.634976203,1,simon
9066,4,incongruent,0.768547046,1,simon
9067,5,congruent,0.61833436,1,simon
9068,5,congruent,0.468116097,1,simon
9069,5,incongruent,0.484879543,1,simon
9070,5,incongruent,0.568117631,0,simon
9071,5,incongruent,0.484839577,1,simon
9072,5,congruent,0.41810723,1,simon
9073,5,congruent,0.401406676,1,simon
9074,5,incongruent,0.451446399,1,simon
9075,5,congruent,0.384681545,1,simon
9076,5,congruent,0.43478903100000005,1,simon
9077,5,congruent,0.43481100500000003,1,simon
9078,5,incongruent,0.434760343,1,simon
9079,5,congruent,0.434805286,1,simon
9080,5,congruent,0.551601807,1,simon
9081,5,incongruent,0.451393033,1,simon
9082,5,congruent,0.46807130999999996,1,simon
9083,5,incongruent,0.468106068,1,simon
9084,5,congruent,0.568313997,1,simon
9085,5,incongruent,0.46803481399999997,1,simon
9086,5,incongruent,0.451421324,1,simon
9087,5,incongruent,0.434790995,1,simon
9088,5,congruent,0.41810280899999996,1,simon
9089,5,congruent,0.351236542,1,simon
9090,5,incongruent,0.6516633460000001,1,simon
9091,5,congruent,0.401475747,1,simon
9092,5,incongruent,0.63496986,1,simon
9093,5,incongruent,0.434605232,1,simon
9094,5,incongruent,0.401362211,1,simon
9095,5,incongruent,0.568289815,0,simon
9096,5,incongruent,0.751815802,1,simon
9097,5,incongruent,0.601691883,1,simon
9098,5,incongruent,0.534886675,1,simon
9099,5,incongruent,0.634864016,1,simon
9100,5,congruent,0.501454221,1,simon
9101,5,congruent,0.8853326960000001,1,simon
9102,5,incongruent,0.418043673,1,simon
9103,5,congruent,0.6851230819999999,1,simon
9104,5,incongruent,0.568255747,1,simon
9105,5,incongruent,0.5181779209999999,1,simon
9106,5,congruent,0.7852129569999999,1,simon
9107,5,congruent,0.801916489,1,simon
9108,5,congruent,0.768434788,1,simon
9109,5,incongruent,0.468145382,1,simon
9110,5,congruent,0.868612032,1,simon
9111,5,congruent,0.501563251,1,simon
9112,5,incongruent,1.018712681,1,simon
9113,5,incongruent,0.484831135,1,simon
9114,5,congruent,0.40135958499999996,1,simon
9115,5,incongruent,0.634999279,1,simon
9116,5,congruent,0.434691781,1,simon
9117,5,incongruent,0.501543552,1,simon
9118,5,congruent,0.651725499,0,simon
9119,5,congruent,0.518150305,1,simon
9120,5,congruent,0.46819863700000003,1,simon
9121,5,incongruent,0.5015306110000001,1,simon
9122,5,congruent,0.551516861,1,simon
9123,5,incongruent,0.41809729599999995,1,simon
9124,5,congruent,0.451398157,1,simon
9125,5,incongruent,0.367986027,1,simon
9126,5,congruent,0.40145343,1,simon
9127,5,incongruent,0.43479164200000003,1,simon
9128,5,congruent,0.384673255,1,simon
9129,5,congruent,1.202353188,1,simon
9130,5,congruent,0.434706704,1,simon
9131,5,congruent,0.418054459,1,simon
9132,5,incongruent,0.367952062,1,simon
9133,5,congruent,0.36807949300000004,1,simon
9134,5,incongruent,0.401392916,0,simon
9135,5,congruent,0.5682980750000001,1,simon
9136,5,congruent,0.48477767499999996,1,simon
9137,5,congruent,0.40146856200000003,1,simon
9138,5,congruent,0.368083175,1,simon
9139,5,congruent,0.401342585,1,simon
9140,5,congruent,0.33459629999999996,1,simon
9141,5,incongruent,0.5182353839999999,1,simon
9142,5,incongruent,0.451464639,1,simon
9143,5,congruent,0.401361362,1,simon
9144,5,incongruent,0.401436616,1,simon
9145,5,congruent,0.31787068799999996,1,simon
9146,5,incongruent,0.401429389,1,simon
9147,5,congruent,0.40141695600000005,1,simon
9148,5,incongruent,0.5181641849999999,1,simon
9149,5,incongruent,0.43474897,1,simon
9150,5,incongruent,0.434774116,0,simon
9151,5,congruent,0.518236797,1,simon
9152,5,congruent,0.484765755,1,simon
9153,5,congruent,0.568232526,1,simon
9154,5,congruent,0.434763235,1,simon
9155,5,incongruent,0.48479198,1,simon
9156,5,congruent,0.368036625,1,simon
9157,5,incongruent,0.4014646,1,simon
9158,5,congruent,0.451379798,0,simon
9159,5,congruent,0.5681983380000001,1,simon
9160,5,congruent,0.40146109,1,simon
9161,5,congruent,0.418147385,1,simon
9162,5,incongruent,0.434737879,1,simon
9163,5,incongruent,0.501553617,1,simon
9164,5,congruent,0.40138846,1,simon
9165,5,incongruent,0.5515907059999999,1,simon
9166,5,incongruent,0.501314309,1,simon
9167,5,incongruent,0.434807952,1,simon
9168,5,incongruent,0.518212843,1,simon
9169,5,incongruent,0.484882612,1,simon
9170,5,incongruent,0.434824319,1,simon
9171,5,incongruent,0.451417878,1,simon
9172,5,congruent,0.468173994,1,simon
9173,5,incongruent,0.46803627,1,simon
9174,5,congruent,0.685086007,1,simon
9175,5,incongruent,0.434716237,1,simon
9176,5,incongruent,0.46821966400000004,1,simon
9177,5,incongruent,0.43474430999999997,1,simon
9178,5,incongruent,0.451481698,1,simon
9179,5,incongruent,0.368053753,1,simon
9180,5,incongruent,0.38466402299999997,1,simon
9181,5,incongruent,0.334596135,0,simon
9182,5,congruent,0.41805613799999997,1,simon
9183,5,incongruent,0.41811702100000003,1,simon
9184,5,congruent,0.434654206,1,simon
9185,5,incongruent,0.351278035,1,simon
9186,5,incongruent,0.38468272000000003,1,simon
9187,5,incongruent,0.33465531600000004,1,simon
9188,5,congruent,0.484765757,1,simon
9189,5,incongruent,0.401365111,1,simon
9190,5,congruent,0.36793606999999995,1,simon
9191,5,incongruent,0.351354782,1,simon
9192,5,congruent,0.401377206,1,simon
9193,5,congruent,0.434751735,1,simon
9194,5,congruent,0.36799776300000003,1,simon
9195,5,congruent,0.38475230800000004,1,simon
9196,5,incongruent,0.48479996799999997,1,simon
9197,5,congruent,0.401045484,1,simon
9198,5,congruent,0.38474283800000003,1,simon
9199,5,congruent,0.6015959390000001,1,simon
9200,5,incongruent,0.351241859,0,simon
9201,5,congruent,0.501417274,1,simon
9202,5,congruent,0.5348500239999999,1,simon
9203,5,congruent,0.45145649,1,simon
9204,5,congruent,0.38471328499999996,1,simon
9205,5,incongruent,0.368033774,1,simon
9206,5,incongruent,0.434807304,1,simon
9207,5,congruent,0.351341247,1,simon
9208,5,congruent,0.368005426,1,simon
9209,5,congruent,0.418030255,1,simon
9210,5,incongruent,0.434757363,1,simon
9211,5,incongruent,0.468201945,1,simon
9212,5,congruent,0.434672394,1,simon
9213,5,congruent,0.36807563299999996,0,simon
9214,5,incongruent,0.434816417,1,simon
9215,5,incongruent,0.38478448600000004,1,simon
9216,5,incongruent,0.401302189,1,simon
9217,5,incongruent,0.43479927500000004,1,simon
9218,5,congruent,0.584987304,1,simon
9219,5,incongruent,0.41802282100000004,1,simon
9220,5,congruent,0.418057074,1,simon
9221,5,congruent,0.468134539,1,simon
9222,5,congruent,0.584901079,1,simon
9223,5,congruent,0.334706454,1,simon
9224,5,incongruent,0.434752616,1,simon
9225,5,incongruent,0.501445267,1,simon
9226,5,congruent,0.501454197,1,simon
9227,5,incongruent,0.38468495999999996,1,simon
9228,5,congruent,0.45145646,0,simon
9229,5,incongruent,0.468107444,1,simon
9230,5,incongruent,0.46811224900000004,1,simon
9231,5,incongruent,0.5181834270000001,1,simon
9232,5,incongruent,0.501525366,1,simon
9233,5,incongruent,0.401440936,1,simon
9234,5,congruent,0.501540724,1,simon
9235,5,incongruent,0.384733616,1,simon
9236,5,incongruent,0.368017812,1,simon
9237,5,congruent,0.301232679,1,simon
9238,5,incongruent,0.367976268,1,simon
9239,5,congruent,0.41804291899999996,1,simon
9240,5,congruent,0.384715864,1,simon
9241,5,incongruent,0.368016457,1,simon
9242,5,congruent,0.367928473,1,simon
9243,5,incongruent,0.384660528,1,simon
9244,5,congruent,0.367988312,1,simon
9245,5,incongruent,0.334621253,1,simon
9246,5,incongruent,0.351398476,1,simon
9247,5,congruent,0.33470788,0,simon
9248,5,congruent,0.484830671,0,simon
9249,5,congruent,0.434752254,0,simon
9250,5,congruent,0.5015595620000001,1,simon
9251,5,congruent,0.384695846,1,simon
9252,5,congruent,0.384838114,1,simon
9253,5,incongruent,0.38471923700000005,0,simon
9254,5,congruent,0.434771084,1,simon
9255,5,congruent,0.418167028,1,simon
9256,5,incongruent,0.401308931,1,simon
9257,5,congruent,0.451491938,1,simon
9258,5,congruent,0.334737499,1,simon
9259,5,congruent,0.31791837700000003,1,simon
9260,5,congruent,0.401309,1,simon
9261,5,congruent,0.384775035,1,simon
9262,5,incongruent,0.401344894,1,simon
9263,5,incongruent,0.384742828,0,simon
9264,5,congruent,0.48488626,0,simon
9265,5,incongruent,0.5182310149999999,1,simon
9266,5,incongruent,0.618341701,1,simon
9267,5,incongruent,0.534922452,0,simon
9268,5,congruent,0.468107543,1,simon
9269,5,congruent,0.384677682,1,simon
9270,5,congruent,0.55164948,1,simon
9271,5,congruent,0.518232299,1,simon
9272,5,incongruent,0.384608494,1,simon
9273,5,incongruent,0.367992861,1,simon
9274,5,incongruent,0.468187008,1,simon
9275,5,incongruent,0.55153837,1,simon
9276,5,incongruent,0.384678263,1,simon
9277,5,incongruent,0.418069809,1,simon
9278,5,congruent,0.36798154899999996,1,simon
9279,5,incongruent,0.501448775,1,simon
9280,5,incongruent,0.41808694,1,simon
9281,5,incongruent,0.43481659,1,simon
9282,5,incongruent,0.534907589,1,simon
9283,5,congruent,0.501421678,1,simon
9284,5,incongruent,0.45151797,1,simon
9285,5,congruent,0.434726391,1,simon
9286,5,incongruent,0.468177101,0,simon
9287,5,incongruent,0.484821934,1,simon
9288,5,congruent,0.518175959,1,simon
9289,5,congruent,0.468182333,1,simon
9290,5,incongruent,0.40138419,1,simon
9291,5,incongruent,0.234616798,0,simon
9292,5,incongruent,0.36799464,1,simon
9293,5,incongruent,0.417818016,1,simon
9294,5,congruent,0.40143129299999997,1,simon
9295,5,congruent,0.33459223200000004,1,simon
9296,5,congruent,0.351299372,1,simon
9297,5,incongruent,0.334670835,1,simon
9298,5,incongruent,0.334678741,1,simon
9299,5,incongruent,0.418067674,1,simon
9300,5,incongruent,0.48486254300000003,1,simon
9301,5,incongruent,0.401396379,1,simon
9302,5,congruent,0.43476079700000003,1,simon
9303,5,congruent,0.401400781,1,simon
9304,5,incongruent,0.38476589,1,simon
9305,5,congruent,0.418063938,1,simon
9306,5,congruent,0.451421189,1,simon
9307,5,congruent,0.434815051,1,simon
9308,5,incongruent,0.418047769,1,simon
9309,5,congruent,0.41813101399999997,1,simon
9310,5,congruent,0.38466563400000003,0,simon
9311,5,congruent,0.334638497,1,simon
9312,5,incongruent,0.434786595,1,simon
9313,5,incongruent,0.41774217900000005,1,simon
9314,5,congruent,0.367928804,0,simon
9315,5,incongruent,0.48474382000000005,1,simon
9316,5,congruent,0.41808263599999995,1,simon
9317,5,incongruent,0.384773388,1,simon
9318,5,incongruent,0.368100148,1,simon
9319,5,incongruent,0.384770057,1,simon
9320,5,congruent,0.384734625,1,simon
9321,5,incongruent,0.451434745,1,simon
9322,5,congruent,0.46810463399999996,1,simon
9323,5,incongruent,0.401416496,1,simon
9324,5,congruent,0.40145411400000003,1,simon
9325,5,incongruent,0.45143402,1,simon
9326,5,incongruent,0.43479091599999997,1,simon
9327,5,congruent,0.451464643,1,simon
9328,5,congruent,0.501507434,1,simon
9329,5,congruent,0.701776259,0,simon
9330,5,congruent,0.484873772,1,simon
9331,5,congruent,0.534894091,1,simon
9332,5,incongruent,0.45144075,1,simon
9333,5,incongruent,0.45149127099999997,1,simon
9334,5,congruent,0.584912553,1,simon
9335,5,congruent,0.501539888,1,simon
9336,5,incongruent,0.334422834,0,simon
9337,5,incongruent,0.46816148199999996,1,simon
9338,5,incongruent,0.38473290400000004,1,simon
9339,5,congruent,0.418061008,0,simon
9340,5,incongruent,0.5346995849999999,1,simon
9341,5,congruent,0.484805111,1,simon
9342,5,incongruent,0.368087843,1,simon
9343,5,congruent,0.5849708379999999,1,simon
9344,5,congruent,0.418046378,1,simon
9345,5,incongruent,0.501554011,1,simon
9346,5,congruent,0.501508972,1,simon
9347,5,incongruent,0.534838635,1,simon
9348,5,incongruent,0.36803063100000005,1,simon
9349,5,congruent,0.418059529,1,simon
9350,5,congruent,0.26764659999999996,1,simon
9351,5,incongruent,0.318006238,0,simon
9352,5,congruent,0.368064303,1,simon
9353,5,incongruent,0.334698622,0,simon
9354,5,incongruent,0.418082477,1,simon
9355,5,incongruent,0.401389297,1,simon
9356,5,incongruent,0.40139305799999997,1,simon
9357,5,congruent,0.351303278,1,simon
9358,5,congruent,0.33470410399999995,1,simon
9359,5,congruent,0.334546913,1,simon
9360,5,congruent,0.33464278999999997,1,simon
9361,5,congruent,0.401424096,1,simon
9362,5,congruent,0.384639044,1,simon
9363,5,congruent,0.351297021,1,simon
9364,5,congruent,0.384735765,1,simon
9365,5,congruent,0.45142168299999996,1,simon
9366,5,congruent,0.451457465,0,simon
9367,5,congruent,0.518216095,1,simon
9368,5,incongruent,0.484792395,1,simon
9369,5,congruent,0.7184601249999999,1,simon
9370,5,congruent,0.40138838099999996,1,simon
9371,5,incongruent,0.451466914,0,simon
9372,5,congruent,0.43474643300000004,1,simon
9373,5,incongruent,0.451480769,1,simon
9374,5,congruent,0.451516116,1,simon
9375,5,congruent,0.468113179,1,simon
9376,5,incongruent,0.434503079,1,simon
9377,5,incongruent,0.551568197,1,simon
9378,5,incongruent,0.401394646,1,simon
9379,5,incongruent,0.384756379,1,simon
9380,5,incongruent,0.384698858,1,simon
9381,5,congruent,0.634966776,1,simon
9382,5,congruent,0.651694831,1,simon
9383,5,congruent,0.468057498,1,simon
9384,5,incongruent,0.5516012140000001,1,simon
9385,5,incongruent,0.40146020299999996,1,simon
9386,5,incongruent,0.38468103600000003,1,simon
9387,5,incongruent,0.38465203000000003,1,simon
9388,5,incongruent,0.418104117,1,simon
9389,5,incongruent,0.568282732,1,simon
9390,5,congruent,0.401453481,1,simon
9391,5,incongruent,0.401295844,0,simon
9392,5,congruent,0.384728638,1,simon
9393,5,congruent,0.384766108,1,simon
9394,5,congruent,1.202259624,1,simon
9395,5,incongruent,0.401390455,1,simon
9396,5,incongruent,0.368022468,1,simon
9397,5,incongruent,0.43469802399999996,1,simon
9398,5,incongruent,0.46816364800000004,1,simon
9399,5,incongruent,0.551597735,1,simon
9400,5,incongruent,0.434779068,1,simon
9401,5,congruent,0.401435134,1,simon
9402,5,congruent,0.434751199,1,simon
9403,6,congruent,0.40134091699999996,1,simon
9404,6,incongruent,0.401424847,1,simon
9405,6,incongruent,0.484803873,1,simon
9406,6,congruent,0.41805553900000003,1,simon
9407,6,incongruent,0.518156022,1,simon
9408,6,congruent,0.5182070710000001,1,simon
9409,6,incongruent,0.468106465,1,simon
9410,6,congruent,0.384697047,1,simon
9411,6,incongruent,0.38460099000000003,1,simon
9412,6,incongruent,0.418107072,1,simon
9413,6,incongruent,0.401444291,1,simon
9414,6,incongruent,0.45136956199999995,1,simon
9415,6,congruent,0.434704861,1,simon
9416,6,incongruent,0.484824615,1,simon
9417,6,congruent,0.5181684480000001,1,simon
9418,6,congruent,0.468100654,1,simon
9419,6,congruent,0.367998105,1,simon
9420,6,congruent,0.38477198700000004,1,simon
9421,6,incongruent,0.351284011,0,simon
9422,6,incongruent,0.468092538,1,simon
9423,6,incongruent,0.46813473,1,simon
9424,6,congruent,0.501490733,1,simon
9425,6,congruent,0.36808016600000004,1,simon
9426,6,congruent,0.43473613499999997,1,simon
9427,6,incongruent,0.40141123,1,simon
9428,6,congruent,0.384667371,1,simon
9429,6,incongruent,0.40137260300000005,1,simon
9430,6,congruent,0.5348412100000001,1,simon
9431,6,congruent,0.384682018,1,simon
9432,6,congruent,0.368059697,1,simon
9433,6,congruent,0.38472833900000003,1,simon
9434,6,congruent,0.401413472,1,simon
9435,6,incongruent,0.5182591569999999,1,simon
9436,6,incongruent,0.501484145,1,simon
9437,6,incongruent,0.45142623,1,simon
9438,6,incongruent,0.40136190699999996,1,simon
9439,6,incongruent,0.534955961,1,simon
9440,6,congruent,0.401392456,1,simon
9441,6,incongruent,0.418034609,1,simon
9442,6,incongruent,0.468124025,1,simon
9443,6,incongruent,0.451106741,1,simon
9444,6,congruent,0.584815621,1,simon
9445,6,congruent,0.43480721899999997,1,simon
9446,6,incongruent,0.401448875,1,simon
9447,6,congruent,0.401406015,1,simon
9448,6,congruent,0.401378014,1,simon
9449,6,incongruent,0.46819574199999997,1,simon
9450,6,incongruent,0.418098704,1,simon
9451,6,incongruent,0.368026139,1,simon
9452,6,congruent,0.334660103,1,simon
9453,6,incongruent,0.434775776,1,simon
9454,6,congruent,0.33466360300000003,1,simon
9455,6,congruent,0.351371869,1,simon
9456,6,incongruent,0.384731038,1,simon
9457,6,congruent,0.38463282400000004,1,simon
9458,6,congruent,0.418008099,1,simon
9459,6,incongruent,0.6350407269999999,1,simon
9460,6,incongruent,0.368103481,1,simon
9461,6,incongruent,0.48483048500000003,1,simon
9462,6,congruent,0.468122256,1,simon
9463,6,incongruent,0.584980647,1,simon
9464,6,congruent,0.384752127,1,simon
9465,6,congruent,0.418034653,1,simon
9466,6,incongruent,0.418160355,1,simon
9467,6,congruent,0.768434115,1,simon
9468,6,congruent,0.3680242,1,simon
9469,6,congruent,0.351393661,1,simon
9470,6,congruent,0.35134376900000003,1,simon
9471,6,incongruent,0.401422743,1,simon
9472,6,incongruent,0.501463712,1,simon
9473,6,congruent,0.368090858,1,simon
9474,6,incongruent,0.434629878,1,simon
9475,6,incongruent,0.40135482,1,simon
9476,6,congruent,0.418101534,1,simon
9477,6,congruent,0.38464977,1,simon
9478,6,congruent,0.38466591299999997,1,simon
9479,6,incongruent,0.384745236,1,simon
9480,6,congruent,0.45137197900000003,1,simon
9481,6,incongruent,0.36800624800000004,1,simon
9482,6,congruent,0.384779089,1,simon
9483,6,incongruent,0.334579876,1,simon
9484,6,congruent,0.35136074100000003,1,simon
9485,6,congruent,0.501560959,1,simon
9486,6,incongruent,0.568224129,1,simon
9487,6,incongruent,0.401274492,1,simon
9488,6,congruent,0.43473778900000004,1,simon
9489,6,incongruent,0.50152423,1,simon
9490,6,congruent,0.33470710200000003,1,simon
9491,6,congruent,0.384770794,1,simon
9492,6,incongruent,0.451484738,1,simon
9493,6,congruent,0.351360571,1,simon
9494,6,congruent,0.367771684,1,simon
9495,6,incongruent,0.401418585,1,simon
9496,6,incongruent,0.38466665699999997,1,simon
9497,6,incongruent,0.501514657,1,simon
9498,6,incongruent,0.43481734699999997,1,simon
9499,6,congruent,0.368091554,1,simon
9500,6,incongruent,0.434689117,1,simon
9501,6,congruent,0.534853522,1,simon
9502,6,incongruent,0.5182794669999999,1,simon
9503,6,incongruent,0.384695014,1,simon
9504,6,congruent,0.367898924,1,simon
9505,6,congruent,0.367914657,1,simon
9506,6,incongruent,0.434820984,1,simon
9507,6,congruent,0.384763847,1,simon
9508,6,incongruent,0.40141907400000004,1,simon
9509,6,congruent,0.468082972,1,simon
9510,6,congruent,0.351260003,1,simon
9511,6,congruent,0.33471108600000005,1,simon
9512,6,incongruent,0.518174521,1,simon
9513,6,incongruent,0.31805063899999997,1,simon
9514,6,incongruent,0.368062969,1,simon
9515,6,congruent,0.468173919,1,simon
9516,6,congruent,0.384777052,1,simon
9517,6,incongruent,0.501574164,1,simon
9518,6,congruent,0.368088996,1,simon
9519,6,congruent,0.384672206,1,simon
9520,6,congruent,0.334619966,1,simon
9521,6,incongruent,0.46809216800000003,1,simon
9522,6,incongruent,0.368088245,1,simon
9523,6,incongruent,0.38472618,1,simon
9524,6,congruent,0.384663186,1,simon
9525,6,congruent,0.384785405,1,simon
9526,6,incongruent,0.468099488,1,simon
9527,6,incongruent,0.384593047,1,simon
9528,6,incongruent,0.468042281,1,simon
9529,6,incongruent,0.451398148,1,simon
9530,6,incongruent,0.384754489,1,simon
9531,6,congruent,0.351080988,1,simon
9532,6,congruent,0.368022059,1,simon
9533,6,congruent,0.351275838,1,simon
9534,6,incongruent,0.384771486,1,simon
9535,6,incongruent,0.401372681,1,simon
9536,6,incongruent,0.418118645,1,simon
9537,6,incongruent,0.367966843,1,simon
9538,6,incongruent,0.418041019,1,simon
9539,6,congruent,0.86853518,1,simon
9540,6,congruent,0.401346912,1,simon
9541,6,congruent,0.401385848,1,simon
9542,6,incongruent,0.468094385,1,simon
9543,6,incongruent,0.384756017,1,simon
9544,6,congruent,0.518193078,1,simon
9545,6,congruent,0.518105151,1,simon
9546,6,congruent,0.368000334,1,simon
9547,6,congruent,0.35138222,1,simon
9548,6,congruent,0.41802501999999997,1,simon
9549,6,incongruent,0.551624866,1,simon
9550,6,congruent,0.40141672,1,simon
9551,6,incongruent,0.484768657,1,simon
9552,6,congruent,0.351392866,1,simon
9553,6,incongruent,0.418109472,1,simon
9554,6,incongruent,0.351379143,1,simon
9555,6,incongruent,0.33469001400000004,0,simon
9556,6,congruent,0.451339831,1,simon
9557,6,incongruent,0.46819739499999996,1,simon
9558,6,incongruent,0.484817634,1,simon
9559,6,incongruent,0.40138076,1,simon
9560,6,incongruent,0.384748655,1,simon
9561,6,congruent,0.418064251,1,simon
9562,6,incongruent,0.401350696,1,simon
9563,6,congruent,0.417962813,0,simon
9564,6,incongruent,0.468202768,1,simon
9565,6,congruent,0.40144147700000005,1,simon
9566,6,congruent,0.401353671,1,simon
9567,6,congruent,0.384831734,1,simon
9568,6,incongruent,0.484777842,1,simon
9569,6,congruent,0.368090024,1,simon
9570,6,congruent,0.635043069,1,simon
9571,6,congruent,0.401385703,1,simon
9572,6,congruent,0.46786208599999995,1,simon
9573,6,incongruent,0.43444286699999995,1,simon
9574,6,congruent,0.401438218,1,simon
9575,6,congruent,0.317931317,1,simon
9576,6,incongruent,0.451376918,1,simon
9577,6,congruent,0.367975074,1,simon
9578,6,congruent,0.40138686,1,simon
9579,6,incongruent,0.551462311,1,simon
9580,6,congruent,0.584823803,1,simon
9581,6,incongruent,0.35134101700000003,0,simon
9582,6,incongruent,0.6182790220000001,1,simon
9583,6,incongruent,0.41780585000000003,1,simon
9584,6,incongruent,0.517948726,1,simon
9585,6,incongruent,0.45140816300000003,1,simon
9586,6,congruent,0.668418594,1,simon
9587,6,incongruent,0.468184472,1,simon
9588,6,congruent,0.451431888,1,simon
9589,6,congruent,0.685004543,1,simon
9590,6,congruent,0.351388185,1,simon
9591,6,congruent,0.334698278,1,simon
9592,6,incongruent,0.401380316,0,simon
9593,6,incongruent,0.401347372,1,simon
9594,6,incongruent,0.45148210699999997,1,simon
9595,6,incongruent,0.534829737,1,simon
9596,6,incongruent,0.451494772,1,simon
9597,6,incongruent,0.384755005,1,simon
9598,6,congruent,0.434718551,1,simon
9599,6,congruent,0.35131411,1,simon
9600,6,congruent,0.334591845,1,simon
9601,6,congruent,0.45122563000000004,1,simon
9602,6,incongruent,0.801831634,1,simon
9603,6,congruent,0.434829003,1,simon
9604,6,incongruent,0.451493873,1,simon
9605,6,congruent,0.36806437399999997,1,simon
9606,6,incongruent,0.367998141,1,simon
9607,6,incongruent,0.46808046799999997,1,simon
9608,6,congruent,0.434799226,1,simon
9609,6,incongruent,0.41796234099999996,1,simon
9610,6,congruent,0.384725347,1,simon
9611,6,congruent,0.351375952,1,simon
9612,6,congruent,0.434755251,1,simon
9613,6,incongruent,0.43474730699999997,1,simon
9614,6,congruent,0.51821374,1,simon
9615,6,incongruent,0.518251663,1,simon
9616,6,congruent,0.384688384,1,simon
9617,6,congruent,0.434742407,1,simon
9618,6,incongruent,0.434505272,1,simon
9619,6,incongruent,0.41806651699999997,1,simon
9620,6,incongruent,0.33466710899999996,1,simon
9621,6,incongruent,0.418069018,1,simon
9622,6,congruent,0.417969853,1,simon
9623,6,congruent,0.35133750300000005,1,simon
9624,6,incongruent,0.451466131,1,simon
9625,6,incongruent,0.384727528,1,simon
9626,6,congruent,0.501465583,1,simon
9627,6,congruent,0.38469125400000004,1,simon
9628,6,incongruent,0.384647473,1,simon
9629,6,congruent,0.33466267299999997,1,simon
9630,6,congruent,0.351329387,1,simon
9631,6,incongruent,0.568253845,1,simon
9632,6,congruent,0.40145607899999997,1,simon
9633,6,congruent,0.41779465099999996,1,simon
9634,6,congruent,0.501569601,1,simon
9635,6,congruent,0.3512998,1,simon
9636,6,incongruent,0.46811465900000004,1,simon
9637,6,congruent,0.384694876,1,simon
9638,6,congruent,0.418139359,1,simon
9639,6,incongruent,0.384679416,1,simon
9640,6,congruent,0.38467614,1,simon
9641,6,incongruent,0.501550749,1,simon
9642,6,congruent,0.451438903,1,simon
9643,6,congruent,0.468072214,1,simon
9644,6,incongruent,0.551535124,1,simon
9645,6,congruent,0.38469725699999996,1,simon
9646,6,incongruent,0.434739491,1,simon
9647,6,incongruent,0.41810380199999997,1,simon
9648,6,congruent,0.384652449,0,simon
9649,6,incongruent,0.38462848000000005,1,simon
9650,6,congruent,0.36798755499999997,1,simon
9651,6,congruent,0.401436857,1,simon
9652,6,incongruent,0.41800021600000004,1,simon
9653,6,incongruent,0.384627418,1,simon
9654,6,congruent,0.367997948,1,simon
9655,6,incongruent,0.418076612,1,simon
9656,6,incongruent,0.451413635,1,simon
9657,6,congruent,0.384682714,1,simon
9658,6,congruent,0.401393769,1,simon
9659,6,incongruent,0.401417792,1,simon
9660,6,congruent,0.334669437,1,simon
9661,6,incongruent,0.384457373,1,simon
9662,6,incongruent,0.48485455,1,simon
9663,6,congruent,0.434412757,1,simon
9664,6,incongruent,0.5348048280000001,1,simon
9665,6,congruent,0.384754253,1,simon
9666,6,congruent,0.351337,1,simon
9667,6,incongruent,0.384768693,1,simon
9668,6,incongruent,0.384695444,1,simon
9669,6,congruent,0.418032155,1,simon
9670,6,incongruent,0.384784381,1,simon
9671,6,incongruent,0.418104245,1,simon
9672,6,incongruent,0.38477523,1,simon
9673,6,incongruent,0.45140927599999997,1,simon
9674,6,incongruent,0.334618627,1,simon
9675,6,congruent,0.451471197,1,simon
9676,6,congruent,0.952015257,1,simon
9677,6,incongruent,0.401370453,1,simon
9678,6,congruent,0.31803646500000005,1,simon
9679,6,congruent,0.384660661,1,simon
9680,6,incongruent,0.5515491029999999,1,simon
9681,6,incongruent,0.368072244,1,simon
9682,6,incongruent,0.418090216,1,simon
9683,6,incongruent,0.418136419,1,simon
9684,6,congruent,0.468174231,1,simon
9685,6,incongruent,0.518168964,1,simon
9686,6,congruent,0.301221163,1,simon
9687,6,incongruent,0.584999109,1,simon
9688,6,congruent,0.351325273,1,simon
9689,6,congruent,0.317950968,1,simon
9690,6,congruent,0.251119011,1,simon
9691,6,incongruent,0.384752394,0,simon
9692,6,congruent,0.334620578,1,simon
9693,6,congruent,0.585001219,1,simon
9694,6,incongruent,0.31798915299999997,0,simon
9695,6,incongruent,0.501519562,1,simon
9696,6,congruent,0.41809963499999997,1,simon
9697,6,incongruent,0.418064983,1,simon
9698,6,incongruent,0.35135623099999996,1,simon
9699,6,incongruent,0.38472731099999996,1,simon
9700,6,congruent,0.41813226,1,simon
9701,6,incongruent,0.451400575,1,simon
9702,6,incongruent,0.334689407,1,simon
9703,6,congruent,0.501534628,1,simon
9704,6,incongruent,0.401402512,1,simon
9705,6,incongruent,0.284572553,1,simon
9706,6,incongruent,0.384708747,1,simon
9707,6,incongruent,0.38477956,1,simon
9708,6,congruent,0.384705783,1,simon
9709,6,congruent,0.35124551600000004,1,simon
9710,6,incongruent,0.384726194,1,simon
9711,6,congruent,0.31795937500000004,1,simon
9712,6,congruent,0.384656866,1,simon
9713,6,congruent,0.43473824,1,simon
9714,6,congruent,0.38472178500000004,1,simon
9715,6,congruent,0.368045911,1,simon
9716,6,congruent,0.301348131,1,simon
9717,6,incongruent,0.5348640410000001,1,simon
9718,6,incongruent,0.38468928,1,simon
9719,6,congruent,0.35139666999999997,1,simon
9720,6,congruent,0.368009494,1,simon
9721,6,congruent,0.401418355,1,simon
9722,6,congruent,0.43478689200000004,1,simon
9723,6,congruent,0.36773048199999997,1,simon
9724,6,incongruent,0.351331896,0,simon
9725,6,incongruent,0.418041377,1,simon
9726,6,incongruent,0.384712131,1,simon
9727,6,congruent,0.401367165,1,simon
9728,6,incongruent,0.418141396,1,simon
9729,6,incongruent,0.41808248200000003,1,simon
9730,6,congruent,0.51824289,1,simon
9731,6,incongruent,0.40144295799999996,0,simon
9732,6,incongruent,0.434821789,1,simon
9733,6,congruent,0.41807977599999996,1,simon
9734,6,incongruent,0.418068141,1,simon
9735,6,congruent,0.368008143,1,simon
9736,6,congruent,0.418196183,1,simon
9737,6,incongruent,0.501528317,1,simon
9738,6,incongruent,0.468154899,1,simon
9739,7,congruent,0.751782583,1,simon
9740,7,congruent,0.5015507,1,simon
9741,7,congruent,0.451459151,1,simon
9742,7,incongruent,0.501501775,1,simon
9743,7,congruent,0.384685602,1,simon
9744,7,congruent,0.33470014200000003,1,simon
9745,7,incongruent,0.384776591,1,simon
9746,7,congruent,0.368033846,1,simon
9747,7,incongruent,0.484859346,1,simon
9748,7,incongruent,0.468160706,1,simon
9749,7,incongruent,0.384661442,1,simon
9750,7,incongruent,0.46820248400000003,1,simon
9751,7,congruent,0.318025024,1,simon
9752,7,incongruent,0.384720869,0,simon
9753,7,congruent,0.401420226,1,simon
9754,7,incongruent,0.468166738,1,simon
9755,7,incongruent,0.484743125,1,simon
9756,7,incongruent,0.384730549,1,simon
9757,7,incongruent,0.46812973599999996,1,simon
9758,7,incongruent,0.43482733100000004,1,simon
9759,7,congruent,0.568236482,1,simon
9760,7,incongruent,0.5181751259999999,1,simon
9761,7,congruent,0.351358365,1,simon
9762,7,incongruent,0.401383528,1,simon
9763,7,congruent,0.384647824,1,simon
9764,7,incongruent,0.45119580400000003,1,simon
9765,7,incongruent,0.41806165700000003,1,simon
9766,7,incongruent,0.467811686,1,simon
9767,7,incongruent,0.384753285,1,simon
9768,7,incongruent,0.50148213,1,simon
9769,7,incongruent,0.41777245399999996,1,simon
9770,7,congruent,0.334529339,1,simon
9771,7,incongruent,0.434744225,1,simon
9772,7,incongruent,0.468201182,1,simon
9773,7,congruent,0.351380334,1,simon
9774,7,congruent,0.334658345,1,simon
9775,7,congruent,0.451448303,1,simon
9776,7,incongruent,0.48470692200000004,1,simon
9777,7,congruent,0.368034521,1,simon
9778,7,congruent,0.301255822,1,simon
9779,7,congruent,0.284607543,1,simon
9780,7,incongruent,0.434761231,1,simon
9781,7,congruent,0.284643716,1,simon
9782,7,congruent,0.334621349,1,simon
9783,7,incongruent,0.300949003,1,simon
9784,7,incongruent,0.384658747,1,simon
9785,7,congruent,0.318046286,1,simon
9786,7,congruent,0.418119468,1,simon
9787,7,congruent,0.384778278,1,simon
9788,7,incongruent,0.484865674,1,simon
9789,7,incongruent,0.451477883,1,simon
9790,7,congruent,0.651621022,1,simon
9791,7,congruent,0.38475693,1,simon
9792,7,congruent,0.334623416,1,simon
9793,7,congruent,0.31800106699999997,1,simon
9794,7,congruent,0.417983131,1,simon
9795,7,congruent,0.501572922,1,simon
9796,7,congruent,0.30118720000000004,1,simon
9797,7,incongruent,0.41815258699999996,1,simon
9798,7,incongruent,0.317910418,1,simon
9799,7,incongruent,0.401417315,1,simon
9800,7,incongruent,0.38465670599999996,1,simon
9801,7,incongruent,0.451419552,1,simon
9802,7,incongruent,0.484877424,1,simon
9803,7,incongruent,0.317980983,1,simon
9804,7,congruent,0.367998057,1,simon
9805,7,incongruent,0.45142489799999996,1,simon
9806,7,congruent,0.30125854399999996,1,simon
9807,7,congruent,0.368082949,1,simon
9808,7,congruent,0.317932848,1,simon
9809,7,incongruent,0.451511825,1,simon
9810,7,incongruent,0.30136114300000005,1,simon
9811,7,congruent,0.368141334,0,simon
9812,7,congruent,0.334621327,1,simon
9813,7,incongruent,0.434808764,1,simon
9814,7,congruent,0.5181245290000001,1,simon
9815,7,incongruent,0.401445226,1,simon
9816,7,congruent,0.351281956,1,simon
9817,7,congruent,0.384719559,1,simon
9818,7,incongruent,0.48483156000000005,1,simon
9819,7,incongruent,0.584918582,1,simon
9820,7,congruent,0.351392697,1,simon
9821,7,congruent,0.284641291,1,simon
9822,7,incongruent,0.451451451,1,simon
9823,7,incongruent,0.46815278899999996,1,simon
9824,7,congruent,0.418104916,1,simon
9825,7,congruent,0.35131134100000005,1,simon
9826,7,incongruent,0.451524113,1,simon
9827,7,incongruent,0.267912704,1,simon
9828,7,incongruent,0.451459647,1,simon
9829,7,congruent,0.46820204,1,simon
9830,7,congruent,0.284567904,1,simon
9831,7,incongruent,0.434775429,1,simon
9832,7,incongruent,0.36806240300000004,1,simon
9833,7,incongruent,0.401368017,1,simon
9834,7,incongruent,0.318011711,1,simon
9835,7,congruent,0.551562922,1,simon
9836,7,congruent,0.317652118,1,simon
9837,7,incongruent,0.36803040800000003,1,simon
9838,7,incongruent,0.384735771,1,simon
9839,7,congruent,0.284551791,1,simon
9840,7,congruent,0.334641555,1,simon
9841,7,congruent,0.418143933,1,simon
9842,7,congruent,0.38471773200000003,1,simon
9843,7,congruent,0.317909751,1,simon
9844,7,incongruent,0.468056404,1,simon
9845,7,congruent,0.468192184,1,simon
9846,7,incongruent,0.501578968,1,simon
9847,7,incongruent,0.334721155,1,simon
9848,7,congruent,0.301269893,1,simon
9849,7,congruent,0.35133623799999997,1,simon
9850,7,congruent,0.28465919100000003,1,simon
9851,7,incongruent,0.418032651,1,simon
9852,7,congruent,0.46817208699999996,1,simon
9853,7,incongruent,0.484877407,1,simon
9854,7,congruent,0.451498179,1,simon
9855,7,congruent,0.30125358799999996,1,simon
9856,7,congruent,0.284622953,1,simon
9857,7,congruent,0.334639634,1,simon
9858,7,incongruent,0.384679577,0,simon
9859,7,incongruent,0.384689969,1,simon
9860,7,incongruent,0.51817017,1,simon
9861,7,congruent,0.501415103,1,simon
9862,7,incongruent,0.46816753,1,simon
9863,7,incongruent,0.384673,1,simon
9864,7,congruent,0.585053811,1,simon
9865,7,congruent,0.301306391,1,simon
9866,7,congruent,0.401461073,1,simon
9867,7,incongruent,0.401340312,1,simon
9868,7,incongruent,0.401418928,1,simon
9869,7,congruent,0.38473250400000003,1,simon
9870,7,incongruent,0.401406873,1,simon
9871,7,congruent,0.36797348199999996,1,simon
9872,7,congruent,0.6016444,1,simon
9873,7,congruent,0.434812733,1,simon
9874,7,incongruent,0.40135067700000004,1,simon
9875,7,congruent,0.45141824,1,simon
9876,7,incongruent,0.367993346,1,simon
9877,7,incongruent,0.36813644599999995,1,simon
9878,7,incongruent,0.317773669,0,simon
9879,7,incongruent,0.434788254,1,simon
9880,7,congruent,0.317965732,1,simon
9881,7,incongruent,0.384671109,1,simon
9882,7,incongruent,0.384764563,1,simon
9883,7,incongruent,0.334701671,1,simon
9884,7,incongruent,0.384658266,1,simon
9885,7,congruent,0.318000983,1,simon
9886,7,incongruent,0.384722939,1,simon
9887,7,congruent,0.31803465799999997,1,simon
9888,7,congruent,0.334658864,1,simon
9889,7,congruent,0.334671722,1,simon
9890,7,congruent,0.31794377700000004,1,simon
9891,7,congruent,0.367976808,1,simon
9892,7,congruent,0.368031193,1,simon
9893,7,incongruent,0.351337289,0,simon
9894,7,incongruent,0.43482402000000003,1,simon
9895,7,incongruent,0.351406905,1,simon
9896,7,congruent,0.317939256,1,simon
9897,7,congruent,0.351334026,1,simon
9898,7,congruent,0.251190172,1,simon
9899,7,congruent,0.418072359,1,simon
9900,7,incongruent,0.501497343,1,simon
9901,7,incongruent,0.401455652,1,simon
9902,7,congruent,0.31798338000000004,1,simon
9903,7,incongruent,0.45140218800000004,1,simon
9904,7,incongruent,0.36806816600000003,1,simon
9905,7,congruent,0.35128961,1,simon
9906,7,incongruent,0.451413974,1,simon
9907,7,incongruent,0.43482004999999996,1,simon
9908,7,incongruent,0.368145958,1,simon
9909,7,congruent,0.38478327,1,simon
9910,7,congruent,0.368051545,1,simon
9911,7,congruent,0.351341303,1,simon
9912,7,incongruent,0.31793739499999996,0,simon
9913,7,congruent,0.368052196,1,simon
9914,7,congruent,0.301309559,1,simon
9915,7,incongruent,0.418121674,1,simon
9916,7,incongruent,0.36790777,1,simon
9917,7,congruent,0.451512179,1,simon
9918,7,incongruent,0.401364744,1,simon
9919,7,congruent,0.31789229799999996,1,simon
9920,7,incongruent,0.5182291790000001,1,simon
9921,7,congruent,0.368068351,1,simon
9922,7,incongruent,0.468073255,1,simon
9923,7,congruent,0.317912788,1,simon
9924,7,congruent,0.38467121200000004,1,simon
9925,7,congruent,0.35135210499999997,1,simon
9926,7,congruent,0.317968252,1,simon
9927,7,congruent,0.31799066800000003,1,simon
9928,7,incongruent,0.351331845,1,simon
9929,7,congruent,0.351401865,1,simon
9930,7,incongruent,0.36798846700000004,1,simon
9931,7,incongruent,0.41811285299999995,1,simon
9932,7,congruent,0.468133648,1,simon
9933,7,congruent,0.318035101,1,simon
9934,7,incongruent,0.317998936,0,simon
9935,7,incongruent,0.568186013,1,simon
9936,7,incongruent,0.401414448,1,simon
9937,7,congruent,0.384672663,1,simon
9938,7,congruent,0.334665256,1,simon
9939,7,congruent,0.368056685,1,simon
9940,7,incongruent,0.267614052,0,simon
9941,7,congruent,0.501416569,1,simon
9942,7,congruent,0.317922258,1,simon
9943,7,incongruent,0.468233917,1,simon
9944,7,incongruent,0.33472353,0,simon
9945,7,incongruent,0.601581307,1,simon
9946,7,incongruent,0.401442813,1,simon
9947,7,incongruent,0.401397902,1,simon
9948,7,incongruent,0.7684393669999999,1,simon
9949,7,congruent,0.551535651,1,simon
9950,7,incongruent,0.401349255,1,simon
9951,7,incongruent,0.38468305500000005,1,simon
9952,7,incongruent,0.467779314,1,simon
9953,7,congruent,0.367697593,1,simon
9954,7,incongruent,0.368058931,0,simon
9955,7,incongruent,0.384686391,1,simon
9956,7,congruent,0.451331467,1,simon
9957,7,congruent,0.334667059,1,simon
9958,7,congruent,0.368003202,1,simon
9959,7,incongruent,0.317963021,0,simon
9960,7,incongruent,0.36800353999999996,1,simon
9961,7,congruent,0.384715233,1,simon
9962,7,congruent,0.28461750599999996,1,simon
9963,7,incongruent,0.38466720800000004,1,simon
9964,7,congruent,0.351333467,1,simon
9965,7,incongruent,0.334677237,1,simon
9966,7,incongruent,0.35125164200000003,1,simon
9967,7,incongruent,0.317960953,1,simon
9968,7,congruent,0.36792165899999996,1,simon
9969,7,incongruent,0.418082026,1,simon
9970,7,congruent,0.45151091400000004,1,simon
9971,7,incongruent,0.351356493,0,simon
9972,7,incongruent,0.38468869699999997,1,simon
9973,7,incongruent,0.418037338,1,simon
9974,7,congruent,0.35129709000000003,1,simon
9975,7,incongruent,0.451506891,1,simon
9976,7,congruent,0.418138569,1,simon
9977,7,incongruent,0.401405183,1,simon
9978,7,incongruent,0.36802908300000003,1,simon
9979,7,congruent,0.351345553,1,simon
9980,7,incongruent,0.384712401,1,simon
9981,7,incongruent,0.351332156,1,simon
9982,7,incongruent,0.40140994999999996,1,simon
9983,7,congruent,0.334684971,1,simon
9984,7,incongruent,0.434652287,1,simon
9985,7,congruent,0.334666846,1,simon
9986,7,incongruent,0.418048948,1,simon
9987,7,congruent,0.351395909,1,simon
9988,7,congruent,0.351353261,1,simon
9989,7,incongruent,0.785158067,1,simon
9990,7,congruent,0.368084912,1,simon
9991,7,incongruent,0.351375627,1,simon
9992,7,incongruent,0.351300191,1,simon
9993,7,congruent,0.384700516,1,simon
9994,7,congruent,0.334633177,1,simon
9995,7,congruent,0.368065005,1,simon
9996,7,incongruent,0.41804902600000005,1,simon
9997,7,incongruent,0.38473192,1,simon
9998,7,congruent,0.418055383,1,simon
9999,7,incongruent,0.434789148,1,simon
10000,7,congruent,0.384433331,1,simon
10001,7,congruent,0.401415343,1,simon
10002,7,congruent,0.38473341699999997,1,simon
10003,7,congruent,0.367956785,1,simon
10004,7,incongruent,0.317971853,0,simon
10005,7,congruent,0.351395096,1,simon
10006,7,incongruent,0.41808712200000003,1,simon
10007,7,congruent,0.334569558,1,simon
10008,7,congruent,0.368063985,1,simon
10009,7,incongruent,0.468168982,1,simon
10010,7,congruent,0.4680804,1,simon
10011,7,incongruent,0.434714916,1,simon
10012,7,incongruent,0.451454351,1,simon
10013,7,incongruent,0.434793354,1,simon
10014,7,congruent,0.43479931299999997,1,simon
10015,7,congruent,0.334632044,1,simon
10016,7,congruent,0.317971804,1,simon
10017,7,congruent,0.30130222300000004,1,simon
10018,7,congruent,0.351332077,1,simon
10019,7,incongruent,0.41813205,1,simon
10020,7,incongruent,0.40146045199999997,1,simon
10021,7,congruent,0.41814926100000005,1,simon
10022,7,congruent,0.334705894,1,simon
10023,7,congruent,0.368022281,1,simon
10024,7,congruent,0.367990136,1,simon
10025,7,incongruent,0.43483247799999997,1,simon
10026,7,congruent,0.317950866,1,simon
10027,7,incongruent,0.318026798,0,simon
10028,7,congruent,0.33462188800000003,1,simon
10029,7,incongruent,0.434762152,1,simon
10030,7,incongruent,0.401415039,1,simon
10031,7,incongruent,0.351289334,1,simon
10032,7,incongruent,0.351343715,1,simon
10033,7,congruent,0.46808104500000003,1,simon
10034,7,congruent,0.38473204600000005,1,simon
10035,7,incongruent,0.584913369,1,simon
10036,7,incongruent,0.367987032,1,simon
10037,7,congruent,0.501466999,1,simon
10038,7,congruent,0.367927376,1,simon
10039,7,incongruent,0.48488892600000005,1,simon
10040,7,incongruent,0.401443685,1,simon
10041,7,congruent,0.36806389300000003,1,simon
10042,7,congruent,0.35132256100000003,1,simon
10043,7,incongruent,0.484820751,1,simon
10044,7,congruent,0.334690467,1,simon
10045,7,incongruent,0.368026289,1,simon
10046,7,congruent,0.384698896,1,simon
10047,7,congruent,0.41801160800000003,1,simon
10048,7,congruent,0.368059589,1,simon
10049,7,congruent,0.368088992,1,simon
10050,7,congruent,0.351319373,1,simon
10051,7,incongruent,0.434509545,1,simon
10052,7,incongruent,0.401410448,1,simon
10053,7,congruent,0.35136388599999996,1,simon
10054,7,congruent,0.31798285,1,simon
10055,7,congruent,0.317938877,1,simon
10056,7,congruent,0.351380852,1,simon
10057,7,congruent,0.31798948,1,simon
10058,7,incongruent,0.43472465499999996,1,simon
10059,7,congruent,0.284567609,1,simon
10060,7,incongruent,0.35125185,1,simon
10061,7,incongruent,0.518198843,1,simon
10062,7,congruent,0.501493434,1,simon
10063,7,incongruent,0.684992231,1,simon
10064,7,congruent,0.33471666699999997,1,simon
10065,7,congruent,0.367997815,1,simon
10066,7,incongruent,0.317997259,1,simon
10067,7,congruent,0.367989038,1,simon
10068,7,incongruent,0.35137957799999997,0,simon
10069,7,incongruent,0.451448597,1,simon
10070,7,incongruent,0.418047838,1,simon
10071,7,incongruent,0.468135063,1,simon
10072,7,incongruent,0.384597353,1,simon
10073,7,incongruent,0.351324253,1,simon
10074,7,incongruent,0.36802277,1,simon
10075,8,congruent,0.43475558200000003,1,simon
10076,8,incongruent,0.434778824,1,simon
10077,8,congruent,0.318005643,1,simon
10078,8,incongruent,0.35136530299999996,1,simon
10079,8,incongruent,0.334680244,0,simon
10080,8,incongruent,0.468093641,1,simon
10081,8,incongruent,0.401120225,1,simon
10082,8,incongruent,0.384777133,1,simon
10083,8,incongruent,0.418093368,1,simon
10084,8,congruent,0.36809130599999995,1,simon
10085,8,incongruent,0.418106293,1,simon
10086,8,congruent,0.317995811,1,simon
10087,8,incongruent,0.401463527,1,simon
10088,8,incongruent,0.351260627,1,simon
10089,8,congruent,0.38464157,1,simon
10090,8,incongruent,0.418060606,1,simon
10091,8,congruent,0.334577181,1,simon
10092,8,congruent,0.351353977,1,simon
10093,8,incongruent,0.401434518,1,simon
10094,8,congruent,0.351201552,1,simon
10095,8,incongruent,0.40139784300000003,1,simon
10096,8,congruent,0.36799944799999995,1,simon
10097,8,congruent,0.48481052799999996,1,simon
10098,8,incongruent,0.43482603599999997,1,simon
10099,8,congruent,0.38475608499999997,1,simon
10100,8,congruent,0.367977928,1,simon
10101,8,incongruent,0.36799854800000004,1,simon
10102,8,incongruent,0.367995207,1,simon
10103,8,congruent,0.551459924,1,simon
10104,8,incongruent,0.418077134,1,simon
10105,8,congruent,0.384737709,1,simon
10106,8,incongruent,0.451431894,1,simon
10107,8,incongruent,0.38466791100000003,1,simon
10108,8,congruent,0.368011376,0,simon
10109,8,incongruent,0.7016865729999999,1,simon
10110,8,congruent,0.401346825,1,simon
10111,8,congruent,0.334673027,1,simon
10112,8,congruent,0.317877529,1,simon
10113,8,incongruent,0.367983247,0,simon
10114,8,congruent,0.401376094,1,simon
10115,8,incongruent,0.468176936,1,simon
10116,8,congruent,0.3679092,1,simon
10117,8,congruent,0.36798481600000005,1,simon
10118,8,incongruent,0.35135819300000004,0,simon
10119,8,congruent,0.351283554,1,simon
10120,8,incongruent,0.434724554,1,simon
10121,8,congruent,0.38474309,1,simon
10122,8,congruent,0.38473359599999996,1,simon
10123,8,incongruent,0.551543251,1,simon
10124,8,congruent,0.368004648,1,simon
10125,8,incongruent,0.367997175,1,simon
10126,8,congruent,0.401341249,1,simon
10127,8,congruent,0.367973428,1,simon
10128,8,incongruent,0.38468669699999997,1,simon
10129,8,incongruent,0.40142128200000005,1,simon
10130,8,congruent,0.434741522,1,simon
10131,8,incongruent,0.40146054,1,simon
10132,8,congruent,0.384636527,1,simon
10133,8,congruent,0.334695511,1,simon
10134,8,congruent,0.318007498,1,simon
10135,8,congruent,0.384720665,1,simon
10136,8,incongruent,0.384714817,1,simon
10137,8,congruent,0.351400207,1,simon
10138,8,incongruent,0.368077116,1,simon
10139,8,incongruent,0.40141817300000004,1,simon
10140,8,congruent,0.30129908899999996,1,simon
10141,8,congruent,0.30127421299999996,1,simon
10142,8,congruent,0.26790179000000003,1,simon
10143,8,incongruent,0.33466278899999996,0,simon
10144,8,congruent,0.318002036,1,simon
10145,8,congruent,0.301285508,1,simon
10146,8,incongruent,0.38471817199999997,1,simon
10147,8,incongruent,0.401345975,1,simon
10148,8,congruent,0.384623112,1,simon
10149,8,congruent,0.367716251,1,simon
10150,8,congruent,0.334729405,1,simon
10151,8,incongruent,0.418058201,1,simon
10152,8,incongruent,0.36803329100000004,1,simon
10153,8,incongruent,0.41809405600000005,1,simon
10154,8,congruent,0.351264248,1,simon
10155,8,incongruent,0.384710749,1,simon
10156,8,incongruent,0.36805204199999997,1,simon
10157,8,congruent,0.334658095,1,simon
10158,8,incongruent,0.418055446,1,simon
10159,8,congruent,0.368094163,1,simon
10160,8,congruent,0.401416883,1,simon
10161,8,incongruent,0.401457562,1,simon
10162,8,incongruent,0.38469714299999996,1,simon
10163,8,incongruent,0.451133861,1,simon
10164,8,incongruent,0.41813980700000003,1,simon
10165,8,incongruent,0.368074635,1,simon
10166,8,incongruent,0.41799369999999997,1,simon
10167,8,incongruent,0.334646373,1,simon
10168,8,incongruent,0.40136718000000005,1,simon
10169,8,congruent,0.351287318,1,simon
10170,8,incongruent,0.334621717,0,simon
10171,8,congruent,0.351292367,1,simon
10172,8,congruent,0.401351609,1,simon
10173,8,incongruent,0.518203489,1,simon
10174,8,incongruent,0.451501987,1,simon
10175,8,congruent,0.41803437200000004,1,simon
10176,8,congruent,0.384742432,1,simon
10177,8,congruent,0.368046072,1,simon
10178,8,congruent,0.368044015,1,simon
10179,8,incongruent,0.43472589,1,simon
10180,8,congruent,0.334742529,1,simon
10181,8,incongruent,0.401382725,1,simon
10182,8,congruent,0.334593116,1,simon
10183,8,incongruent,0.434731157,1,simon
10184,8,congruent,0.351345616,1,simon
10185,8,incongruent,0.534889579,1,simon
10186,8,congruent,0.45151441,1,simon
10187,8,congruent,0.351268081,1,simon
10188,8,incongruent,0.434759424,1,simon
10189,8,congruent,0.33451081499999996,1,simon
10190,8,incongruent,0.418072334,1,simon
10191,8,incongruent,0.384708392,1,simon
10192,8,incongruent,0.46799956200000004,1,simon
10193,8,incongruent,0.35124645400000004,1,simon
10194,8,incongruent,0.36798908799999996,1,simon
10195,8,incongruent,0.418066809,1,simon
10196,8,congruent,0.351337992,1,simon
10197,8,congruent,0.384763299,1,simon
10198,8,incongruent,0.451472714,1,simon
10199,8,congruent,0.36800311399999996,1,simon
10200,8,congruent,0.36808875,1,simon
10201,8,incongruent,0.434822649,1,simon
10202,8,incongruent,0.401348918,1,simon
10203,8,incongruent,0.401429192,1,simon
10204,8,incongruent,0.384753782,1,simon
10205,8,incongruent,0.417986543,1,simon
10206,8,incongruent,0.384755503,1,simon
10207,8,congruent,0.451437734,1,simon
10208,8,congruent,0.334574458,1,simon
10209,8,incongruent,0.38465749,1,simon
10210,8,congruent,0.401443495,1,simon
10211,8,incongruent,0.317999641,0,simon
10212,8,incongruent,0.401446629,1,simon
10213,8,congruent,0.367918742,1,simon
10214,8,congruent,0.351349292,0,simon
10215,8,congruent,0.43482615700000005,1,simon
10216,8,incongruent,0.418088522,1,simon
10217,8,incongruent,0.334593685,1,simon
10218,8,incongruent,0.401459118,1,simon
10219,8,congruent,0.41803696,1,simon
10220,8,congruent,0.301261598,1,simon
10221,8,incongruent,0.41803242,1,simon
10222,8,congruent,0.351354041,1,simon
10223,8,congruent,0.301264096,1,simon
10224,8,congruent,0.301179712,1,simon
10225,8,congruent,0.40139349900000004,1,simon
10226,8,congruent,0.351359563,1,simon
10227,8,congruent,0.301234647,1,simon
10228,8,congruent,0.317927381,1,simon
10229,8,incongruent,0.384639277,1,simon
10230,8,congruent,0.35128636799999996,1,simon
10231,8,incongruent,0.40137546300000004,1,simon
10232,8,congruent,0.301321316,1,simon
10233,8,congruent,0.35137230399999997,1,simon
10234,8,congruent,0.284554555,1,simon
10235,8,incongruent,0.401417128,1,simon
10236,8,congruent,0.35133564100000003,1,simon
10237,8,incongruent,0.40139847500000003,1,simon
10238,8,incongruent,0.434782713,1,simon
10239,8,incongruent,0.38471340800000003,1,simon
10240,8,congruent,0.35138662,1,simon
10241,8,incongruent,0.401340544,1,simon
10242,8,congruent,0.40145702899999997,1,simon
10243,8,incongruent,0.384714155,1,simon
10244,8,incongruent,0.417970806,1,simon
10245,8,congruent,0.36806959499999997,0,simon
10246,8,congruent,0.33463891,1,simon
10247,8,incongruent,0.367838979,0,simon
10248,8,congruent,0.334614249,1,simon
10249,8,congruent,0.317966061,1,simon
10250,8,congruent,0.368061509,1,simon
10251,8,incongruent,0.367970323,1,simon
10252,8,incongruent,0.384686594,1,simon
10253,8,incongruent,0.418083861,1,simon
10254,8,incongruent,0.41802650799999996,1,simon
10255,8,congruent,0.40138601599999996,1,simon
10256,8,congruent,0.36801803,1,simon
10257,8,congruent,0.301154311,1,simon
10258,8,incongruent,0.38474665399999997,1,simon
10259,8,congruent,0.30126486599999996,1,simon
10260,8,congruent,0.301245828,1,simon
10261,8,congruent,0.334640374,1,simon
10262,8,congruent,0.367984281,1,simon
10263,8,incongruent,0.367996207,1,simon
10264,8,incongruent,0.38473186,1,simon
10265,8,congruent,0.301243561,1,simon
10266,8,congruent,0.251221766,1,simon
10267,8,congruent,0.36801005600000003,1,simon
10268,8,incongruent,0.30127516200000004,0,simon
10269,8,congruent,0.334648014,1,simon
10270,8,incongruent,0.384688326,1,simon
10271,8,congruent,0.318018906,1,simon
10272,8,incongruent,0.551535524,1,simon
10273,8,congruent,0.38470134899999997,1,simon
10274,8,congruent,0.368003476,1,simon
10275,8,congruent,0.35136771800000005,1,simon
10276,8,incongruent,0.38470457599999996,1,simon
10277,8,incongruent,0.401391624,1,simon
10278,8,incongruent,0.368001603,1,simon
10279,8,congruent,0.368054462,1,simon
10280,8,incongruent,0.40143438099999995,1,simon
10281,8,congruent,0.38472423,1,simon
10282,8,congruent,0.351310558,1,simon
10283,8,incongruent,0.41772692100000003,1,simon
10284,8,incongruent,0.451440481,1,simon
10285,8,congruent,0.35132275900000004,1,simon
10286,8,incongruent,0.451453671,1,simon
10287,8,congruent,0.318020372,1,simon
10288,8,incongruent,0.401397443,1,simon
10289,8,congruent,0.31793426199999997,1,simon
10290,8,congruent,0.284626014,1,simon
10291,8,incongruent,0.384678694,1,simon
10292,8,incongruent,0.301243072,1,simon
10293,8,incongruent,0.518181523,1,simon
10294,8,incongruent,0.384684549,1,simon
10295,8,congruent,0.501547801,1,simon
10296,8,incongruent,0.434675224,1,simon
10297,8,incongruent,0.38471376700000004,1,simon
10298,8,incongruent,0.40145176600000004,1,simon
10299,8,congruent,0.368026229,1,simon
10300,8,incongruent,0.334663344,0,simon
10301,8,congruent,0.351248753,1,simon
10302,8,congruent,0.35137757399999997,1,simon
10303,8,congruent,0.351394024,1,simon
10304,8,congruent,0.334687915,1,simon
10305,8,congruent,0.384738647,1,simon
10306,8,congruent,0.33464568100000003,1,simon
10307,8,congruent,0.468212137,1,simon
10308,8,incongruent,0.434759737,1,simon
10309,8,congruent,0.351279291,1,simon
10310,8,incongruent,0.401394583,1,simon
10311,8,incongruent,0.368084957,1,simon
10312,8,incongruent,0.35120039200000003,1,simon
10313,8,incongruent,0.5348946019999999,1,simon
10314,8,congruent,0.334682824,1,simon
10315,8,incongruent,0.36810315400000004,1,simon
10316,8,incongruent,0.38465122,1,simon
10317,8,incongruent,0.33472492,1,simon
10318,8,congruent,0.401368176,1,simon
10319,8,incongruent,0.351328661,1,simon
10320,8,congruent,0.334598617,1,simon
10321,8,incongruent,0.351004683,1,simon
10322,8,congruent,0.351377281,1,simon
10323,8,incongruent,0.401415398,1,simon
10324,8,incongruent,0.384703405,1,simon
10325,8,incongruent,0.41805584599999995,1,simon
10326,8,congruent,0.568270226,1,simon
10327,8,congruent,0.301278296,1,simon
10328,8,incongruent,0.3347251,1,simon
10329,8,incongruent,0.384706615,1,simon
10330,8,congruent,0.35140505,1,simon
10331,8,congruent,0.351307496,1,simon
10332,8,congruent,0.401384433,1,simon
10333,8,congruent,0.284602219,1,simon
10334,8,incongruent,0.40144547599999997,1,simon
10335,8,incongruent,0.351343,1,simon
10336,8,congruent,0.28455174299999997,1,simon
10337,8,congruent,0.31790389900000005,1,simon
10338,8,incongruent,0.284585627,0,simon
10339,8,incongruent,0.468165933,1,simon
10340,8,incongruent,0.317991929,1,simon
10341,8,incongruent,0.384668131,1,simon
10342,8,congruent,0.3345534,1,simon
10343,8,incongruent,0.417972537,1,simon
10344,8,congruent,0.368064169,1,simon
10345,8,incongruent,0.38443428599999996,1,simon
10346,8,incongruent,0.351249972,1,simon
10347,8,congruent,0.351401854,1,simon
10348,8,incongruent,0.384719358,1,simon
10349,8,congruent,0.317888964,1,simon
10350,8,congruent,0.334639898,1,simon
10351,8,congruent,0.33465724399999996,1,simon
10352,8,incongruent,0.551541619,1,simon
10353,8,congruent,0.368063238,1,simon
10354,8,incongruent,0.41814275700000003,1,simon
10355,8,congruent,0.417957454,1,simon
10356,8,congruent,0.40139792,1,simon
10357,8,incongruent,0.41801562999999997,1,simon
10358,8,congruent,0.36795813600000005,1,simon
10359,8,incongruent,0.418116275,1,simon
10360,8,incongruent,0.35130170800000005,1,simon
10361,8,incongruent,0.351286423,1,simon
10362,8,incongruent,0.368039867,1,simon
10363,8,incongruent,0.384683738,1,simon
10364,8,congruent,0.401322981,1,simon
10365,8,congruent,0.31794226,1,simon
10366,8,congruent,0.33462975699999997,1,simon
10367,8,incongruent,0.368020826,0,simon
10368,8,incongruent,0.351390126,1,simon
10369,8,incongruent,0.368037601,1,simon
10370,8,incongruent,0.451488209,1,simon
10371,8,congruent,0.518240985,1,simon
10372,8,incongruent,0.5182171600000001,1,simon
10373,8,incongruent,0.38476226,1,simon
10374,8,congruent,0.3680498,1,simon
10375,8,incongruent,0.451455672,1,simon
10376,8,congruent,0.351353657,1,simon
10377,8,congruent,0.367989356,1,simon
10378,8,incongruent,0.401399034,1,simon
10379,8,incongruent,0.368045007,1,simon
10380,8,incongruent,0.33459191800000004,1,simon
10381,8,congruent,0.334675738,1,simon
10382,8,incongruent,0.41812606199999997,1,simon
10383,8,congruent,0.351350548,1,simon
10384,8,incongruent,0.368028665,1,simon
10385,8,incongruent,0.43478116699999997,1,simon
10386,8,incongruent,0.317944827,0,simon
10387,8,congruent,0.401471043,1,simon
10388,8,incongruent,0.334643207,0,simon
10389,8,congruent,0.351316352,1,simon
10390,8,congruent,0.33462628699999997,1,simon
10391,8,congruent,0.334594208,1,simon
10392,8,congruent,0.368024689,1,simon
10393,8,congruent,0.368015069,1,simon
10394,8,congruent,0.334638462,1,simon
10395,8,incongruent,0.36797660200000004,0,simon
10396,8,incongruent,0.38462597699999995,1,simon
10397,8,incongruent,0.434777694,1,simon
10398,8,congruent,0.301295215,1,simon
10399,8,incongruent,0.401292079,1,simon
10400,8,congruent,0.334646505,1,simon
10401,8,congruent,0.401455507,1,simon
10402,8,congruent,0.351312638,1,simon
10403,8,incongruent,0.384710989,1,simon
10404,8,congruent,0.301327424,1,simon
10405,8,congruent,0.334651692,1,simon
10406,8,congruent,0.35133268500000003,1,simon
10407,8,incongruent,0.334708936,0,simon
10408,8,congruent,0.351384919,1,simon
10409,8,incongruent,0.434771047,1,simon
10410,8,congruent,0.351359882,1,simon
10411,9,incongruent,0.618372136,1,simon
10412,9,congruent,0.434791053,1,simon
10413,9,incongruent,0.451454441,1,simon
10414,9,incongruent,0.434776421,1,simon
10415,9,congruent,0.518166466,1,simon
10416,9,incongruent,0.46810907700000004,1,simon
10417,9,congruent,0.401425342,1,simon
10418,9,congruent,0.351297019,1,simon
10419,9,incongruent,0.41800268599999996,1,simon
10420,9,congruent,0.401324611,1,simon
10421,9,congruent,0.468151546,1,simon
10422,9,congruent,0.367985079,1,simon
10423,9,congruent,0.451451283,1,simon
10424,9,incongruent,0.501554026,1,simon
10425,9,congruent,0.551552468,1,simon
10426,9,incongruent,0.434776623,1,simon
10427,9,congruent,0.43476741700000004,1,simon
10428,9,congruent,0.384762463,1,simon
10429,9,congruent,0.384744937,1,simon
10430,9,congruent,0.384647109,1,simon
10431,9,congruent,0.45140619400000004,1,simon
10432,9,congruent,0.41805942599999996,1,simon
10433,9,incongruent,0.48478020600000005,1,simon
10434,9,incongruent,0.351233641,1,simon
10435,9,incongruent,0.48479287499999996,1,simon
10436,9,incongruent,0.518228106,1,simon
10437,9,incongruent,0.451471474,1,simon
10438,9,congruent,0.501501529,0,simon
10439,9,incongruent,0.6349913239999999,1,simon
10440,9,incongruent,0.61825847,1,simon
10441,9,incongruent,0.484791739,1,simon
10442,9,incongruent,0.418030534,1,simon
10443,9,incongruent,0.401367291,1,simon
10444,9,incongruent,0.501485558,0,simon
10445,9,incongruent,0.651647101,1,simon
10446,9,incongruent,0.501482446,1,simon
10447,9,incongruent,1.002102195,1,simon
10448,9,congruent,0.468168225,1,simon
10449,9,incongruent,0.635030356,1,simon
10450,9,incongruent,0.451470955,1,simon
10451,9,incongruent,0.418130426,1,simon
10452,9,congruent,0.451413455,1,simon
10453,9,incongruent,0.534900613,1,simon
10454,9,incongruent,0.468142002,1,simon
10455,9,congruent,0.384768011,1,simon
10456,9,congruent,0.48480447400000004,1,simon
10457,9,congruent,0.468135511,1,simon
10458,9,congruent,0.401438573,1,simon
10459,9,incongruent,0.551509739,1,simon
10460,9,congruent,0.46811373900000003,1,simon
10461,9,congruent,0.434799688,1,simon
10462,9,incongruent,0.48482664799999997,1,simon
10463,9,congruent,0.46818,1,simon
10464,9,congruent,0.568265625,1,simon
10465,9,congruent,0.368001258,1,simon
10466,9,congruent,0.484890847,1,simon
10467,9,congruent,0.751811106,1,simon
10468,9,congruent,0.468117076,1,simon
10469,9,incongruent,0.367998968,1,simon
10470,9,incongruent,0.401400702,1,simon
10471,9,incongruent,0.518226235,1,simon
10472,9,congruent,1.052155309,1,simon
10473,9,incongruent,0.618331361,1,simon
10474,9,congruent,0.48484269,1,simon
10475,9,congruent,0.43453891499999997,1,simon
10476,9,congruent,0.368012361,1,simon
10477,9,congruent,0.351386435,1,simon
10478,9,incongruent,0.5182030590000001,1,simon
10479,9,congruent,0.418041025,1,simon
10480,9,incongruent,0.751746407,1,simon
10481,9,congruent,0.35129785500000005,1,simon
10482,9,congruent,0.418064274,1,simon
10483,9,congruent,0.46821027099999996,1,simon
10484,9,congruent,0.384711738,1,simon
10485,9,congruent,0.46794303000000004,1,simon
10486,9,congruent,0.418112011,1,simon
10487,9,incongruent,0.434705225,1,simon
10488,9,congruent,0.46788869299999997,1,simon
10489,9,incongruent,0.48469221599999995,0,simon
10490,9,incongruent,0.501575736,1,simon
10491,9,incongruent,0.351304346,1,simon
10492,9,congruent,0.334318672,1,simon
10493,9,congruent,0.35131121000000004,1,simon
10494,9,incongruent,0.401398578,1,simon
10495,9,congruent,0.351300386,1,simon
10496,9,incongruent,0.518165354,1,simon
10497,9,congruent,0.40143767,1,simon
10498,9,incongruent,0.418088368,0,simon
10499,9,incongruent,0.5182217100000001,1,simon
10500,9,congruent,0.38472683799999996,1,simon
10501,9,congruent,0.384582058,1,simon
10502,9,incongruent,0.518226858,1,simon
10503,9,congruent,0.434805766,1,simon
10504,9,congruent,0.568314839,1,simon
10505,9,congruent,0.417974725,1,simon
10506,9,incongruent,0.434886555,1,simon
10507,9,congruent,0.418109268,1,simon
10508,9,incongruent,0.501525185,1,simon
10509,9,incongruent,0.36796598,1,simon
10510,9,incongruent,0.468189344,1,simon
10511,9,incongruent,0.418141483,1,simon
10512,9,incongruent,0.317949513,1,simon
10513,9,incongruent,0.518150738,1,simon
10514,9,incongruent,0.50152996,1,simon
10515,9,incongruent,0.935359693,1,simon
10516,9,congruent,0.484784175,1,simon
10517,9,congruent,0.418068214,1,simon
10518,9,incongruent,0.35138137399999997,1,simon
10519,9,incongruent,0.468177754,1,simon
10520,9,congruent,0.467805255,1,simon
10521,9,incongruent,0.35140739200000004,1,simon
10522,9,incongruent,0.284575098,1,simon
10523,9,congruent,0.518240459,1,simon
10524,9,congruent,0.334561883,1,simon
10525,9,congruent,0.28461932100000004,1,simon
10526,9,congruent,0.334685921,1,simon
10527,9,incongruent,0.451473948,1,simon
10528,9,congruent,0.48479921000000004,1,simon
10529,9,incongruent,0.651723859,1,simon
10530,9,congruent,0.434747993,1,simon
10531,9,congruent,0.618185748,1,simon
10532,9,congruent,0.334693223,1,simon
10533,9,congruent,0.317975487,1,simon
10534,9,incongruent,0.6016203090000001,1,simon
10535,9,congruent,0.551627986,1,simon
10536,9,congruent,0.367922075,1,simon
10537,9,incongruent,0.434791705,1,simon
10538,9,incongruent,0.368040927,1,simon
10539,9,congruent,0.317966995,1,simon
10540,9,congruent,0.384726634,1,simon
10541,9,congruent,0.75180064,1,simon
10542,9,congruent,0.301253897,1,simon
10543,9,congruent,0.28458580499999997,1,simon
10544,9,congruent,0.267934885,1,simon
10545,9,incongruent,0.41795739400000004,1,simon
10546,9,congruent,0.418096519,1,simon
10547,9,congruent,0.434769639,1,simon
10548,9,incongruent,0.434720078,1,simon
10549,9,incongruent,0.35137323600000003,1,simon
10550,9,incongruent,0.384679906,1,simon
10551,9,incongruent,0.5349267959999999,1,simon
10552,9,incongruent,0.418131194,1,simon
10553,9,congruent,0.351385944,1,simon
10554,9,incongruent,0.33459042,1,simon
10555,9,incongruent,0.334600846,1,simon
10556,9,incongruent,0.38467592100000003,1,simon
10557,9,incongruent,0.43479,1,simon
10558,9,incongruent,0.351349336,1,simon
10559,9,congruent,0.601599343,1,simon
10560,9,incongruent,0.434778906,1,simon
10561,9,incongruent,0.434737396,1,simon
10562,9,incongruent,0.501439767,1,simon
10563,9,incongruent,0.35130216400000003,1,simon
10564,9,incongruent,0.36796419300000005,1,simon
10565,9,congruent,0.5514459789999999,1,simon
10566,9,congruent,0.45145197200000003,1,simon
10567,9,congruent,0.334716719,1,simon
10568,9,incongruent,0.5181717730000001,1,simon
10569,9,incongruent,0.384631504,1,simon
10570,9,incongruent,0.351129118,1,simon
10571,9,incongruent,0.418153934,1,simon
10572,9,incongruent,0.401117262,1,simon
10573,9,incongruent,0.351450223,1,simon
10574,9,congruent,0.418069988,1,simon
10575,9,congruent,0.46818878999999997,1,simon
10576,9,congruent,0.551592658,1,simon
10577,9,congruent,0.418088583,1,simon
10578,9,incongruent,0.451416838,1,simon
10579,9,incongruent,0.48486113799999997,1,simon
10580,9,incongruent,0.351365356,1,simon
10581,9,congruent,0.434808747,1,simon
10582,9,congruent,0.35134519599999997,1,simon
10583,9,incongruent,0.43484254499999997,1,simon
10584,9,incongruent,0.41806843600000004,1,simon
10585,9,incongruent,0.31796789999999997,1,simon
10586,9,congruent,0.434796558,1,simon
10587,9,congruent,0.41806402800000003,1,simon
10588,9,incongruent,0.48488822800000003,0,simon
10589,9,congruent,0.801851267,1,simon
10590,9,congruent,0.317980995,1,simon
10591,9,congruent,0.301202388,1,simon
10592,9,congruent,0.26796714200000005,1,simon
10593,9,congruent,0.23460018500000002,1,simon
10594,9,incongruent,0.468158101,1,simon
10595,9,congruent,0.45150029,1,simon
10596,9,incongruent,0.668381379,1,simon
10597,9,incongruent,0.33459700600000003,1,simon
10598,9,incongruent,0.334671405,1,simon
10599,9,congruent,0.418105099,0,simon
10600,9,congruent,0.351314322,1,simon
10601,9,congruent,0.501524308,1,simon
10602,9,congruent,0.451451449,1,simon
10603,9,incongruent,0.484834322,1,simon
10604,9,incongruent,0.451456953,1,simon
10605,9,congruent,0.501524765,0,simon
10606,9,incongruent,0.5849292110000001,1,simon
10607,9,incongruent,0.501530252,1,simon
10608,9,congruent,0.484835557,1,simon
10609,9,incongruent,0.484815451,1,simon
10610,9,congruent,0.568190719,0,simon
10611,9,incongruent,0.9185709550000001,1,simon
10612,9,congruent,0.451486761,1,simon
10613,9,incongruent,0.785138106,1,simon
10614,9,congruent,0.45140657,1,simon
10615,9,incongruent,0.38472088200000004,1,simon
10616,9,congruent,0.451383468,1,simon
10617,9,incongruent,0.45149267600000004,1,simon
10618,9,incongruent,0.434836383,1,simon
10619,9,congruent,0.518160386,0,simon
10620,9,incongruent,1.118925988,1,simon
10621,9,incongruent,0.584965973,1,simon
10622,9,incongruent,0.484834427,1,simon
10623,9,incongruent,0.418144426,1,simon
10624,9,congruent,0.5182095849999999,1,simon
10625,9,incongruent,0.418110817,1,simon
10626,9,congruent,0.43478894300000004,1,simon
10627,9,incongruent,0.36803976,1,simon
10628,9,incongruent,0.43475864799999997,1,simon
10629,9,congruent,0.5013788180000001,0,simon
10630,9,incongruent,0.685062066,1,simon
10631,9,congruent,0.468147025,1,simon
10632,9,congruent,1.2022695,1,simon
10633,9,congruent,0.43483635099999995,1,simon
10634,9,congruent,0.5681211039999999,1,simon
10635,9,incongruent,0.81857515,1,simon
10636,9,congruent,0.367960503,1,simon
10637,9,incongruent,0.31799402099999996,1,simon
10638,9,congruent,0.418124418,1,simon
10639,9,congruent,0.5849310910000001,1,simon
10640,9,congruent,0.434764633,1,simon
10641,9,incongruent,0.351371032,1,simon
10642,9,incongruent,0.451455123,1,simon
10643,9,congruent,0.401447491,1,simon
10644,9,incongruent,0.718379291,1,simon
10645,9,incongruent,0.418023637,1,simon
10646,9,congruent,0.43476937299999996,1,simon
10647,9,incongruent,0.451459613,1,simon
10648,9,congruent,0.384757097,1,simon
10649,9,incongruent,0.401387875,1,simon
10650,9,incongruent,0.451415136,1,simon
10651,9,congruent,0.451457176,1,simon
10652,9,incongruent,0.518246327,1,simon
10653,9,incongruent,0.468107983,1,simon
10654,9,incongruent,0.38471424200000004,1,simon
10655,9,incongruent,0.35132388600000003,1,simon
10656,9,congruent,0.451446109,1,simon
10657,9,congruent,0.451464181,1,simon
10658,9,congruent,0.384701282,1,simon
10659,9,incongruent,0.534821942,1,simon
10660,9,incongruent,0.534796637,1,simon
10661,9,congruent,0.418127984,0,simon
10662,9,incongruent,0.451496003,1,simon
10663,9,incongruent,0.317911826,1,simon
10664,9,incongruent,0.334736447,1,simon
10665,9,congruent,0.368036704,1,simon
10666,9,congruent,0.40141693900000003,1,simon
10667,9,incongruent,0.568232219,1,simon
10668,9,incongruent,0.367989549,1,simon
10669,9,congruent,0.351334496,1,simon
10670,9,incongruent,0.401436445,1,simon
10671,9,incongruent,0.468108763,1,simon
10672,9,congruent,0.43478630399999996,1,simon
10673,9,congruent,0.48484481599999996,1,simon
10674,9,congruent,0.41812210499999997,1,simon
10675,9,congruent,0.401446345,1,simon
10676,9,congruent,0.434722143,1,simon
10677,9,congruent,0.317980871,1,simon
10678,9,congruent,0.434694438,1,simon
10679,9,congruent,0.384681594,1,simon
10680,9,incongruent,0.484780174,1,simon
10681,9,congruent,0.60163936,1,simon
10682,9,incongruent,0.418126267,1,simon
10683,9,congruent,0.35132548100000005,1,simon
10684,9,congruent,0.367748747,1,simon
10685,9,incongruent,0.418077169,1,simon
10686,9,congruent,0.5181287109999999,1,simon
10687,9,congruent,0.334627428,1,simon
10688,9,incongruent,0.434745162,1,simon
10689,9,incongruent,0.384751711,1,simon
10690,9,incongruent,0.351303284,1,simon
10691,9,congruent,0.468175312,1,simon
10692,9,incongruent,0.518066758,1,simon
10693,9,congruent,0.35131472,1,simon
10694,9,congruent,0.31796270800000004,1,simon
10695,9,congruent,0.384656388,1,simon
10696,9,incongruent,0.351296179,1,simon
10697,9,incongruent,0.368052053,1,simon
10698,9,congruent,0.401275834,1,simon
10699,9,incongruent,0.401445802,0,simon
10700,9,incongruent,0.484785028,1,simon
10701,9,incongruent,0.351336113,1,simon
10702,9,incongruent,0.45148925700000003,1,simon
10703,9,congruent,0.351302257,1,simon
10704,9,congruent,0.43477206,1,simon
10705,9,congruent,0.318047044,1,simon
10706,9,congruent,0.501552438,1,simon
10707,9,congruent,0.418076066,1,simon
10708,9,incongruent,0.41805571300000005,1,simon
10709,9,incongruent,0.418042421,1,simon
10710,9,incongruent,0.384781726,0,simon
10711,9,congruent,0.768468629,1,simon
10712,9,congruent,0.40132545399999997,1,simon
10713,9,congruent,0.501573259,1,simon
10714,9,incongruent,0.484807579,1,simon
10715,9,incongruent,0.401421922,1,simon
10716,9,congruent,0.401436418,1,simon
10717,9,congruent,0.384748816,1,simon
10718,9,incongruent,0.351341292,1,simon
10719,9,incongruent,0.317919813,1,simon
10720,9,congruent,0.40136048399999996,1,simon
10721,9,congruent,0.384701014,1,simon
10722,9,congruent,0.451416907,1,simon
10723,9,incongruent,0.30127263,1,simon
10724,9,incongruent,0.5681535400000001,1,simon
10725,9,congruent,0.35136833100000003,1,simon
10726,9,incongruent,0.451464961,1,simon
10727,9,incongruent,0.33470533799999996,1,simon
10728,9,incongruent,0.36802115199999996,1,simon
10729,9,congruent,0.45151888500000004,1,simon
10730,9,incongruent,0.41811698,1,simon
10731,9,incongruent,0.384743613,1,simon
10732,9,congruent,0.38475426599999996,1,simon
10733,9,incongruent,0.351301709,1,simon
10734,9,incongruent,0.384759168,1,simon
10735,9,congruent,0.651737675,1,simon
10736,9,congruent,0.3179843,1,simon
10737,9,congruent,0.317912822,1,simon
10738,9,incongruent,0.45143967700000004,1,simon
10739,9,incongruent,0.434813018,1,simon
10740,9,congruent,0.36804641600000004,1,simon
10741,9,incongruent,0.38477941800000004,1,simon
10742,9,congruent,0.568209204,1,simon
10743,9,congruent,0.30125761999999995,1,simon
10744,9,congruent,0.401423537,1,simon
10745,9,incongruent,0.368049815,0,simon
10746,9,incongruent,0.45143513,1,simon
